Bin Location,Zone,Aisle,Description
A01A001,Ambient,A01,"Ambient Rack 01, Level: A, Position # 001 -  Front"
A01A003,Ambient,A01,"Ambient Rack 01, Level: A, Position # 003 -  Front"
A01A005,Ambient,A01,"Ambient Rack 01, Level: A, Position # 005 -  Front"
A01A007,Ambient,A01,"Ambient Rack 01, Level: A, Position # 007 -  Front"
A01A009,Ambient,A01,"Ambient Rack 01, Level: A, Position # 009 -  Front"
A01A011,Ambient,A01,"Ambient Rack 01, Level: A, Position # 011 -  Front"
A01A013,Ambient,A01,"Ambient Rack 01, Level: A, Position # 013 -  Front"
A01A015,Ambient,A01,"Ambient Rack 01, Level: A, Position # 015 -  Front"
A01A017,Ambient,A01,"Ambient Rack 01, Level: A, Position # 017 -  Front"
A01A019,Ambient,A01,"Ambient Rack 01, Level: A, Position # 019 -  Front"
A01A021,Ambient,A01,"Ambient Rack 01, Level: A, Position # 021 -  Front"
A01A023,Ambient,A01,"Ambient Rack 01, Level: A, Position # 023 -  Front"
A01A025,Ambient,A01,"Ambient Rack 01, Level: A, Position # 025 -  Front"
A01A027,Ambient,A01,"Ambient Rack 01, Level: A, Position # 027 -  Front"
A01A029,Ambient,A01,"Ambient Rack 01, Level: A, Position # 029 -  Front"
A01A031,Ambient,A01,"Ambient Rack 01, Level: A, Position # 031 -  Front"
A01A033,Ambient,A01,"Ambient Rack 01, Level: A, Position # 033 -  Front"
A01A035,Ambient,A01,"Ambient Rack 01, Level: A, Position # 035 -  Front"
A01A037,Ambient,A01,"Ambient Rack 01, Level: A, Position # 037 -  Front"
A01A039,Ambient,A01,"Ambient Rack 01, Level: A, Position # 039 -  Front"
A01A041,Ambient,A01,"Ambient Rack 01, Level: A, Position # 041 -  Front"
A01A043,Ambient,A01,"Ambient Rack 01, Level: A, Position # 043 -  Front"
A01B001,Ambient,A01,"Ambient Rack 01, Level: B, Position # 001 -  Front"
A01B003,Ambient,A01,"Ambient Rack 01, Level: B, Position # 003 -  Front"
A01B005,Ambient,A01,"Ambient Rack 01, Level: B, Position # 005 -  Front"
A01B007,Ambient,A01,"Ambient Rack 01, Level: B, Position # 007 -  Front"
A01B009,Ambient,A01,"Ambient Rack 01, Level: B, Position # 009 -  Front"
A01B011,Ambient,A01,"Ambient Rack 01, Level: B, Position # 011 -  Front"
A01B013,Ambient,A01,"Ambient Rack 01, Level: B, Position # 013 -  Front"
A01B015,Ambient,A01,"Ambient Rack 01, Level: B, Position # 015 -  Front"
A01B017,Ambient,A01,"Ambient Rack 01, Level: B, Position # 017 -  Front"
A01B019,Ambient,A01,"Ambient Rack 01, Level: B, Position # 019 -  Front"
A01B021,Ambient,A01,"Ambient Rack 01, Level: B, Position # 021 -  Front"
A01B023,Ambient,A01,"Ambient Rack 01, Level: B, Position # 023 -  Front"
A01B025,Ambient,A01,"Ambient Rack 01, Level: B, Position # 025 -  Front"
A01B027,Ambient,A01,"Ambient Rack 01, Level: B, Position # 027 -  Front"
A01B029,Ambient,A01,"Ambient Rack 01, Level: B, Position # 029 -  Front"
A01B031,Ambient,A01,"Ambient Rack 01, Level: B, Position # 031 -  Front"
A01B033,Ambient,A01,"Ambient Rack 01, Level: B, Position # 033 -  Front"
A01B035,Ambient,A01,"Ambient Rack 01, Level: B, Position # 035 -  Front"
A01B037,Ambient,A01,"Ambient Rack 01, Level: B, Position # 037 -  Front"
A01B039,Ambient,A01,"Ambient Rack 01, Level: B, Position # 039 -  Front"
A01B041,Ambient,A01,"Ambient Rack 01, Level: B, Position # 041 -  Front"
A01B043,Ambient,A01,"Ambient Rack 01, Level: B, Position # 043 -  Front"
A01C001,Ambient,A01,"Ambient Rack 01, Level: C, Position # 001 -  Front"
A01C003,Ambient,A01,"Ambient Rack 01, Level: C, Position # 003 -  Front"
A01C005,Ambient,A01,"Ambient Rack 01, Level: C, Position # 005 -  Front"
A01C007,Ambient,A01,"Ambient Rack 01, Level: C, Position # 007 -  Front"
A01C009,Ambient,A01,"Ambient Rack 01, Level: C, Position # 009 -  Front"
A01C011,Ambient,A01,"Ambient Rack 01, Level: C, Position # 011 -  Front"
A01C013,Ambient,A01,"Ambient Rack 01, Level: C, Position # 013 -  Front"
A01C015,Ambient,A01,"Ambient Rack 01, Level: C, Position # 015 -  Front"
A01C017,Ambient,A01,"Ambient Rack 01, Level: C, Position # 017 -  Front"
A01C019,Ambient,A01,"Ambient Rack 01, Level: C, Position # 019 -  Front"
A01C021,Ambient,A01,"Ambient Rack 01, Level: C, Position # 021 -  Front"
A01C023,Ambient,A01,"Ambient Rack 01, Level: C, Position # 023 -  Front"
A01C025,Ambient,A01,"Ambient Rack 01, Level: C, Position # 025 -  Front"
A01C027,Ambient,A01,"Ambient Rack 01, Level: C, Position # 027 -  Front"
A01C029,Ambient,A01,"Ambient Rack 01, Level: C, Position # 029 -  Front"
A01C031,Ambient,A01,"Ambient Rack 01, Level: C, Position # 031 -  Front"
A01C033,Ambient,A01,"Ambient Rack 01, Level: C, Position # 033 -  Front"
A01C035,Ambient,A01,"Ambient Rack 01, Level: C, Position # 035 -  Front"
A01C037,Ambient,A01,"Ambient Rack 01, Level: C, Position # 037 -  Front"
A01C039,Ambient,A01,"Ambient Rack 01, Level: C, Position # 039 -  Front"
A01C041,Ambient,A01,"Ambient Rack 01, Level: C, Position # 041 -  Front"
A01C043,Ambient,A01,"Ambient Rack 01, Level: C, Position # 043 -  Front"
A01D001,Ambient,A01,"Ambient Rack 01, Level: D, Position # 001 -  Front"
A01D003,Ambient,A01,"Ambient Rack 01, Level: D, Position # 003 -  Front"
A01D005,Ambient,A01,"Ambient Rack 01, Level: D, Position # 005 -  Front"
A01D007,Ambient,A01,"Ambient Rack 01, Level: D, Position # 007 -  Front"
A01D009,Ambient,A01,"Ambient Rack 01, Level: D, Position # 009 -  Front"
A01D011,Ambient,A01,"Ambient Rack 01, Level: D, Position # 011 -  Front"
A01D013,Ambient,A01,"Ambient Rack 01, Level: D, Position # 013 -  Front"
A01D015,Ambient,A01,"Ambient Rack 01, Level: D, Position # 015 -  Front"
A01D017,Ambient,A01,"Ambient Rack 01, Level: D, Position # 017 -  Front"
A01D019,Ambient,A01,"Ambient Rack 01, Level: D, Position # 019 -  Front"
A01D021,Ambient,A01,"Ambient Rack 01, Level: D, Position # 021 -  Front"
A01D023,Ambient,A01,"Ambient Rack 01, Level: D, Position # 023 -  Front"
A01D025,Ambient,A01,"Ambient Rack 01, Level: D, Position # 025 -  Front"
A01D027,Ambient,A01,"Ambient Rack 01, Level: D, Position # 027 -  Front"
A01D029,Ambient,A01,"Ambient Rack 01, Level: D, Position # 029 -  Front"
A01D031,Ambient,A01,"Ambient Rack 01, Level: D, Position # 031 -  Front"
A01D033,Ambient,A01,"Ambient Rack 01, Level: D, Position # 033 -  Front"
A01D035,Ambient,A01,"Ambient Rack 01, Level: D, Position # 035 -  Front"
A01D037,Ambient,A01,"Ambient Rack 01, Level: D, Position # 037 -  Front"
A01D039,Ambient,A01,"Ambient Rack 01, Level: D, Position # 039 -  Front"
A01D041,Ambient,A01,"Ambient Rack 01, Level: D, Position # 041 -  Front"
A01D043,Ambient,A01,"Ambient Rack 01, Level: D, Position # 043 -  Front"
A01E001,Ambient,A01,"Ambient Rack 01, Level: E, Position # 001 -  Front"
A01E003,Ambient,A01,"Ambient Rack 01, Level: E, Position # 003 -  Front"
A01E005,Ambient,A01,"Ambient Rack 01, Level: E, Position # 005 -  Front"
A01E007,Ambient,A01,"Ambient Rack 01, Level: E, Position # 007 -  Front"
A01E009,Ambient,A01,"Ambient Rack 01, Level: E, Position # 009 -  Front"
A01E011,Ambient,A01,"Ambient Rack 01, Level: E, Position # 011 -  Front"
A01E013,Ambient,A01,"Ambient Rack 01, Level: E, Position # 013 -  Front"
A01E015,Ambient,A01,"Ambient Rack 01, Level: E, Position # 015 -  Front"
A01E017,Ambient,A01,"Ambient Rack 01, Level: E, Position # 017 -  Front"
A01E019,Ambient,A01,"Ambient Rack 01, Level: E, Position # 019 -  Front"
A01E021,Ambient,A01,"Ambient Rack 01, Level: E, Position # 021 -  Front"
A01E023,Ambient,A01,"Ambient Rack 01, Level: E, Position # 023 -  Front"
A01E025,Ambient,A01,"Ambient Rack 01, Level: E, Position # 025 -  Front"
A01E027,Ambient,A01,"Ambient Rack 01, Level: E, Position # 027 -  Front"
A01E029,Ambient,A01,"Ambient Rack 01, Level: E, Position # 029 -  Front"
A01E031,Ambient,A01,"Ambient Rack 01, Level: E, Position # 031 -  Front"
A01E033,Ambient,A01,"Ambient Rack 01, Level: E, Position # 033 -  Front"
A01E035,Ambient,A01,"Ambient Rack 01, Level: E, Position # 035 -  Front"
A01E037,Ambient,A01,"Ambient Rack 01, Level: E, Position # 037 -  Front"
A01E039,Ambient,A01,"Ambient Rack 01, Level: E, Position # 039 -  Front"
A01E041,Ambient,A01,"Ambient Rack 01, Level: E, Position # 041 -  Front"
A01E043,Ambient,A01,"Ambient Rack 01, Level: E, Position # 043 -  Front"
A01F001,Ambient,A01,"Ambient Rack 01, Level: F, Position # 001 -  Front"
A01F003,Ambient,A01,"Ambient Rack 01, Level: F, Position # 003 -  Front"
A01F005,Ambient,A01,"Ambient Rack 01, Level: F, Position # 005 -  Front"
A01F007,Ambient,A01,"Ambient Rack 01, Level: F, Position # 007 -  Front"
A01F009,Ambient,A01,"Ambient Rack 01, Level: F, Position # 009 -  Front"
A01F011,Ambient,A01,"Ambient Rack 01, Level: F, Position # 011 -  Front"
A01F013,Ambient,A01,"Ambient Rack 01, Level: F, Position # 013 -  Front"
A01F015,Ambient,A01,"Ambient Rack 01, Level: F, Position # 015 -  Front"
A01F017,Ambient,A01,"Ambient Rack 01, Level: F, Position # 017 -  Front"
A01F019,Ambient,A01,"Ambient Rack 01, Level: F, Position # 019 -  Front"
A01F021,Ambient,A01,"Ambient Rack 01, Level: F, Position # 021 -  Front"
A01F023,Ambient,A01,"Ambient Rack 01, Level: F, Position # 023 -  Front"
A01F025,Ambient,A01,"Ambient Rack 01, Level: F, Position # 025 -  Front"
A01F027,Ambient,A01,"Ambient Rack 01, Level: F, Position # 027 -  Front"
A01F029,Ambient,A01,"Ambient Rack 01, Level: F, Position # 029 -  Front"
A01F031,Ambient,A01,"Ambient Rack 01, Level: F, Position # 031 -  Front"
A01F033,Ambient,A01,"Ambient Rack 01, Level: F, Position # 033 -  Front"
A01F035,Ambient,A01,"Ambient Rack 01, Level: F, Position # 035 -  Front"
A01F037,Ambient,A01,"Ambient Rack 01, Level: F, Position # 037 -  Front"
A01F039,Ambient,A01,"Ambient Rack 01, Level: F, Position # 039 -  Front"
A01F041,Ambient,A01,"Ambient Rack 01, Level: F, Position # 041 -  Front"
A01F043,Ambient,A01,"Ambient Rack 01, Level: F, Position # 043 -  Front"
A02A001,Ambient,A02,"Ambient Rack 02, Level: A, Position # 001 -  Front"
A02A002,Ambient,A02,"Ambient Rack 02, Level: A, Position # 002 -  Back"
A02A003,Ambient,A02,"Ambient Rack 02, Level: A, Position # 003 -  Front"
A02A004,Ambient,A02,"Ambient Rack 02, Level: A, Position # 004 -  Back"
A02A005,Ambient,A02,"Ambient Rack 02, Level: A, Position # 005 -  Front"
A02A006,Ambient,A02,"Ambient Rack 02, Level: A, Position # 006 -  Back"
A02A007,Ambient,A02,"Ambient Rack 02, Level: A, Position # 007 -  Front"
A02A008,Ambient,A02,"Ambient Rack 02, Level: A, Position # 008 -  Back"
A02A015,Ambient,A02,"Ambient Rack 02, Level: A, Position # 015 -  Front"
A02A016,Ambient,A02,"Ambient Rack 02, Level: A, Position # 016 -  Back"
A02A017,Ambient,A02,"Ambient Rack 02, Level: A, Position # 017 -  Front"
A02A018,Ambient,A02,"Ambient Rack 02, Level: A, Position # 018 -  Back"
A02A019,Ambient,A02,"Ambient Rack 02, Level: A, Position # 019 -  Front"
A02A020,Ambient,A02,"Ambient Rack 02, Level: A, Position # 020 -  Back"
A02A021,Ambient,A02,"Ambient Rack 02, Level: A, Position # 021 -  Front"
A02A022,Ambient,A02,"Ambient Rack 02, Level: A, Position # 022 -  Back"
A02A023,Ambient,A02,"Ambient Rack 02, Level: A, Position # 023 -  Front"
A02A024,Ambient,A02,"Ambient Rack 02, Level: A, Position # 024 -  Back"
A02A025,Ambient,A02,"Ambient Rack 02, Level: A, Position # 025 -  Front"
A02A026,Ambient,A02,"Ambient Rack 02, Level: A, Position # 026 -  Back"
A02A027,Ambient,A02,"Ambient Rack 02, Level: A, Position # 027 -  Front"
A02A028,Ambient,A02,"Ambient Rack 02, Level: A, Position # 028 -  Back"
A02A029,Ambient,A02,"Ambient Rack 02, Level: A, Position # 029 -  Front"
A02A030,Ambient,A02,"Ambient Rack 02, Level: A, Position # 030 -  Back"
A02A031,Ambient,A02,"Ambient Rack 02, Level: A, Position # 031 -  Front"
A02A032,Ambient,A02,"Ambient Rack 02, Level: A, Position # 032 -  Back"
A02A033,Ambient,A02,"Ambient Rack 02, Level: A, Position # 033 -  Front"
A02A034,Ambient,A02,"Ambient Rack 02, Level: A, Position # 034 -  Back"
A02A035,Ambient,A02,"Ambient Rack 02, Level: A, Position # 035 -  Front"
A02A036,Ambient,A02,"Ambient Rack 02, Level: A, Position # 036 -  Back"
A02A037,Ambient,A02,"Ambient Rack 02, Level: A, Position # 037 -  Front"
A02A038,Ambient,A02,"Ambient Rack 02, Level: A, Position # 038 -  Back"
A02A039,Ambient,A02,"Ambient Rack 02, Level: A, Position # 039 -  Front"
A02A040,Ambient,A02,"Ambient Rack 02, Level: A, Position # 040 -  Back"
A02A041,Ambient,A02,"Ambient Rack 02, Level: A, Position # 041 -  Front"
A02A042,Ambient,A02,"Ambient Rack 02, Level: A, Position # 042 -  Back"
A02A043,Ambient,A02,"Ambient Rack 02, Level: A, Position # 043 -  Front"
A02A044,Ambient,A02,"Ambient Rack 02, Level: A, Position # 044 -  Back"
A02A045,Ambient,A02,"Ambient Rack 02, Level: A, Position # 045 -  Front"
A02A046,Ambient,A02,"Ambient Rack 02, Level: A, Position # 046 -  Back"
A02B001,Ambient,A02,"Ambient Rack 02, Level: B, Position # 001 -  Front"
A02B002,Ambient,A02,"Ambient Rack 02, Level: B, Position # 002 -  Back"
A02B003,Ambient,A02,"Ambient Rack 02, Level: B, Position # 003 -  Front"
A02B004,Ambient,A02,"Ambient Rack 02, Level: B, Position # 004 -  Back"
A02B005,Ambient,A02,"Ambient Rack 02, Level: B, Position # 005 -  Front"
A02B006,Ambient,A02,"Ambient Rack 02, Level: B, Position # 006 -  Back"
A02B007,Ambient,A02,"Ambient Rack 02, Level: B, Position # 007 -  Front"
A02B008,Ambient,A02,"Ambient Rack 02, Level: B, Position # 008 -  Back"
A02B015,Ambient,A02,"Ambient Rack 02, Level: B, Position # 015 -  Front"
A02B016,Ambient,A02,"Ambient Rack 02, Level: B, Position # 016 -  Back"
A02B017,Ambient,A02,"Ambient Rack 02, Level: B, Position # 017 -  Front"
A02B018,Ambient,A02,"Ambient Rack 02, Level: B, Position # 018 -  Back"
A02B019,Ambient,A02,"Ambient Rack 02, Level: B, Position # 019 -  Front"
A02B020,Ambient,A02,"Ambient Rack 02, Level: B, Position # 020 -  Back"
A02B021,Ambient,A02,"Ambient Rack 02, Level: B, Position # 021 -  Front"
A02B022,Ambient,A02,"Ambient Rack 02, Level: B, Position # 022 -  Back"
A02B023,Ambient,A02,"Ambient Rack 02, Level: B, Position # 023 -  Front"
A02B024,Ambient,A02,"Ambient Rack 02, Level: B, Position # 024 -  Back"
A02B025,Ambient,A02,"Ambient Rack 02, Level: B, Position # 025 -  Front"
A02B026,Ambient,A02,"Ambient Rack 02, Level: B, Position # 026 -  Back"
A02B027,Ambient,A02,"Ambient Rack 02, Level: B, Position # 027 -  Front"
A02B028,Ambient,A02,"Ambient Rack 02, Level: B, Position # 028 -  Back"
A02B029,Ambient,A02,"Ambient Rack 02, Level: B, Position # 029 -  Front"
A02B030,Ambient,A02,"Ambient Rack 02, Level: B, Position # 030 -  Back"
A02B031,Ambient,A02,"Ambient Rack 02, Level: B, Position # 031 -  Front"
A02B032,Ambient,A02,"Ambient Rack 02, Level: B, Position # 032 -  Back"
A02B033,Ambient,A02,"Ambient Rack 02, Level: B, Position # 033 -  Front"
A02B034,Ambient,A02,"Ambient Rack 02, Level: B, Position # 034 -  Back"
A02B035,Ambient,A02,"Ambient Rack 02, Level: B, Position # 035 -  Front"
A02B036,Ambient,A02,"Ambient Rack 02, Level: B, Position # 036 -  Back"
A02B037,Ambient,A02,"Ambient Rack 02, Level: B, Position # 037 -  Front"
A02B038,Ambient,A02,"Ambient Rack 02, Level: B, Position # 038 -  Back"
A02B039,Ambient,A02,"Ambient Rack 02, Level: B, Position # 039 -  Front"
A02B040,Ambient,A02,"Ambient Rack 02, Level: B, Position # 040 -  Back"
A02B041,Ambient,A02,"Ambient Rack 02, Level: B, Position # 041 -  Front"
A02B042,Ambient,A02,"Ambient Rack 02, Level: B, Position # 042 -  Back"
A02B043,Ambient,A02,"Ambient Rack 02, Level: B, Position # 043 -  Front"
A02B044,Ambient,A02,"Ambient Rack 02, Level: B, Position # 044 -  Back"
A02B045,Ambient,A02,"Ambient Rack 02, Level: B, Position # 045 -  Front"
A02B046,Ambient,A02,"Ambient Rack 02, Level: B, Position # 046 -  Back"
A02C001,Ambient,A02,"Ambient Rack 02, Level: C, Position # 001 -  Front"
A02C002,Ambient,A02,"Ambient Rack 02, Level: C, Position # 002 -  Back"
A02C003,Ambient,A02,"Ambient Rack 02, Level: C, Position # 003 -  Front"
A02C004,Ambient,A02,"Ambient Rack 02, Level: C, Position # 004 -  Back"
A02C005,Ambient,A02,"Ambient Rack 02, Level: C, Position # 005 -  Front"
A02C006,Ambient,A02,"Ambient Rack 02, Level: C, Position # 006 -  Back"
A02C007,Ambient,A02,"Ambient Rack 02, Level: C, Position # 007 -  Front"
A02C008,Ambient,A02,"Ambient Rack 02, Level: C, Position # 008 -  Back"
A02C015,Ambient,A02,"Ambient Rack 02, Level: C, Position # 015 -  Front"
A02C016,Ambient,A02,"Ambient Rack 02, Level: C, Position # 016 -  Back"
A02C017,Ambient,A02,"Ambient Rack 02, Level: C, Position # 017 -  Front"
A02C018,Ambient,A02,"Ambient Rack 02, Level: C, Position # 018 -  Back"
A02C019,Ambient,A02,"Ambient Rack 02, Level: C, Position # 019 -  Front"
A02C020,Ambient,A02,"Ambient Rack 02, Level: C, Position # 020 -  Back"
A02C021,Ambient,A02,"Ambient Rack 02, Level: C, Position # 021 -  Front"
A02C022,Ambient,A02,"Ambient Rack 02, Level: C, Position # 022 -  Back"
A02C023,Ambient,A02,"Ambient Rack 02, Level: C, Position # 023 -  Front"
A02C024,Ambient,A02,"Ambient Rack 02, Level: C, Position # 024 -  Back"
A02C025,Ambient,A02,"Ambient Rack 02, Level: C, Position # 025 -  Front"
A02C026,Ambient,A02,"Ambient Rack 02, Level: C, Position # 026 -  Back"
A02C027,Ambient,A02,"Ambient Rack 02, Level: C, Position # 027 -  Front"
A02C028,Ambient,A02,"Ambient Rack 02, Level: C, Position # 028 -  Back"
A02C029,Ambient,A02,"Ambient Rack 02, Level: C, Position # 029 -  Front"
A02C030,Ambient,A02,"Ambient Rack 02, Level: C, Position # 030 -  Back"
A02C031,Ambient,A02,"Ambient Rack 02, Level: C, Position # 031 -  Front"
A02C032,Ambient,A02,"Ambient Rack 02, Level: C, Position # 032 -  Back"
A02C033,Ambient,A02,"Ambient Rack 02, Level: C, Position # 033 -  Front"
A02C034,Ambient,A02,"Ambient Rack 02, Level: C, Position # 034 -  Back"
A02C035,Ambient,A02,"Ambient Rack 02, Level: C, Position # 035 -  Front"
A02C036,Ambient,A02,"Ambient Rack 02, Level: C, Position # 036 -  Back"
A02C037,Ambient,A02,"Ambient Rack 02, Level: C, Position # 037 -  Front"
A02C038,Ambient,A02,"Ambient Rack 02, Level: C, Position # 038 -  Back"
A02C039,Ambient,A02,"Ambient Rack 02, Level: C, Position # 039 -  Front"
A02C040,Ambient,A02,"Ambient Rack 02, Level: C, Position # 040 -  Back"
A02C041,Ambient,A02,"Ambient Rack 02, Level: C, Position # 041 -  Front"
A02C042,Ambient,A02,"Ambient Rack 02, Level: C, Position # 042 -  Back"
A02C043,Ambient,A02,"Ambient Rack 02, Level: C, Position # 043 -  Front"
A02C044,Ambient,A02,"Ambient Rack 02, Level: C, Position # 044 -  Back"
A02C045,Ambient,A02,"Ambient Rack 02, Level: C, Position # 045 -  Front"
A02C046,Ambient,A02,"Ambient Rack 02, Level: C, Position # 046 -  Back"
A02D001,Ambient,A02,"Ambient Rack 02, Level: D, Position # 001 -  Front"
A02D002,Ambient,A02,"Ambient Rack 02, Level: D, Position # 002 -  Back"
A02D003,Ambient,A02,"Ambient Rack 02, Level: D, Position # 003 -  Front"
A02D004,Ambient,A02,"Ambient Rack 02, Level: D, Position # 004 -  Back"
A02D005,Ambient,A02,"Ambient Rack 02, Level: D, Position # 005 -  Front"
A02D006,Ambient,A02,"Ambient Rack 02, Level: D, Position # 006 -  Back"
A02D007,Ambient,A02,"Ambient Rack 02, Level: D, Position # 007 -  Front"
A02D008,Ambient,A02,"Ambient Rack 02, Level: D, Position # 008 -  Back"
A02D009,Ambient,A02,"Ambient Rack 02, Level: D, Position # 009 -  Front"
A02D010,Ambient,A02,"Ambient Rack 02, Level: D, Position # 010 -  Back"
A02D011,Ambient,A02,"Ambient Rack 02, Level: D, Position # 011 -  Front"
A02D012,Ambient,A02,"Ambient Rack 02, Level: D, Position # 012 -  Back"
A02D013,Ambient,A02,"Ambient Rack 02, Level: D, Position # 013 -  Front"
A02D014,Ambient,A02,"Ambient Rack 02, Level: D, Position # 014 -  Back"
A02D015,Ambient,A02,"Ambient Rack 02, Level: D, Position # 015 -  Front"
A02D016,Ambient,A02,"Ambient Rack 02, Level: D, Position # 016 -  Back"
A02D017,Ambient,A02,"Ambient Rack 02, Level: D, Position # 017 -  Front"
A02D018,Ambient,A02,"Ambient Rack 02, Level: D, Position # 018 -  Back"
A02D019,Ambient,A02,"Ambient Rack 02, Level: D, Position # 019 -  Front"
A02D020,Ambient,A02,"Ambient Rack 02, Level: D, Position # 020 -  Back"
A02D021,Ambient,A02,"Ambient Rack 02, Level: D, Position # 021 -  Front"
A02D022,Ambient,A02,"Ambient Rack 02, Level: D, Position # 022 -  Back"
A02D023,Ambient,A02,"Ambient Rack 02, Level: D, Position # 023 -  Front"
A02D024,Ambient,A02,"Ambient Rack 02, Level: D, Position # 024 -  Back"
A02D025,Ambient,A02,"Ambient Rack 02, Level: D, Position # 025 -  Front"
A02D026,Ambient,A02,"Ambient Rack 02, Level: D, Position # 026 -  Back"
A02D027,Ambient,A02,"Ambient Rack 02, Level: D, Position # 027 -  Front"
A02D028,Ambient,A02,"Ambient Rack 02, Level: D, Position # 028 -  Back"
A02D029,Ambient,A02,"Ambient Rack 02, Level: D, Position # 029 -  Front"
A02D030,Ambient,A02,"Ambient Rack 02, Level: D, Position # 030 -  Back"
A02D031,Ambient,A02,"Ambient Rack 02, Level: D, Position # 031 -  Front"
A02D032,Ambient,A02,"Ambient Rack 02, Level: D, Position # 032 -  Back"
A02D033,Ambient,A02,"Ambient Rack 02, Level: D, Position # 033 -  Front"
A02D034,Ambient,A02,"Ambient Rack 02, Level: D, Position # 034 -  Back"
A02D035,Ambient,A02,"Ambient Rack 02, Level: D, Position # 035 -  Front"
A02D036,Ambient,A02,"Ambient Rack 02, Level: D, Position # 036 -  Back"
A02D037,Ambient,A02,"Ambient Rack 02, Level: D, Position # 037 -  Front"
A02D038,Ambient,A02,"Ambient Rack 02, Level: D, Position # 038 -  Back"
A02D039,Ambient,A02,"Ambient Rack 02, Level: D, Position # 039 -  Front"
A02D040,Ambient,A02,"Ambient Rack 02, Level: D, Position # 040 -  Back"
A02D041,Ambient,A02,"Ambient Rack 02, Level: D, Position # 041 -  Front"
A02D042,Ambient,A02,"Ambient Rack 02, Level: D, Position # 042 -  Back"
A02D043,Ambient,A02,"Ambient Rack 02, Level: D, Position # 043 -  Front"
A02D044,Ambient,A02,"Ambient Rack 02, Level: D, Position # 044 -  Back"
A02D045,Ambient,A02,"Ambient Rack 02, Level: D, Position # 045 -  Front"
A02D046,Ambient,A02,"Ambient Rack 02, Level: D, Position # 046 -  Back"
A02E001,Ambient,A02,"Ambient Rack 02, Level: E, Position # 001 -  Front"
A02E002,Ambient,A02,"Ambient Rack 02, Level: E, Position # 002 -  Back"
A02E003,Ambient,A02,"Ambient Rack 02, Level: E, Position # 003 -  Front"
A02E004,Ambient,A02,"Ambient Rack 02, Level: E, Position # 004 -  Back"
A02E005,Ambient,A02,"Ambient Rack 02, Level: E, Position # 005 -  Front"
A02E006,Ambient,A02,"Ambient Rack 02, Level: E, Position # 006 -  Back"
A02E007,Ambient,A02,"Ambient Rack 02, Level: E, Position # 007 -  Front"
A02E008,Ambient,A02,"Ambient Rack 02, Level: E, Position # 008 -  Back"
A02E009,Ambient,A02,"Ambient Rack 02, Level: E, Position # 009 -  Front"
A02E010,Ambient,A02,"Ambient Rack 02, Level: E, Position # 010 -  Back"
A02E011,Ambient,A02,"Ambient Rack 02, Level: E, Position # 011 -  Front"
A02E012,Ambient,A02,"Ambient Rack 02, Level: E, Position # 012 -  Back"
A02E013,Ambient,A02,"Ambient Rack 02, Level: E, Position # 013 -  Front"
A02E014,Ambient,A02,"Ambient Rack 02, Level: E, Position # 014 -  Back"
A02E015,Ambient,A02,"Ambient Rack 02, Level: E, Position # 015 -  Front"
A02E016,Ambient,A02,"Ambient Rack 02, Level: E, Position # 016 -  Back"
A02E017,Ambient,A02,"Ambient Rack 02, Level: E, Position # 017 -  Front"
A02E018,Ambient,A02,"Ambient Rack 02, Level: E, Position # 018 -  Back"
A02E019,Ambient,A02,"Ambient Rack 02, Level: E, Position # 019 -  Front"
A02E020,Ambient,A02,"Ambient Rack 02, Level: E, Position # 020 -  Back"
A02E021,Ambient,A02,"Ambient Rack 02, Level: E, Position # 021 -  Front"
A02E022,Ambient,A02,"Ambient Rack 02, Level: E, Position # 022 -  Back"
A02E023,Ambient,A02,"Ambient Rack 02, Level: E, Position # 023 -  Front"
A02E024,Ambient,A02,"Ambient Rack 02, Level: E, Position # 024 -  Back"
A02E025,Ambient,A02,"Ambient Rack 02, Level: E, Position # 025 -  Front"
A02E026,Ambient,A02,"Ambient Rack 02, Level: E, Position # 026 -  Back"
A02E027,Ambient,A02,"Ambient Rack 02, Level: E, Position # 027 -  Front"
A02E028,Ambient,A02,"Ambient Rack 02, Level: E, Position # 028 -  Back"
A02E029,Ambient,A02,"Ambient Rack 02, Level: E, Position # 029 -  Front"
A02E030,Ambient,A02,"Ambient Rack 02, Level: E, Position # 030 -  Back"
A02E031,Ambient,A02,"Ambient Rack 02, Level: E, Position # 031 -  Front"
A02E032,Ambient,A02,"Ambient Rack 02, Level: E, Position # 032 -  Back"
A02E033,Ambient,A02,"Ambient Rack 02, Level: E, Position # 033 -  Front"
A02E034,Ambient,A02,"Ambient Rack 02, Level: E, Position # 034 -  Back"
A02E035,Ambient,A02,"Ambient Rack 02, Level: E, Position # 035 -  Front"
A02E036,Ambient,A02,"Ambient Rack 02, Level: E, Position # 036 -  Back"
A02E037,Ambient,A02,"Ambient Rack 02, Level: E, Position # 037 -  Front"
A02E038,Ambient,A02,"Ambient Rack 02, Level: E, Position # 038 -  Back"
A02E039,Ambient,A02,"Ambient Rack 02, Level: E, Position # 039 -  Front"
A02E040,Ambient,A02,"Ambient Rack 02, Level: E, Position # 040 -  Back"
A02E041,Ambient,A02,"Ambient Rack 02, Level: E, Position # 041 -  Front"
A02E042,Ambient,A02,"Ambient Rack 02, Level: E, Position # 042 -  Back"
A02E043,Ambient,A02,"Ambient Rack 02, Level: E, Position # 043 -  Front"
A02E044,Ambient,A02,"Ambient Rack 02, Level: E, Position # 044 -  Back"
A02E045,Ambient,A02,"Ambient Rack 02, Level: E, Position # 045 -  Front"
A02E046,Ambient,A02,"Ambient Rack 02, Level: E, Position # 046 -  Back"
A02F001,Ambient,A02,"Ambient Rack 02, Level: F, Position # 001 -  Front"
A02F002,Ambient,A02,"Ambient Rack 02, Level: F, Position # 002 -  Back"
A02F003,Ambient,A02,"Ambient Rack 02, Level: F, Position # 003 -  Front"
A02F004,Ambient,A02,"Ambient Rack 02, Level: F, Position # 004 -  Back"
A02F005,Ambient,A02,"Ambient Rack 02, Level: F, Position # 005 -  Front"
A02F006,Ambient,A02,"Ambient Rack 02, Level: F, Position # 006 -  Back"
A02F007,Ambient,A02,"Ambient Rack 02, Level: F, Position # 007 -  Front"
A02F008,Ambient,A02,"Ambient Rack 02, Level: F, Position # 008 -  Back"
A02F009,Ambient,A02,"Ambient Rack 02, Level: F, Position # 009 -  Front"
A02F010,Ambient,A02,"Ambient Rack 02, Level: F, Position # 010 -  Back"
A02F011,Ambient,A02,"Ambient Rack 02, Level: F, Position # 011 -  Front"
A02F012,Ambient,A02,"Ambient Rack 02, Level: F, Position # 012 -  Back"
A02F013,Ambient,A02,"Ambient Rack 02, Level: F, Position # 013 -  Front"
A02F014,Ambient,A02,"Ambient Rack 02, Level: F, Position # 014 -  Back"
A02F015,Ambient,A02,"Ambient Rack 02, Level: F, Position # 015 -  Front"
A02F016,Ambient,A02,"Ambient Rack 02, Level: F, Position # 016 -  Back"
A02F017,Ambient,A02,"Ambient Rack 02, Level: F, Position # 017 -  Front"
A02F018,Ambient,A02,"Ambient Rack 02, Level: F, Position # 018 -  Back"
A02F019,Ambient,A02,"Ambient Rack 02, Level: F, Position # 019 -  Front"
A02F020,Ambient,A02,"Ambient Rack 02, Level: F, Position # 020 -  Back"
A02F021,Ambient,A02,"Ambient Rack 02, Level: F, Position # 021 -  Front"
A02F022,Ambient,A02,"Ambient Rack 02, Level: F, Position # 022 -  Back"
A02F023,Ambient,A02,"Ambient Rack 02, Level: F, Position # 023 -  Front"
A02F024,Ambient,A02,"Ambient Rack 02, Level: F, Position # 024 -  Back"
A02F025,Ambient,A02,"Ambient Rack 02, Level: F, Position # 025 -  Front"
A02F026,Ambient,A02,"Ambient Rack 02, Level: F, Position # 026 -  Back"
A02F027,Ambient,A02,"Ambient Rack 02, Level: F, Position # 027 -  Front"
A02F028,Ambient,A02,"Ambient Rack 02, Level: F, Position # 028 -  Back"
A02F029,Ambient,A02,"Ambient Rack 02, Level: F, Position # 029 -  Front"
A02F030,Ambient,A02,"Ambient Rack 02, Level: F, Position # 030 -  Back"
A02F031,Ambient,A02,"Ambient Rack 02, Level: F, Position # 031 -  Front"
A02F032,Ambient,A02,"Ambient Rack 02, Level: F, Position # 032 -  Back"
A02F033,Ambient,A02,"Ambient Rack 02, Level: F, Position # 033 -  Front"
A02F034,Ambient,A02,"Ambient Rack 02, Level: F, Position # 034 -  Back"
A02F035,Ambient,A02,"Ambient Rack 02, Level: F, Position # 035 -  Front"
A02F036,Ambient,A02,"Ambient Rack 02, Level: F, Position # 036 -  Back"
A02F037,Ambient,A02,"Ambient Rack 02, Level: F, Position # 037 -  Front"
A02F038,Ambient,A02,"Ambient Rack 02, Level: F, Position # 038 -  Back"
A02F039,Ambient,A02,"Ambient Rack 02, Level: F, Position # 039 -  Front"
A02F040,Ambient,A02,"Ambient Rack 02, Level: F, Position # 040 -  Back"
A02F041,Ambient,A02,"Ambient Rack 02, Level: F, Position # 041 -  Front"
A02F042,Ambient,A02,"Ambient Rack 02, Level: F, Position # 042 -  Back"
A02F043,Ambient,A02,"Ambient Rack 02, Level: F, Position # 043 -  Front"
A02F044,Ambient,A02,"Ambient Rack 02, Level: F, Position # 044 -  Back"
A02F045,Ambient,A02,"Ambient Rack 02, Level: F, Position # 045 -  Front"
A02F046,Ambient,A02,"Ambient Rack 02, Level: F, Position # 046 -  Back"
A03A001,Ambient,A03,"Ambient Rack 03, Level: A, Position # 001 -  Front"
A03A002,Ambient,A03,"Ambient Rack 03, Level: A, Position # 002 -  Back"
A03A003,Ambient,A03,"Ambient Rack 03, Level: A, Position # 003 -  Front"
A03A004,Ambient,A03,"Ambient Rack 03, Level: A, Position # 004 -  Back"
A03A005,Ambient,A03,"Ambient Rack 03, Level: A, Position # 005 -  Front"
A03A006,Ambient,A03,"Ambient Rack 03, Level: A, Position # 006 -  Back"
A03A007,Ambient,A03,"Ambient Rack 03, Level: A, Position # 007 -  Front"
A03A008,Ambient,A03,"Ambient Rack 03, Level: A, Position # 008 -  Back"
A03A015,Ambient,A03,"Ambient Rack 03, Level: A, Position # 015 -  Front"
A03A016,Ambient,A03,"Ambient Rack 03, Level: A, Position # 016 -  Back"
A03A017,Ambient,A03,"Ambient Rack 03, Level: A, Position # 017 -  Front"
A03A018,Ambient,A03,"Ambient Rack 03, Level: A, Position # 018 -  Back"
A03A019,Ambient,A03,"Ambient Rack 03, Level: A, Position # 019 -  Front"
A03A020,Ambient,A03,"Ambient Rack 03, Level: A, Position # 020 -  Back"
A03A021,Ambient,A03,"Ambient Rack 03, Level: A, Position # 021 -  Front"
A03A022,Ambient,A03,"Ambient Rack 03, Level: A, Position # 022 -  Back"
A03A023,Ambient,A03,"Ambient Rack 03, Level: A, Position # 023 -  Front"
A03A024,Ambient,A03,"Ambient Rack 03, Level: A, Position # 024 -  Back"
A03A025,Ambient,A03,"Ambient Rack 03, Level: A, Position # 025 -  Front"
A03A026,Ambient,A03,"Ambient Rack 03, Level: A, Position # 026 -  Back"
A03A027,Ambient,A03,"Ambient Rack 03, Level: A, Position # 027 -  Front"
A03A028,Ambient,A03,"Ambient Rack 03, Level: A, Position # 028 -  Back"
A03A029,Ambient,A03,"Ambient Rack 03, Level: A, Position # 029 -  Front"
A03A030,Ambient,A03,"Ambient Rack 03, Level: A, Position # 030 -  Back"
A03A031,Ambient,A03,"Ambient Rack 03, Level: A, Position # 031 -  Front"
A03A032,Ambient,A03,"Ambient Rack 03, Level: A, Position # 032 -  Back"
A03A033,Ambient,A03,"Ambient Rack 03, Level: A, Position # 033 -  Front"
A03A034,Ambient,A03,"Ambient Rack 03, Level: A, Position # 034 -  Back"
A03A035,Ambient,A03,"Ambient Rack 03, Level: A, Position # 035 -  Front"
A03A036,Ambient,A03,"Ambient Rack 03, Level: A, Position # 036 -  Back"
A03A037,Ambient,A03,"Ambient Rack 03, Level: A, Position # 037 -  Front"
A03A038,Ambient,A03,"Ambient Rack 03, Level: A, Position # 038 -  Back"
A03A039,Ambient,A03,"Ambient Rack 03, Level: A, Position # 039 -  Front"
A03A040,Ambient,A03,"Ambient Rack 03, Level: A, Position # 040 -  Back"
A03A041,Ambient,A03,"Ambient Rack 03, Level: A, Position # 041 -  Front"
A03A042,Ambient,A03,"Ambient Rack 03, Level: A, Position # 042 -  Back"
A03A043,Ambient,A03,"Ambient Rack 03, Level: A, Position # 043 -  Front"
A03A044,Ambient,A03,"Ambient Rack 03, Level: A, Position # 044 -  Back"
A03A045,Ambient,A03,"Ambient Rack 03, Level: A, Position # 045 -  Front"
A03A046,Ambient,A03,"Ambient Rack 03, Level: A, Position # 046 -  Back"
A03B001,Ambient,A03,"Ambient Rack 03, Level: B, Position # 001 -  Front"
A03B002,Ambient,A03,"Ambient Rack 03, Level: B, Position # 002 -  Back"
A03B003,Ambient,A03,"Ambient Rack 03, Level: B, Position # 003 -  Front"
A03B004,Ambient,A03,"Ambient Rack 03, Level: B, Position # 004 -  Back"
A03B005,Ambient,A03,"Ambient Rack 03, Level: B, Position # 005 -  Front"
A03B006,Ambient,A03,"Ambient Rack 03, Level: B, Position # 006 -  Back"
A03B007,Ambient,A03,"Ambient Rack 03, Level: B, Position # 007 -  Front"
A03B008,Ambient,A03,"Ambient Rack 03, Level: B, Position # 008 -  Back"
A03B015,Ambient,A03,"Ambient Rack 03, Level: B, Position # 015 -  Front"
A03B016,Ambient,A03,"Ambient Rack 03, Level: B, Position # 016 -  Back"
A03B017,Ambient,A03,"Ambient Rack 03, Level: B, Position # 017 -  Front"
A03B018,Ambient,A03,"Ambient Rack 03, Level: B, Position # 018 -  Back"
A03B019,Ambient,A03,"Ambient Rack 03, Level: B, Position # 019 -  Front"
A03B020,Ambient,A03,"Ambient Rack 03, Level: B, Position # 020 -  Back"
A03B021,Ambient,A03,"Ambient Rack 03, Level: B, Position # 021 -  Front"
A03B022,Ambient,A03,"Ambient Rack 03, Level: B, Position # 022 -  Back"
A03B023,Ambient,A03,"Ambient Rack 03, Level: B, Position # 023 -  Front"
A03B024,Ambient,A03,"Ambient Rack 03, Level: B, Position # 024 -  Back"
A03B025,Ambient,A03,"Ambient Rack 03, Level: B, Position # 025 -  Front"
A03B026,Ambient,A03,"Ambient Rack 03, Level: B, Position # 026 -  Back"
A03B027,Ambient,A03,"Ambient Rack 03, Level: B, Position # 027 -  Front"
A03B028,Ambient,A03,"Ambient Rack 03, Level: B, Position # 028 -  Back"
A03B029,Ambient,A03,"Ambient Rack 03, Level: B, Position # 029 -  Front"
A03B030,Ambient,A03,"Ambient Rack 03, Level: B, Position # 030 -  Back"
A03B031,Ambient,A03,"Ambient Rack 03, Level: B, Position # 031 -  Front"
A03B032,Ambient,A03,"Ambient Rack 03, Level: B, Position # 032 -  Back"
A03B033,Ambient,A03,"Ambient Rack 03, Level: B, Position # 033 -  Front"
A03B034,Ambient,A03,"Ambient Rack 03, Level: B, Position # 034 -  Back"
A03B035,Ambient,A03,"Ambient Rack 03, Level: B, Position # 035 -  Front"
A03B036,Ambient,A03,"Ambient Rack 03, Level: B, Position # 036 -  Back"
A03B037,Ambient,A03,"Ambient Rack 03, Level: B, Position # 037 -  Front"
A03B038,Ambient,A03,"Ambient Rack 03, Level: B, Position # 038 -  Back"
A03B039,Ambient,A03,"Ambient Rack 03, Level: B, Position # 039 -  Front"
A03B040,Ambient,A03,"Ambient Rack 03, Level: B, Position # 040 -  Back"
A03B041,Ambient,A03,"Ambient Rack 03, Level: B, Position # 041 -  Front"
A03B042,Ambient,A03,"Ambient Rack 03, Level: B, Position # 042 -  Back"
A03B043,Ambient,A03,"Ambient Rack 03, Level: B, Position # 043 -  Front"
A03B044,Ambient,A03,"Ambient Rack 03, Level: B, Position # 044 -  Back"
A03B045,Ambient,A03,"Ambient Rack 03, Level: B, Position # 045 -  Front"
A03B046,Ambient,A03,"Ambient Rack 03, Level: B, Position # 046 -  Back"
A03C001,Ambient,A03,"Ambient Rack 03, Level: C, Position # 001 -  Front"
A03C002,Ambient,A03,"Ambient Rack 03, Level: C, Position # 002 -  Back"
A03C003,Ambient,A03,"Ambient Rack 03, Level: C, Position # 003 -  Front"
A03C004,Ambient,A03,"Ambient Rack 03, Level: C, Position # 004 -  Back"
A03C005,Ambient,A03,"Ambient Rack 03, Level: C, Position # 005 -  Front"
A03C006,Ambient,A03,"Ambient Rack 03, Level: C, Position # 006 -  Back"
A03C007,Ambient,A03,"Ambient Rack 03, Level: C, Position # 007 -  Front"
A03C008,Ambient,A03,"Ambient Rack 03, Level: C, Position # 008 -  Back"
A03C015,Ambient,A03,"Ambient Rack 03, Level: C, Position # 015 -  Front"
A03C016,Ambient,A03,"Ambient Rack 03, Level: C, Position # 016 -  Back"
A03C017,Ambient,A03,"Ambient Rack 03, Level: C, Position # 017 -  Front"
A03C018,Ambient,A03,"Ambient Rack 03, Level: C, Position # 018 -  Back"
A03C019,Ambient,A03,"Ambient Rack 03, Level: C, Position # 019 -  Front"
A03C020,Ambient,A03,"Ambient Rack 03, Level: C, Position # 020 -  Back"
A03C021,Ambient,A03,"Ambient Rack 03, Level: C, Position # 021 -  Front"
A03C022,Ambient,A03,"Ambient Rack 03, Level: C, Position # 022 -  Back"
A03C023,Ambient,A03,"Ambient Rack 03, Level: C, Position # 023 -  Front"
A03C024,Ambient,A03,"Ambient Rack 03, Level: C, Position # 024 -  Back"
A03C025,Ambient,A03,"Ambient Rack 03, Level: C, Position # 025 -  Front"
A03C026,Ambient,A03,"Ambient Rack 03, Level: C, Position # 026 -  Back"
A03C027,Ambient,A03,"Ambient Rack 03, Level: C, Position # 027 -  Front"
A03C028,Ambient,A03,"Ambient Rack 03, Level: C, Position # 028 -  Back"
A03C029,Ambient,A03,"Ambient Rack 03, Level: C, Position # 029 -  Front"
A03C030,Ambient,A03,"Ambient Rack 03, Level: C, Position # 030 -  Back"
A03C031,Ambient,A03,"Ambient Rack 03, Level: C, Position # 031 -  Front"
A03C032,Ambient,A03,"Ambient Rack 03, Level: C, Position # 032 -  Back"
A03C033,Ambient,A03,"Ambient Rack 03, Level: C, Position # 033 -  Front"
A03C034,Ambient,A03,"Ambient Rack 03, Level: C, Position # 034 -  Back"
A03C035,Ambient,A03,"Ambient Rack 03, Level: C, Position # 035 -  Front"
A03C036,Ambient,A03,"Ambient Rack 03, Level: C, Position # 036 -  Back"
A03C037,Ambient,A03,"Ambient Rack 03, Level: C, Position # 037 -  Front"
A03C038,Ambient,A03,"Ambient Rack 03, Level: C, Position # 038 -  Back"
A03C039,Ambient,A03,"Ambient Rack 03, Level: C, Position # 039 -  Front"
A03C040,Ambient,A03,"Ambient Rack 03, Level: C, Position # 040 -  Back"
A03C041,Ambient,A03,"Ambient Rack 03, Level: C, Position # 041 -  Front"
A03C042,Ambient,A03,"Ambient Rack 03, Level: C, Position # 042 -  Back"
A03C043,Ambient,A03,"Ambient Rack 03, Level: C, Position # 043 -  Front"
A03C044,Ambient,A03,"Ambient Rack 03, Level: C, Position # 044 -  Back"
A03C045,Ambient,A03,"Ambient Rack 03, Level: C, Position # 045 -  Front"
A03C046,Ambient,A03,"Ambient Rack 03, Level: C, Position # 046 -  Back"
A03D001,Ambient,A03,"Ambient Rack 03, Level: D, Position # 001 -  Front"
A03D002,Ambient,A03,"Ambient Rack 03, Level: D, Position # 002 -  Back"
A03D003,Ambient,A03,"Ambient Rack 03, Level: D, Position # 003 -  Front"
A03D004,Ambient,A03,"Ambient Rack 03, Level: D, Position # 004 -  Back"
A03D005,Ambient,A03,"Ambient Rack 03, Level: D, Position # 005 -  Front"
A03D006,Ambient,A03,"Ambient Rack 03, Level: D, Position # 006 -  Back"
A03D007,Ambient,A03,"Ambient Rack 03, Level: D, Position # 007 -  Front"
A03D008,Ambient,A03,"Ambient Rack 03, Level: D, Position # 008 -  Back"
A03D009,Ambient,A03,"Ambient Rack 03, Level: D, Position # 009 -  Front"
A03D010,Ambient,A03,"Ambient Rack 03, Level: D, Position # 010 -  Back"
A03D011,Ambient,A03,"Ambient Rack 03, Level: D, Position # 011 -  Front"
A03D012,Ambient,A03,"Ambient Rack 03, Level: D, Position # 012 -  Back"
A03D013,Ambient,A03,"Ambient Rack 03, Level: D, Position # 013 -  Front"
A03D014,Ambient,A03,"Ambient Rack 03, Level: D, Position # 014 -  Back"
A03D015,Ambient,A03,"Ambient Rack 03, Level: D, Position # 015 -  Front"
A03D016,Ambient,A03,"Ambient Rack 03, Level: D, Position # 016 -  Back"
A03D017,Ambient,A03,"Ambient Rack 03, Level: D, Position # 017 -  Front"
A03D018,Ambient,A03,"Ambient Rack 03, Level: D, Position # 018 -  Back"
A03D019,Ambient,A03,"Ambient Rack 03, Level: D, Position # 019 -  Front"
A03D020,Ambient,A03,"Ambient Rack 03, Level: D, Position # 020 -  Back"
A03D021,Ambient,A03,"Ambient Rack 03, Level: D, Position # 021 -  Front"
A03D022,Ambient,A03,"Ambient Rack 03, Level: D, Position # 022 -  Back"
A03D023,Ambient,A03,"Ambient Rack 03, Level: D, Position # 023 -  Front"
A03D024,Ambient,A03,"Ambient Rack 03, Level: D, Position # 024 -  Back"
A03D025,Ambient,A03,"Ambient Rack 03, Level: D, Position # 025 -  Front"
A03D026,Ambient,A03,"Ambient Rack 03, Level: D, Position # 026 -  Back"
A03D027,Ambient,A03,"Ambient Rack 03, Level: D, Position # 027 -  Front"
A03D028,Ambient,A03,"Ambient Rack 03, Level: D, Position # 028 -  Back"
A03D029,Ambient,A03,"Ambient Rack 03, Level: D, Position # 029 -  Front"
A03D030,Ambient,A03,"Ambient Rack 03, Level: D, Position # 030 -  Back"
A03D031,Ambient,A03,"Ambient Rack 03, Level: D, Position # 031 -  Front"
A03D032,Ambient,A03,"Ambient Rack 03, Level: D, Position # 032 -  Back"
A03D033,Ambient,A03,"Ambient Rack 03, Level: D, Position # 033 -  Front"
A03D034,Ambient,A03,"Ambient Rack 03, Level: D, Position # 034 -  Back"
A03D035,Ambient,A03,"Ambient Rack 03, Level: D, Position # 035 -  Front"
A03D036,Ambient,A03,"Ambient Rack 03, Level: D, Position # 036 -  Back"
A03D037,Ambient,A03,"Ambient Rack 03, Level: D, Position # 037 -  Front"
A03D038,Ambient,A03,"Ambient Rack 03, Level: D, Position # 038 -  Back"
A03D039,Ambient,A03,"Ambient Rack 03, Level: D, Position # 039 -  Front"
A03D040,Ambient,A03,"Ambient Rack 03, Level: D, Position # 040 -  Back"
A03D041,Ambient,A03,"Ambient Rack 03, Level: D, Position # 041 -  Front"
A03D042,Ambient,A03,"Ambient Rack 03, Level: D, Position # 042 -  Back"
A03D043,Ambient,A03,"Ambient Rack 03, Level: D, Position # 043 -  Front"
A03D044,Ambient,A03,"Ambient Rack 03, Level: D, Position # 044 -  Back"
A03D045,Ambient,A03,"Ambient Rack 03, Level: D, Position # 045 -  Front"
A03D046,Ambient,A03,"Ambient Rack 03, Level: D, Position # 046 -  Back"
A03E001,Ambient,A03,"Ambient Rack 03, Level: E, Position # 001 -  Front"
A03E002,Ambient,A03,"Ambient Rack 03, Level: E, Position # 002 -  Back"
A03E003,Ambient,A03,"Ambient Rack 03, Level: E, Position # 003 -  Front"
A03E004,Ambient,A03,"Ambient Rack 03, Level: E, Position # 004 -  Back"
A03E005,Ambient,A03,"Ambient Rack 03, Level: E, Position # 005 -  Front"
A03E006,Ambient,A03,"Ambient Rack 03, Level: E, Position # 006 -  Back"
A03E007,Ambient,A03,"Ambient Rack 03, Level: E, Position # 007 -  Front"
A03E008,Ambient,A03,"Ambient Rack 03, Level: E, Position # 008 -  Back"
A03E009,Ambient,A03,"Ambient Rack 03, Level: E, Position # 009 -  Front"
A03E010,Ambient,A03,"Ambient Rack 03, Level: E, Position # 010 -  Back"
A03E011,Ambient,A03,"Ambient Rack 03, Level: E, Position # 011 -  Front"
A03E012,Ambient,A03,"Ambient Rack 03, Level: E, Position # 012 -  Back"
A03E013,Ambient,A03,"Ambient Rack 03, Level: E, Position # 013 -  Front"
A03E014,Ambient,A03,"Ambient Rack 03, Level: E, Position # 014 -  Back"
A03E015,Ambient,A03,"Ambient Rack 03, Level: E, Position # 015 -  Front"
A03E016,Ambient,A03,"Ambient Rack 03, Level: E, Position # 016 -  Back"
A03E017,Ambient,A03,"Ambient Rack 03, Level: E, Position # 017 -  Front"
A03E018,Ambient,A03,"Ambient Rack 03, Level: E, Position # 018 -  Back"
A03E019,Ambient,A03,"Ambient Rack 03, Level: E, Position # 019 -  Front"
A03E020,Ambient,A03,"Ambient Rack 03, Level: E, Position # 020 -  Back"
A03E021,Ambient,A03,"Ambient Rack 03, Level: E, Position # 021 -  Front"
A03E022,Ambient,A03,"Ambient Rack 03, Level: E, Position # 022 -  Back"
A03E023,Ambient,A03,"Ambient Rack 03, Level: E, Position # 023 -  Front"
A03E024,Ambient,A03,"Ambient Rack 03, Level: E, Position # 024 -  Back"
A03E025,Ambient,A03,"Ambient Rack 03, Level: E, Position # 025 -  Front"
A03E026,Ambient,A03,"Ambient Rack 03, Level: E, Position # 026 -  Back"
A03E027,Ambient,A03,"Ambient Rack 03, Level: E, Position # 027 -  Front"
A03E028,Ambient,A03,"Ambient Rack 03, Level: E, Position # 028 -  Back"
A03E029,Ambient,A03,"Ambient Rack 03, Level: E, Position # 029 -  Front"
A03E030,Ambient,A03,"Ambient Rack 03, Level: E, Position # 030 -  Back"
A03E031,Ambient,A03,"Ambient Rack 03, Level: E, Position # 031 -  Front"
A03E032,Ambient,A03,"Ambient Rack 03, Level: E, Position # 032 -  Back"
A03E033,Ambient,A03,"Ambient Rack 03, Level: E, Position # 033 -  Front"
A03E034,Ambient,A03,"Ambient Rack 03, Level: E, Position # 034 -  Back"
A03E035,Ambient,A03,"Ambient Rack 03, Level: E, Position # 035 -  Front"
A03E036,Ambient,A03,"Ambient Rack 03, Level: E, Position # 036 -  Back"
A03E037,Ambient,A03,"Ambient Rack 03, Level: E, Position # 037 -  Front"
A03E038,Ambient,A03,"Ambient Rack 03, Level: E, Position # 038 -  Back"
A03E039,Ambient,A03,"Ambient Rack 03, Level: E, Position # 039 -  Front"
A03E040,Ambient,A03,"Ambient Rack 03, Level: E, Position # 040 -  Back"
A03E041,Ambient,A03,"Ambient Rack 03, Level: E, Position # 041 -  Front"
A03E042,Ambient,A03,"Ambient Rack 03, Level: E, Position # 042 -  Back"
A03E043,Ambient,A03,"Ambient Rack 03, Level: E, Position # 043 -  Front"
A03E044,Ambient,A03,"Ambient Rack 03, Level: E, Position # 044 -  Back"
A03E045,Ambient,A03,"Ambient Rack 03, Level: E, Position # 045 -  Front"
A03E046,Ambient,A03,"Ambient Rack 03, Level: E, Position # 046 -  Back"
A03F001,Ambient,A03,"Ambient Rack 03, Level: F, Position # 001 -  Front"
A03F002,Ambient,A03,"Ambient Rack 03, Level: F, Position # 002 -  Back"
A03F003,Ambient,A03,"Ambient Rack 03, Level: F, Position # 003 -  Front"
A03F004,Ambient,A03,"Ambient Rack 03, Level: F, Position # 004 -  Back"
A03F005,Ambient,A03,"Ambient Rack 03, Level: F, Position # 005 -  Front"
A03F006,Ambient,A03,"Ambient Rack 03, Level: F, Position # 006 -  Back"
A03F007,Ambient,A03,"Ambient Rack 03, Level: F, Position # 007 -  Front"
A03F008,Ambient,A03,"Ambient Rack 03, Level: F, Position # 008 -  Back"
A03F009,Ambient,A03,"Ambient Rack 03, Level: F, Position # 009 -  Front"
A03F010,Ambient,A03,"Ambient Rack 03, Level: F, Position # 010 -  Back"
A03F011,Ambient,A03,"Ambient Rack 03, Level: F, Position # 011 -  Front"
A03F012,Ambient,A03,"Ambient Rack 03, Level: F, Position # 012 -  Back"
A03F013,Ambient,A03,"Ambient Rack 03, Level: F, Position # 013 -  Front"
A03F014,Ambient,A03,"Ambient Rack 03, Level: F, Position # 014 -  Back"
A03F015,Ambient,A03,"Ambient Rack 03, Level: F, Position # 015 -  Front"
A03F016,Ambient,A03,"Ambient Rack 03, Level: F, Position # 016 -  Back"
A03F017,Ambient,A03,"Ambient Rack 03, Level: F, Position # 017 -  Front"
A03F018,Ambient,A03,"Ambient Rack 03, Level: F, Position # 018 -  Back"
A03F019,Ambient,A03,"Ambient Rack 03, Level: F, Position # 019 -  Front"
A03F020,Ambient,A03,"Ambient Rack 03, Level: F, Position # 020 -  Back"
A03F021,Ambient,A03,"Ambient Rack 03, Level: F, Position # 021 -  Front"
A03F022,Ambient,A03,"Ambient Rack 03, Level: F, Position # 022 -  Back"
A03F023,Ambient,A03,"Ambient Rack 03, Level: F, Position # 023 -  Front"
A03F024,Ambient,A03,"Ambient Rack 03, Level: F, Position # 024 -  Back"
A03F025,Ambient,A03,"Ambient Rack 03, Level: F, Position # 025 -  Front"
A03F026,Ambient,A03,"Ambient Rack 03, Level: F, Position # 026 -  Back"
A03F027,Ambient,A03,"Ambient Rack 03, Level: F, Position # 027 -  Front"
A03F028,Ambient,A03,"Ambient Rack 03, Level: F, Position # 028 -  Back"
A03F029,Ambient,A03,"Ambient Rack 03, Level: F, Position # 029 -  Front"
A03F030,Ambient,A03,"Ambient Rack 03, Level: F, Position # 030 -  Back"
A03F031,Ambient,A03,"Ambient Rack 03, Level: F, Position # 031 -  Front"
A03F032,Ambient,A03,"Ambient Rack 03, Level: F, Position # 032 -  Back"
A03F033,Ambient,A03,"Ambient Rack 03, Level: F, Position # 033 -  Front"
A03F034,Ambient,A03,"Ambient Rack 03, Level: F, Position # 034 -  Back"
A03F035,Ambient,A03,"Ambient Rack 03, Level: F, Position # 035 -  Front"
A03F036,Ambient,A03,"Ambient Rack 03, Level: F, Position # 036 -  Back"
A03F037,Ambient,A03,"Ambient Rack 03, Level: F, Position # 037 -  Front"
A03F038,Ambient,A03,"Ambient Rack 03, Level: F, Position # 038 -  Back"
A03F039,Ambient,A03,"Ambient Rack 03, Level: F, Position # 039 -  Front"
A03F040,Ambient,A03,"Ambient Rack 03, Level: F, Position # 040 -  Back"
A03F041,Ambient,A03,"Ambient Rack 03, Level: F, Position # 041 -  Front"
A03F042,Ambient,A03,"Ambient Rack 03, Level: F, Position # 042 -  Back"
A03F043,Ambient,A03,"Ambient Rack 03, Level: F, Position # 043 -  Front"
A03F044,Ambient,A03,"Ambient Rack 03, Level: F, Position # 044 -  Back"
A03F045,Ambient,A03,"Ambient Rack 03, Level: F, Position # 045 -  Front"
A03F046,Ambient,A03,"Ambient Rack 03, Level: F, Position # 046 -  Back"
A04A001,Ambient,A04,"Ambient Rack 04, Level: A, Position # 001 -  Front"
A04A003,Ambient,A04,"Ambient Rack 04, Level: A, Position # 003 -  Front"
A04A005,Ambient,A04,"Ambient Rack 04, Level: A, Position # 005 -  Front"
A04A007,Ambient,A04,"Ambient Rack 04, Level: A, Position # 007 -  Front"
A04A009,Ambient,A04,"Ambient Rack 04, Level: A, Position # 009 -  Front"
A04A011,Ambient,A04,"Ambient Rack 04, Level: A, Position # 011 -  Front"
A04B001,Ambient,A04,"Ambient Rack 04, Level: B, Position # 001 -  Front"
A04B003,Ambient,A04,"Ambient Rack 04, Level: B, Position # 003 -  Front"
A04B005,Ambient,A04,"Ambient Rack 04, Level: B, Position # 005 -  Front"
A04B007,Ambient,A04,"Ambient Rack 04, Level: B, Position # 007 -  Front"
A04B009,Ambient,A04,"Ambient Rack 04, Level: B, Position # 009 -  Front"
A04B011,Ambient,A04,"Ambient Rack 04, Level: B, Position # 011 -  Front"
A04C001,Ambient,A04,"Ambient Rack 04, Level: C, Position # 001 -  Front"
A04C003,Ambient,A04,"Ambient Rack 04, Level: C, Position # 003 -  Front"
A04C005,Ambient,A04,"Ambient Rack 04, Level: C, Position # 005 -  Front"
A04C007,Ambient,A04,"Ambient Rack 04, Level: C, Position # 007 -  Front"
A04C009,Ambient,A04,"Ambient Rack 04, Level: C, Position # 009 -  Front"
A04C011,Ambient,A04,"Ambient Rack 04, Level: C, Position # 011 -  Front"
A04D001,Ambient,A04,"Ambient Rack 04, Level: D, Position # 001 -  Front"
A04D003,Ambient,A04,"Ambient Rack 04, Level: D, Position # 003 -  Front"
A04D005,Ambient,A04,"Ambient Rack 04, Level: D, Position # 005 -  Front"
A04D007,Ambient,A04,"Ambient Rack 04, Level: D, Position # 007 -  Front"
A04D009,Ambient,A04,"Ambient Rack 04, Level: D, Position # 009 -  Front"
A04D011,Ambient,A04,"Ambient Rack 04, Level: D, Position # 011 -  Front"
A04E001,Ambient,A04,"Ambient Rack 04, Level: E, Position # 001 -  Front"
A04E003,Ambient,A04,"Ambient Rack 04, Level: E, Position # 003 -  Front"
A04E005,Ambient,A04,"Ambient Rack 04, Level: E, Position # 005 -  Front"
A04E007,Ambient,A04,"Ambient Rack 04, Level: E, Position # 007 -  Front"
A04E009,Ambient,A04,"Ambient Rack 04, Level: E, Position # 009 -  Front"
A04E011,Ambient,A04,"Ambient Rack 04, Level: E, Position # 011 -  Front"
A04F001,Ambient,A04,"Ambient Rack 04, Level: F, Position # 001 -  Front"
A04F003,Ambient,A04,"Ambient Rack 04, Level: F, Position # 003 -  Front"
A04F005,Ambient,A04,"Ambient Rack 04, Level: F, Position # 005 -  Front"
A04F007,Ambient,A04,"Ambient Rack 04, Level: F, Position # 007 -  Front"
A04F009,Ambient,A04,"Ambient Rack 04, Level: F, Position # 009 -  Front"
A04F011,Ambient,A04,"Ambient Rack 04, Level: F, Position # 011 -  Front"
BAGSSTG,Staging,STAGING,Ambient Stage for Production's Bags
BRZSTL1,Staging,STAGING,Outbound Staging Breezeway Left # 01
BRZSTL2,Staging,STAGING,Outbound Staging Breezeway Left # 02
BRZSTL3,Staging,STAGING,Outbound Staging Breezeway Left # 03
BRZSTR1,Staging,STAGING,Outbound Staging Breezeway Right # 01
BRZSTR2,Staging,STAGING,Outbound Staging Breezeway Right # 02
BRZSTR3,Staging,STAGING,Outbound Staging Breezeway Right # 03
CDCKSAM,Other,AREAS,QC sample testing area
CHOROOM,Other,AREAS,Chocolate Roome
COSTS,System,SYSTEM,Cost DLABOR & MFGOH
DANIEL,Staging,STAGING,Daniel Staging Bin
DEFAULT,System,SYSTEM,Pickable should be empty
DOORA19,Dock,DOORS,Cold Dock Ambient Door 19
DOORA20,Dock,DOORS,Cold Dock Ambient Door 20
DOORA21,Dock,DOORS,Cold Dock Ambient Door 21
DOORA22,Dock,DOORS,Cold Dock Ambient Door 22
DOORI23,Dock,DOORS,Cold Dock Inbound Door 23
DOORI24,Dock,DOORS,Cold Dock Inbound Door 24
DOORI26,Dock,DOORS,Cold Dock Inbound Door 26
DOORI27,Dock,DOORS,Cold Dock Inbound Door 27
DOORO28,Dock,DOORS,Cold Dock Outbound Door 28
DOORO29,Dock,DOORS,Cold Dock Outbound Door 29
DOORO31,Dock,DOORS,Cold Dock Outbound Door 31
DOORO32,Dock,DOORS,Cold Dock Outbound Door 32
DOORO33,Dock,DOORS,Cold Dock Outbound Door 33
F01A001,Frozen,F01,"Frozen Rack 01, Level: A, Position # 001 -  Front"
F01A002,Frozen,F01,"Frozen Rack 01, Level: A, Position # 002 -  Back"
F01A003,Frozen,F01,"Frozen Rack 01, Level: A, Position # 003 -  Front"
F01A004,Frozen,F01,"Frozen Rack 01, Level: A, Position # 004 -  Back"
F01A005,Frozen,F01,"Frozen Rack 01, Level: A, Position # 005 -  Front"
F01A006,Frozen,F01,"Frozen Rack 01, Level: A, Position # 006 -  Back"
F01A007,Frozen,F01,"Frozen Rack 01, Level: A, Position # 007 -  Front"
F01A008,Frozen,F01,"Frozen Rack 01, Level: A, Position # 008 -  Back"
F01A009,Frozen,F01,"Frozen Rack 01, Level: A, Position # 009 -  Front"
F01A010,Frozen,F01,"Frozen Rack 01, Level: A, Position # 010 -  Back"
F01A011,Frozen,F01,"Frozen Rack 01, Level: A, Position # 011 -  Front"
F01A012,Frozen,F01,"Frozen Rack 01, Level: A, Position # 012 -  Back"
F01A019,Frozen,F01,"Frozen Rack 01, Level: A, Position # 019 -  Front"
F01A020,Frozen,F01,"Frozen Rack 01, Level: A, Position # 020 -  Back"
F01A021,Frozen,F01,"Frozen Rack 01, Level: A, Position # 021 -  Front"
F01A022,Frozen,F01,"Frozen Rack 01, Level: A, Position # 022 -  Back"
F01A023,Frozen,F01,"Frozen Rack 01, Level: A, Position # 023 -  Front"
F01A024,Frozen,F01,"Frozen Rack 01, Level: A, Position # 024 -  Back"
F01A025,Frozen,F01,"Frozen Rack 01, Level: A, Position # 025 -  Front"
F01A026,Frozen,F01,"Frozen Rack 01, Level: A, Position # 026 -  Back"
F01A027,Frozen,F01,"Frozen Rack 01, Level: A, Position # 027 -  Front"
F01A028,Frozen,F01,"Frozen Rack 01, Level: A, Position # 028 -  Back"
F01A029,Frozen,F01,"Frozen Rack 01, Level: A, Position # 029 -  Front"
F01A030,Frozen,F01,"Frozen Rack 01, Level: A, Position # 030 -  Back"
F01A031,Frozen,F01,"Frozen Rack 01, Level: A, Position # 031 -  Front"
F01A032,Frozen,F01,"Frozen Rack 01, Level: A, Position # 032 -  Back"
F01A033,Frozen,F01,"Frozen Rack 01, Level: A, Position # 033 -  Front"
F01A034,Frozen,F01,"Frozen Rack 01, Level: A, Position # 034 -  Back"
F01A035,Frozen,F01,"Frozen Rack 01, Level: A, Position # 035 -  Front"
F01A036,Frozen,F01,"Frozen Rack 01, Level: A, Position # 036 -  Back"
F01A037,Frozen,F01,"Frozen Rack 01, Level: A, Position # 037 -  Front"
F01A038,Frozen,F01,"Frozen Rack 01, Level: A, Position # 038 -  Back"
F01A039,Frozen,F01,"Frozen Rack 01, Level: A, Position # 039 -  Front"
F01A040,Frozen,F01,"Frozen Rack 01, Level: A, Position # 040 -  Back"
F01A041,Frozen,F01,"Frozen Rack 01, Level: A, Position # 041 -  Front"
F01A042,Frozen,F01,"Frozen Rack 01, Level: A, Position # 042 -  Back"
F01A043,Frozen,F01,"Frozen Rack 01, Level: A, Position # 043 -  Front"
F01A044,Frozen,F01,"Frozen Rack 01, Level: A, Position # 044 -  Back"
F01A045,Frozen,F01,"Frozen Rack 01, Level: A, Position # 045 -  Front"
F01A046,Frozen,F01,"Frozen Rack 01, Level: A, Position # 046 -  Back"
F01A047,Frozen,F01,"Frozen Rack 01, Level: A, Position # 047 -  Front"
F01A048,Frozen,F01,"Frozen Rack 01, Level: A, Position # 048 -  Back"
F01A049,Frozen,F01,"Frozen Rack 01, Level: A, Position # 049 -  Front"
F01A050,Frozen,F01,"Frozen Rack 01, Level: A, Position # 050 -  Back"
F01A051,Frozen,F01,"Frozen Rack 01, Level: A, Position # 051 -  Front"
F01A052,Frozen,F01,"Frozen Rack 01, Level: A, Position # 052 -  Back"
F01A053,Frozen,F01,"Frozen Rack 01, Level: A, Position # 053 -  Front"
F01A054,Frozen,F01,"Frozen Rack 01, Level: A, Position # 054 -  Back"
F01A061,Frozen,F01,"Frozen Rack 01, Level: A, Position # 061 -  Front"
F01A062,Frozen,F01,"Frozen Rack 01, Level: A, Position # 062 -  Back"
F01A063,Frozen,F01,"Frozen Rack 01, Level: A, Position # 063 -  Front"
F01A064,Frozen,F01,"Frozen Rack 01, Level: A, Position # 064 -  Back"
F01A065,Frozen,F01,"Frozen Rack 01, Level: A, Position # 065 -  Front"
F01A066,Frozen,F01,"Frozen Rack 01, Level: A, Position # 066 -  Back"
F01A067,Frozen,F01,"Frozen Rack 01, Level: A, Position # 067 -  Front"
F01A068,Frozen,F01,"Frozen Rack 01, Level: A, Position # 068 -  Back"
F01A069,Frozen,F01,"Frozen Rack 01, Level: A, Position # 069 -  Front"
F01A070,Frozen,F01,"Frozen Rack 01, Level: A, Position # 070 -  Back"
F01A071,Frozen,F01,"Frozen Rack 01, Level: A, Position # 071 -  Front"
F01A072,Frozen,F01,"Frozen Rack 01, Level: A, Position # 072 -  Back"
F01A073,Frozen,F01,"Frozen Rack 01, Level: A, Position # 073 -  Front"
F01A074,Frozen,F01,"Frozen Rack 01, Level: A, Position # 074 -  Back"
F01A075,Frozen,F01,"Frozen Rack 01, Level: A, Position # 075 -  Front"
F01A076,Frozen,F01,"Frozen Rack 01, Level: A, Position # 076 -  Back"
F01A077,Frozen,F01,"Frozen Rack 01, Level: A, Position # 077 -  Front"
F01A078,Frozen,F01,"Frozen Rack 01, Level: A, Position # 078 -  Back"
F01A079,Frozen,F01,"Frozen Rack 01, Level: A, Position # 079 -  Front"
F01A080,Frozen,F01,"Frozen Rack 01, Level: A, Position # 080 -  Back"
F01A081,Frozen,F01,"Frozen Rack 01, Level: A, Position # 081 -  Front"
F01A082,Frozen,F01,"Frozen Rack 01, Level: A, Position # 082 -  Back"
F01A083,Frozen,F01,"Frozen Rack 01, Level: A, Position # 083 -  Front"
F01A084,Frozen,F01,"Frozen Rack 01, Level: A, Position # 084 -  Back"
F01A085,Frozen,F01,"Frozen Rack 01, Level: A, Position # 085 -  Front"
F01A086,Frozen,F01,"Frozen Rack 01, Level: A, Position # 086 -  Back"
F01A087,Frozen,F01,"Frozen Rack 01, Level: A, Position # 087 -  Front"
F01A088,Frozen,F01,"Frozen Rack 01, Level: A, Position # 088 -  Back"
F01A089,Frozen,F01,"Frozen Rack 01, Level: A, Position # 089 -  Front"
F01A090,Frozen,F01,"Frozen Rack 01, Level: A, Position # 090 -  Back"
F01A091,Frozen,F01,"Frozen Rack 01, Level: A, Position # 091 -  Front"
F01A092,Frozen,F01,"Frozen Rack 01, Level: A, Position # 092 -  Back"
F01A093,Frozen,F01,"Frozen Rack 01, Level: A, Position # 093 -  Front"
F01A094,Frozen,F01,"Frozen Rack 01, Level: A, Position # 094 -  Back"
F01A095,Frozen,F01,"Frozen Rack 01, Level: A, Position # 095 -  Front"
F01A096,Frozen,F01,"Frozen Rack 01, Level: A, Position # 096 -  Back"
F01A103,Frozen,F01,"Frozen Rack 01, Level: A, Position # 103 -  Front"
F01A104,Frozen,F01,"Frozen Rack 01, Level: A, Position # 104 -  Back"
F01A105,Frozen,F01,"Frozen Rack 01, Level: A, Position # 105 -  Front"
F01A106,Frozen,F01,"Frozen Rack 01, Level: A, Position # 106 -  Back"
F01A107,Frozen,F01,"Frozen Rack 01, Level: A, Position # 107 -  Front"
F01A108,Frozen,F01,"Frozen Rack 01, Level: A, Position # 108 -  Back"
F01A109,Frozen,F01,"Frozen Rack 01, Level: A, Position # 109 -  Front"
F01A110,Frozen,F01,"Frozen Rack 01, Level: A, Position # 110 -  Back"
F01A111,Frozen,F01,"Frozen Rack 01, Level: A, Position # 111 -  Front"
F01A112,Frozen,F01,"Frozen Rack 01, Level: A, Position # 112 -  Back"
F01B001,Frozen,F01,"Frozen Rack 01, Level: B, Position # 001 -  Front"
F01B002,Frozen,F01,"Frozen Rack 01, Level: B, Position # 002 -  Back"
F01B003,Frozen,F01,"Frozen Rack 01, Level: B, Position # 003 -  Front"
F01B004,Frozen,F01,"Frozen Rack 01, Level: B, Position # 004 -  Back"
F01B005,Frozen,F01,"Frozen Rack 01, Level: B, Position # 005 -  Front"
F01B006,Frozen,F01,"Frozen Rack 01, Level: B, Position # 006 -  Back"
F01B007,Frozen,F01,"Frozen Rack 01, Level: B, Position # 007 -  Front"
F01B008,Frozen,F01,"Frozen Rack 01, Level: B, Position # 008 -  Back"
F01B009,Frozen,F01,"Frozen Rack 01, Level: B, Position # 009 -  Front"
F01B010,Frozen,F01,"Frozen Rack 01, Level: B, Position # 010 -  Back"
F01B011,Frozen,F01,"Frozen Rack 01, Level: B, Position # 011 -  Front"
F01B012,Frozen,F01,"Frozen Rack 01, Level: B, Position # 012 -  Back"
F01B013,Frozen,F01,"Frozen Rack 01, Level: B, Position # 013 -  Front"
F01B014,Frozen,F01,"Frozen Rack 01, Level: B, Position # 014 -  Back"
F01B015,Frozen,F01,"Frozen Rack 01, Level: B, Position # 015 -  Front"
F01B016,Frozen,F01,"Frozen Rack 01, Level: B, Position # 016 -  Back"
F01B017,Frozen,F01,"Frozen Rack 01, Level: B, Position # 017 -  Front"
F01B018,Frozen,F01,"Frozen Rack 01, Level: B, Position # 018 -  Back"
F01B019,Frozen,F01,"Frozen Rack 01, Level: B, Position # 019 -  Front"
F01B020,Frozen,F01,"Frozen Rack 01, Level: B, Position # 020 -  Back"
F01B021,Frozen,F01,"Frozen Rack 01, Level: B, Position # 021 -  Front"
F01B022,Frozen,F01,"Frozen Rack 01, Level: B, Position # 022 -  Back"
F01B023,Frozen,F01,"Frozen Rack 01, Level: B, Position # 023 -  Front"
F01B024,Frozen,F01,"Frozen Rack 01, Level: B, Position # 024 -  Back"
F01B025,Frozen,F01,"Frozen Rack 01, Level: B, Position # 025 -  Front"
F01B026,Frozen,F01,"Frozen Rack 01, Level: B, Position # 026 -  Back"
F01B027,Frozen,F01,"Frozen Rack 01, Level: B, Position # 027 -  Front"
F01B028,Frozen,F01,"Frozen Rack 01, Level: B, Position # 028 -  Back"
F01B029,Frozen,F01,"Frozen Rack 01, Level: B, Position # 029 -  Front"
F01B030,Frozen,F01,"Frozen Rack 01, Level: B, Position # 030 -  Back"
F01B031,Frozen,F01,"Frozen Rack 01, Level: B, Position # 031 -  Front"
F01B032,Frozen,F01,"Frozen Rack 01, Level: B, Position # 032 -  Back"
F01B033,Frozen,F01,"Frozen Rack 01, Level: B, Position # 033 -  Front"
F01B034,Frozen,F01,"Frozen Rack 01, Level: B, Position # 034 -  Back"
F01B035,Frozen,F01,"Frozen Rack 01, Level: B, Position # 035 -  Front"
F01B036,Frozen,F01,"Frozen Rack 01, Level: B, Position # 036 -  Back"
F01B037,Frozen,F01,"Frozen Rack 01, Level: B, Position # 037 -  Front"
F01B038,Frozen,F01,"Frozen Rack 01, Level: B, Position # 038 -  Back"
F01B039,Frozen,F01,"Frozen Rack 01, Level: B, Position # 039 -  Front"
F01B040,Frozen,F01,"Frozen Rack 01, Level: B, Position # 040 -  Back"
F01B041,Frozen,F01,"Frozen Rack 01, Level: B, Position # 041 -  Front"
F01B042,Frozen,F01,"Frozen Rack 01, Level: B, Position # 042 -  Back"
F01B043,Frozen,F01,"Frozen Rack 01, Level: B, Position # 043 -  Front"
F01B044,Frozen,F01,"Frozen Rack 01, Level: B, Position # 044 -  Back"
F01B045,Frozen,F01,"Frozen Rack 01, Level: B, Position # 045 -  Front"
F01B046,Frozen,F01,"Frozen Rack 01, Level: B, Position # 046 -  Back"
F01B047,Frozen,F01,"Frozen Rack 01, Level: B, Position # 047 -  Front"
F01B048,Frozen,F01,"Frozen Rack 01, Level: B, Position # 048 -  Back"
F01B049,Frozen,F01,"Frozen Rack 01, Level: B, Position # 049 -  Front"
F01B050,Frozen,F01,"Frozen Rack 01, Level: B, Position # 050 -  Back"
F01B051,Frozen,F01,"Frozen Rack 01, Level: B, Position # 051 -  Front"
F01B052,Frozen,F01,"Frozen Rack 01, Level: B, Position # 052 -  Back"
F01B053,Frozen,F01,"Frozen Rack 01, Level: B, Position # 053 -  Front"
F01B054,Frozen,F01,"Frozen Rack 01, Level: B, Position # 054 -  Back"
F01B055,Frozen,F01,"Frozen Rack 01, Level: B, Position # 055 -  Front"
F01B056,Frozen,F01,"Frozen Rack 01, Level: B, Position # 056 -  Back"
F01B057,Frozen,F01,"Frozen Rack 01, Level: B, Position # 057 -  Front"
F01B058,Frozen,F01,"Frozen Rack 01, Level: B, Position # 058 -  Back"
F01B059,Frozen,F01,"Frozen Rack 01, Level: B, Position # 059 -  Front"
F01B060,Frozen,F01,"Frozen Rack 01, Level: B, Position # 060 -  Back"
F01B061,Frozen,F01,"Frozen Rack 01, Level: B, Position # 061 -  Front"
F01B062,Frozen,F01,"Frozen Rack 01, Level: B, Position # 062 -  Back"
F01B063,Frozen,F01,"Frozen Rack 01, Level: B, Position # 063 -  Front"
F01B064,Frozen,F01,"Frozen Rack 01, Level: B, Position # 064 -  Back"
F01B065,Frozen,F01,"Frozen Rack 01, Level: B, Position # 065 -  Front"
F01B066,Frozen,F01,"Frozen Rack 01, Level: B, Position # 066 -  Back"
F01B067,Frozen,F01,"Frozen Rack 01, Level: B, Position # 067 -  Front"
F01B068,Frozen,F01,"Frozen Rack 01, Level: B, Position # 068 -  Back"
F01B069,Frozen,F01,"Frozen Rack 01, Level: B, Position # 069 -  Front"
F01B070,Frozen,F01,"Frozen Rack 01, Level: B, Position # 070 -  Back"
F01B071,Frozen,F01,"Frozen Rack 01, Level: B, Position # 071 -  Front"
F01B072,Frozen,F01,"Frozen Rack 01, Level: B, Position # 072 -  Back"
F01B073,Frozen,F01,"Frozen Rack 01, Level: B, Position # 073 -  Front"
F01B074,Frozen,F01,"Frozen Rack 01, Level: B, Position # 074 -  Back"
F01B075,Frozen,F01,"Frozen Rack 01, Level: B, Position # 075 -  Front"
F01B076,Frozen,F01,"Frozen Rack 01, Level: B, Position # 076 -  Back"
F01B077,Frozen,F01,"Frozen Rack 01, Level: B, Position # 077 -  Front"
F01B078,Frozen,F01,"Frozen Rack 01, Level: B, Position # 078 -  Back"
F01B079,Frozen,F01,"Frozen Rack 01, Level: B, Position # 079 -  Front"
F01B080,Frozen,F01,"Frozen Rack 01, Level: B, Position # 080 -  Back"
F01B081,Frozen,F01,"Frozen Rack 01, Level: B, Position # 081 -  Front"
F01B082,Frozen,F01,"Frozen Rack 01, Level: B, Position # 082 -  Back"
F01B083,Frozen,F01,"Frozen Rack 01, Level: B, Position # 083 -  Front"
F01B084,Frozen,F01,"Frozen Rack 01, Level: B, Position # 084 -  Back"
F01B085,Frozen,F01,"Frozen Rack 01, Level: B, Position # 085 -  Front"
F01B086,Frozen,F01,"Frozen Rack 01, Level: B, Position # 086 -  Back"
F01B087,Frozen,F01,"Frozen Rack 01, Level: B, Position # 087 -  Front"
F01B088,Frozen,F01,"Frozen Rack 01, Level: B, Position # 088 -  Back"
F01B089,Frozen,F01,"Frozen Rack 01, Level: B, Position # 089 -  Front"
F01B090,Frozen,F01,"Frozen Rack 01, Level: B, Position # 090 -  Back"
F01B091,Frozen,F01,"Frozen Rack 01, Level: B, Position # 091 -  Front"
F01B092,Frozen,F01,"Frozen Rack 01, Level: B, Position # 092 -  Back"
F01B093,Frozen,F01,"Frozen Rack 01, Level: B, Position # 093 -  Front"
F01B094,Frozen,F01,"Frozen Rack 01, Level: B, Position # 094 -  Back"
F01B095,Frozen,F01,"Frozen Rack 01, Level: B, Position # 095 -  Front"
F01B096,Frozen,F01,"Frozen Rack 01, Level: B, Position # 096 -  Back"
F01B097,Frozen,F01,"Frozen Rack 01, Level: B, Position # 097 -  Front"
F01B098,Frozen,F01,"Frozen Rack 01, Level: B, Position # 098 -  Back"
F01B099,Frozen,F01,"Frozen Rack 01, Level: B, Position # 099 -  Front"
F01B100,Frozen,F01,"Frozen Rack 01, Level: B, Position # 100 -  Back"
F01B101,Frozen,F01,"Frozen Rack 01, Level: B, Position # 101 -  Front"
F01B102,Frozen,F01,"Frozen Rack 01, Level: B, Position # 102 -  Back"
F01B103,Frozen,F01,"Frozen Rack 01, Level: B, Position # 103 -  Front"
F01B104,Frozen,F01,"Frozen Rack 01, Level: B, Position # 104 -  Back"
F01B105,Frozen,F01,"Frozen Rack 01, Level: B, Position # 105 -  Front"
F01B106,Frozen,F01,"Frozen Rack 01, Level: B, Position # 106 -  Back"
F01B107,Frozen,F01,"Frozen Rack 01, Level: B, Position # 107 -  Front"
F01B108,Frozen,F01,"Frozen Rack 01, Level: B, Position # 108 -  Back"
F01B109,Frozen,F01,"Frozen Rack 01, Level: B, Position # 109 -  Front"
F01B110,Frozen,F01,"Frozen Rack 01, Level: B, Position # 110 -  Back"
F01B111,Frozen,F01,"Frozen Rack 01, Level: B, Position # 111 -  Front"
F01B112,Frozen,F01,"Frozen Rack 01, Level: B, Position # 112 -  Back"
F01C001,Frozen,F01,"Frozen Rack 01, Level: C, Position # 001 -  Front"
F01C002,Frozen,F01,"Frozen Rack 01, Level: C, Position # 002 -  Back"
F01C003,Frozen,F01,"Frozen Rack 01, Level: C, Position # 003 -  Front"
F01C004,Frozen,F01,"Frozen Rack 01, Level: C, Position # 004 -  Back"
F01C005,Frozen,F01,"Frozen Rack 01, Level: C, Position # 005 -  Front"
F01C006,Frozen,F01,"Frozen Rack 01, Level: C, Position # 006 -  Back"
F01C007,Frozen,F01,"Frozen Rack 01, Level: C, Position # 007 -  Front"
F01C008,Frozen,F01,"Frozen Rack 01, Level: C, Position # 008 -  Back"
F01C009,Frozen,F01,"Frozen Rack 01, Level: C, Position # 009 -  Front"
F01C010,Frozen,F01,"Frozen Rack 01, Level: C, Position # 010 -  Back"
F01C011,Frozen,F01,"Frozen Rack 01, Level: C, Position # 011 -  Front"
F01C012,Frozen,F01,"Frozen Rack 01, Level: C, Position # 012 -  Back"
F01C013,Frozen,F01,"Frozen Rack 01, Level: C, Position # 013 -  Front"
F01C014,Frozen,F01,"Frozen Rack 01, Level: C, Position # 014 -  Back"
F01C015,Frozen,F01,"Frozen Rack 01, Level: C, Position # 015 -  Front"
F01C016,Frozen,F01,"Frozen Rack 01, Level: C, Position # 016 -  Back"
F01C017,Frozen,F01,"Frozen Rack 01, Level: C, Position # 017 -  Front"
F01C018,Frozen,F01,"Frozen Rack 01, Level: C, Position # 018 -  Back"
F01C019,Frozen,F01,"Frozen Rack 01, Level: C, Position # 019 -  Front"
F01C020,Frozen,F01,"Frozen Rack 01, Level: C, Position # 020 -  Back"
F01C021,Frozen,F01,"Frozen Rack 01, Level: C, Position # 021 -  Front"
F01C022,Frozen,F01,"Frozen Rack 01, Level: C, Position # 022 -  Back"
F01C023,Frozen,F01,"Frozen Rack 01, Level: C, Position # 023 -  Front"
F01C024,Frozen,F01,"Frozen Rack 01, Level: C, Position # 024 -  Back"
F01C025,Frozen,F01,"Frozen Rack 01, Level: C, Position # 025 -  Front"
F01C026,Frozen,F01,"Frozen Rack 01, Level: C, Position # 026 -  Back"
F01C027,Frozen,F01,"Frozen Rack 01, Level: C, Position # 027 -  Front"
F01C028,Frozen,F01,"Frozen Rack 01, Level: C, Position # 028 -  Back"
F01C029,Frozen,F01,"Frozen Rack 01, Level: C, Position # 029 -  Front"
F01C030,Frozen,F01,"Frozen Rack 01, Level: C, Position # 030 -  Back"
F01C031,Frozen,F01,"Frozen Rack 01, Level: C, Position # 031 -  Front"
F01C032,Frozen,F01,"Frozen Rack 01, Level: C, Position # 032 -  Back"
F01C033,Frozen,F01,"Frozen Rack 01, Level: C, Position # 033 -  Front"
F01C034,Frozen,F01,"Frozen Rack 01, Level: C, Position # 034 -  Back"
F01C035,Frozen,F01,"Frozen Rack 01, Level: C, Position # 035 -  Front"
F01C036,Frozen,F01,"Frozen Rack 01, Level: C, Position # 036 -  Back"
F01C037,Frozen,F01,"Frozen Rack 01, Level: C, Position # 037 -  Front"
F01C038,Frozen,F01,"Frozen Rack 01, Level: C, Position # 038 -  Back"
F01C039,Frozen,F01,"Frozen Rack 01, Level: C, Position # 039 -  Front"
F01C040,Frozen,F01,"Frozen Rack 01, Level: C, Position # 040 -  Back"
F01C041,Frozen,F01,"Frozen Rack 01, Level: C, Position # 041 -  Front"
F01C042,Frozen,F01,"Frozen Rack 01, Level: C, Position # 042 -  Back"
F01C043,Frozen,F01,"Frozen Rack 01, Level: C, Position # 043 -  Front"
F01C044,Frozen,F01,"Frozen Rack 01, Level: C, Position # 044 -  Back"
F01C045,Frozen,F01,"Frozen Rack 01, Level: C, Position # 045 -  Front"
F01C046,Frozen,F01,"Frozen Rack 01, Level: C, Position # 046 -  Back"
F01C047,Frozen,F01,"Frozen Rack 01, Level: C, Position # 047 -  Front"
F01C048,Frozen,F01,"Frozen Rack 01, Level: C, Position # 048 -  Back"
F01C049,Frozen,F01,"Frozen Rack 01, Level: C, Position # 049 -  Front"
F01C050,Frozen,F01,"Frozen Rack 01, Level: C, Position # 050 -  Back"
F01C051,Frozen,F01,"Frozen Rack 01, Level: C, Position # 051 -  Front"
F01C052,Frozen,F01,"Frozen Rack 01, Level: C, Position # 052 -  Back"
F01C053,Frozen,F01,"Frozen Rack 01, Level: C, Position # 053 -  Front"
F01C054,Frozen,F01,"Frozen Rack 01, Level: C, Position # 054 -  Back"
F01C055,Frozen,F01,"Frozen Rack 01, Level: C, Position # 055 -  Front"
F01C056,Frozen,F01,"Frozen Rack 01, Level: C, Position # 056 -  Back"
F01C057,Frozen,F01,"Frozen Rack 01, Level: C, Position # 057 -  Front"
F01C058,Frozen,F01,"Frozen Rack 01, Level: C, Position # 058 -  Back"
F01C059,Frozen,F01,"Frozen Rack 01, Level: C, Position # 059 -  Front"
F01C060,Frozen,F01,"Frozen Rack 01, Level: C, Position # 060 -  Back"
F01C061,Frozen,F01,"Frozen Rack 01, Level: C, Position # 061 -  Front"
F01C062,Frozen,F01,"Frozen Rack 01, Level: C, Position # 062 -  Back"
F01C063,Frozen,F01,"Frozen Rack 01, Level: C, Position # 063 -  Front"
F01C064,Frozen,F01,"Frozen Rack 01, Level: C, Position # 064 -  Back"
F01C065,Frozen,F01,"Frozen Rack 01, Level: C, Position # 065 -  Front"
F01C066,Frozen,F01,"Frozen Rack 01, Level: C, Position # 066 -  Back"
F01C067,Frozen,F01,"Frozen Rack 01, Level: C, Position # 067 -  Front"
F01C068,Frozen,F01,"Frozen Rack 01, Level: C, Position # 068 -  Back"
F01C069,Frozen,F01,"Frozen Rack 01, Level: C, Position # 069 -  Front"
F01C070,Frozen,F01,"Frozen Rack 01, Level: C, Position # 070 -  Back"
F01C071,Frozen,F01,"Frozen Rack 01, Level: C, Position # 071 -  Front"
F01C072,Frozen,F01,"Frozen Rack 01, Level: C, Position # 072 -  Back"
F01C073,Frozen,F01,"Frozen Rack 01, Level: C, Position # 073 -  Front"
F01C074,Frozen,F01,"Frozen Rack 01, Level: C, Position # 074 -  Back"
F01C075,Frozen,F01,"Frozen Rack 01, Level: C, Position # 075 -  Front"
F01C076,Frozen,F01,"Frozen Rack 01, Level: C, Position # 076 -  Back"
F01C077,Frozen,F01,"Frozen Rack 01, Level: C, Position # 077 -  Front"
F01C078,Frozen,F01,"Frozen Rack 01, Level: C, Position # 078 -  Back"
F01C079,Frozen,F01,"Frozen Rack 01, Level: C, Position # 079 -  Front"
F01C080,Frozen,F01,"Frozen Rack 01, Level: C, Position # 080 -  Back"
F01C081,Frozen,F01,"Frozen Rack 01, Level: C, Position # 081 -  Front"
F01C082,Frozen,F01,"Frozen Rack 01, Level: C, Position # 082 -  Back"
F01C083,Frozen,F01,"Frozen Rack 01, Level: C, Position # 083 -  Front"
F01C084,Frozen,F01,"Frozen Rack 01, Level: C, Position # 084 -  Back"
F01C085,Frozen,F01,"Frozen Rack 01, Level: C, Position # 085 -  Front"
F01C086,Frozen,F01,"Frozen Rack 01, Level: C, Position # 086 -  Back"
F01C087,Frozen,F01,"Frozen Rack 01, Level: C, Position # 087 -  Front"
F01C088,Frozen,F01,"Frozen Rack 01, Level: C, Position # 088 -  Back"
F01C089,Frozen,F01,"Frozen Rack 01, Level: C, Position # 089 -  Front"
F01C090,Frozen,F01,"Frozen Rack 01, Level: C, Position # 090 -  Back"
F01C091,Frozen,F01,"Frozen Rack 01, Level: C, Position # 091 -  Front"
F01C092,Frozen,F01,"Frozen Rack 01, Level: C, Position # 092 -  Back"
F01C093,Frozen,F01,"Frozen Rack 01, Level: C, Position # 093 -  Front"
F01C094,Frozen,F01,"Frozen Rack 01, Level: C, Position # 094 -  Back"
F01C095,Frozen,F01,"Frozen Rack 01, Level: C, Position # 095 -  Front"
F01C096,Frozen,F01,"Frozen Rack 01, Level: C, Position # 096 -  Back"
F01C097,Frozen,F01,"Frozen Rack 01, Level: C, Position # 097 -  Front"
F01C098,Frozen,F01,"Frozen Rack 01, Level: C, Position # 098 -  Back"
F01C099,Frozen,F01,"Frozen Rack 01, Level: C, Position # 099 -  Front"
F01C100,Frozen,F01,"Frozen Rack 01, Level: C, Position # 100 -  Back"
F01C101,Frozen,F01,"Frozen Rack 01, Level: C, Position # 101 -  Front"
F01C102,Frozen,F01,"Frozen Rack 01, Level: C, Position # 102 -  Back"
F01C103,Frozen,F01,"Frozen Rack 01, Level: C, Position # 103 -  Front"
F01C104,Frozen,F01,"Frozen Rack 01, Level: C, Position # 104 -  Back"
F01C105,Frozen,F01,"Frozen Rack 01, Level: C, Position # 105 -  Front"
F01C106,Frozen,F01,"Frozen Rack 01, Level: C, Position # 106 -  Back"
F01C107,Frozen,F01,"Frozen Rack 01, Level: C, Position # 107 -  Front"
F01C108,Frozen,F01,"Frozen Rack 01, Level: C, Position # 108 -  Back"
F01C109,Frozen,F01,"Frozen Rack 01, Level: C, Position # 109 -  Front"
F01C110,Frozen,F01,"Frozen Rack 01, Level: C, Position # 110 -  Back"
F01C111,Frozen,F01,"Frozen Rack 01, Level: C, Position # 111 -  Front"
F01C112,Frozen,F01,"Frozen Rack 01, Level: C, Position # 112 -  Back"
F01D001,Frozen,F01,"Frozen Rack 01, Level: D, Position # 001 -  Front"
F01D002,Frozen,F01,"Frozen Rack 01, Level: D, Position # 002 -  Back"
F01D003,Frozen,F01,"Frozen Rack 01, Level: D, Position # 003 -  Front"
F01D004,Frozen,F01,"Frozen Rack 01, Level: D, Position # 004 -  Back"
F01D005,Frozen,F01,"Frozen Rack 01, Level: D, Position # 005 -  Front"
F01D006,Frozen,F01,"Frozen Rack 01, Level: D, Position # 006 -  Back"
F01D007,Frozen,F01,"Frozen Rack 01, Level: D, Position # 007 -  Front"
F01D008,Frozen,F01,"Frozen Rack 01, Level: D, Position # 008 -  Back"
F01D009,Frozen,F01,"Frozen Rack 01, Level: D, Position # 009 -  Front"
F01D010,Frozen,F01,"Frozen Rack 01, Level: D, Position # 010 -  Back"
F01D011,Frozen,F01,"Frozen Rack 01, Level: D, Position # 011 -  Front"
F01D012,Frozen,F01,"Frozen Rack 01, Level: D, Position # 012 -  Back"
F01D013,Frozen,F01,"Frozen Rack 01, Level: D, Position # 013 -  Front"
F01D014,Frozen,F01,"Frozen Rack 01, Level: D, Position # 014 -  Back"
F01D015,Frozen,F01,"Frozen Rack 01, Level: D, Position # 015 -  Front"
F01D016,Frozen,F01,"Frozen Rack 01, Level: D, Position # 016 -  Back"
F01D017,Frozen,F01,"Frozen Rack 01, Level: D, Position # 017 -  Front"
F01D018,Frozen,F01,"Frozen Rack 01, Level: D, Position # 018 -  Back"
F01D019,Frozen,F01,"Frozen Rack 01, Level: D, Position # 019 -  Front"
F01D020,Frozen,F01,"Frozen Rack 01, Level: D, Position # 020 -  Back"
F01D021,Frozen,F01,"Frozen Rack 01, Level: D, Position # 021 -  Front"
F01D022,Frozen,F01,"Frozen Rack 01, Level: D, Position # 022 -  Back"
F01D023,Frozen,F01,"Frozen Rack 01, Level: D, Position # 023 -  Front"
F01D024,Frozen,F01,"Frozen Rack 01, Level: D, Position # 024 -  Back"
F01D025,Frozen,F01,"Frozen Rack 01, Level: D, Position # 025 -  Front"
F01D026,Frozen,F01,"Frozen Rack 01, Level: D, Position # 026 -  Back"
F01D027,Frozen,F01,"Frozen Rack 01, Level: D, Position # 027 -  Front"
F01D028,Frozen,F01,"Frozen Rack 01, Level: D, Position # 028 -  Back"
F01D029,Frozen,F01,"Frozen Rack 01, Level: D, Position # 029 -  Front"
F01D030,Frozen,F01,"Frozen Rack 01, Level: D, Position # 030 -  Back"
F01D031,Frozen,F01,"Frozen Rack 01, Level: D, Position # 031 -  Front"
F01D032,Frozen,F01,"Frozen Rack 01, Level: D, Position # 032 -  Back"
F01D033,Frozen,F01,"Frozen Rack 01, Level: D, Position # 033 -  Front"
F01D034,Frozen,F01,"Frozen Rack 01, Level: D, Position # 034 -  Back"
F01D035,Frozen,F01,"Frozen Rack 01, Level: D, Position # 035 -  Front"
F01D036,Frozen,F01,"Frozen Rack 01, Level: D, Position # 036 -  Back"
F01D037,Frozen,F01,"Frozen Rack 01, Level: D, Position # 037 -  Front"
F01D038,Frozen,F01,"Frozen Rack 01, Level: D, Position # 038 -  Back"
F01D039,Frozen,F01,"Frozen Rack 01, Level: D, Position # 039 -  Front"
F01D040,Frozen,F01,"Frozen Rack 01, Level: D, Position # 040 -  Back"
F01D041,Frozen,F01,"Frozen Rack 01, Level: D, Position # 041 -  Front"
F01D042,Frozen,F01,"Frozen Rack 01, Level: D, Position # 042 -  Back"
F01D043,Frozen,F01,"Frozen Rack 01, Level: D, Position # 043 -  Front"
F01D044,Frozen,F01,"Frozen Rack 01, Level: D, Position # 044 -  Back"
F01D045,Frozen,F01,"Frozen Rack 01, Level: D, Position # 045 -  Front"
F01D046,Frozen,F01,"Frozen Rack 01, Level: D, Position # 046 -  Back"
F01D047,Frozen,F01,"Frozen Rack 01, Level: D, Position # 047 -  Front"
F01D048,Frozen,F01,"Frozen Rack 01, Level: D, Position # 048 -  Back"
F01D049,Frozen,F01,"Frozen Rack 01, Level: D, Position # 049 -  Front"
F01D050,Frozen,F01,"Frozen Rack 01, Level: D, Position # 050 -  Back"
F01D051,Frozen,F01,"Frozen Rack 01, Level: D, Position # 051 -  Front"
F01D052,Frozen,F01,"Frozen Rack 01, Level: D, Position # 052 -  Back"
F01D053,Frozen,F01,"Frozen Rack 01, Level: D, Position # 053 -  Front"
F01D054,Frozen,F01,"Frozen Rack 01, Level: D, Position # 054 -  Back"
F01D055,Frozen,F01,"Frozen Rack 01, Level: D, Position # 055 -  Front"
F01D056,Frozen,F01,"Frozen Rack 01, Level: D, Position # 056 -  Back"
F01D057,Frozen,F01,"Frozen Rack 01, Level: D, Position # 057 -  Front"
F01D058,Frozen,F01,"Frozen Rack 01, Level: D, Position # 058 -  Back"
F01D059,Frozen,F01,"Frozen Rack 01, Level: D, Position # 059 -  Front"
F01D060,Frozen,F01,"Frozen Rack 01, Level: D, Position # 060 -  Back"
F01D061,Frozen,F01,"Frozen Rack 01, Level: D, Position # 061 -  Front"
F01D062,Frozen,F01,"Frozen Rack 01, Level: D, Position # 062 -  Back"
F01D063,Frozen,F01,"Frozen Rack 01, Level: D, Position # 063 -  Front"
F01D064,Frozen,F01,"Frozen Rack 01, Level: D, Position # 064 -  Back"
F01D065,Frozen,F01,"Frozen Rack 01, Level: D, Position # 065 -  Front"
F01D066,Frozen,F01,"Frozen Rack 01, Level: D, Position # 066 -  Back"
F01D067,Frozen,F01,"Frozen Rack 01, Level: D, Position # 067 -  Front"
F01D068,Frozen,F01,"Frozen Rack 01, Level: D, Position # 068 -  Back"
F01D069,Frozen,F01,"Frozen Rack 01, Level: D, Position # 069 -  Front"
F01D070,Frozen,F01,"Frozen Rack 01, Level: D, Position # 070 -  Back"
F01D071,Frozen,F01,"Frozen Rack 01, Level: D, Position # 071 -  Front"
F01D072,Frozen,F01,"Frozen Rack 01, Level: D, Position # 072 -  Back"
F01D073,Frozen,F01,"Frozen Rack 01, Level: D, Position # 073 -  Front"
F01D074,Frozen,F01,"Frozen Rack 01, Level: D, Position # 074 -  Back"
F01D075,Frozen,F01,"Frozen Rack 01, Level: D, Position # 075 -  Front"
F01D076,Frozen,F01,"Frozen Rack 01, Level: D, Position # 076 -  Back"
F01D077,Frozen,F01,"Frozen Rack 01, Level: D, Position # 077 -  Front"
F01D078,Frozen,F01,"Frozen Rack 01, Level: D, Position # 078 -  Back"
F01D079,Frozen,F01,"Frozen Rack 01, Level: D, Position # 079 -  Front"
F01D080,Frozen,F01,"Frozen Rack 01, Level: D, Position # 080 -  Back"
F01D081,Frozen,F01,"Frozen Rack 01, Level: D, Position # 081 -  Front"
F01D082,Frozen,F01,"Frozen Rack 01, Level: D, Position # 082 -  Back"
F01D083,Frozen,F01,"Frozen Rack 01, Level: D, Position # 083 -  Front"
F01D084,Frozen,F01,"Frozen Rack 01, Level: D, Position # 084 -  Back"
F01D085,Frozen,F01,"Frozen Rack 01, Level: D, Position # 085 -  Front"
F01D086,Frozen,F01,"Frozen Rack 01, Level: D, Position # 086 -  Back"
F01D087,Frozen,F01,"Frozen Rack 01, Level: D, Position # 087 -  Front"
F01D088,Frozen,F01,"Frozen Rack 01, Level: D, Position # 088 -  Back"
F01D089,Frozen,F01,"Frozen Rack 01, Level: D, Position # 089 -  Front"
F01D090,Frozen,F01,"Frozen Rack 01, Level: D, Position # 090 -  Back"
F01D091,Frozen,F01,"Frozen Rack 01, Level: D, Position # 091 -  Front"
F01D092,Frozen,F01,"Frozen Rack 01, Level: D, Position # 092 -  Back"
F01D093,Frozen,F01,"Frozen Rack 01, Level: D, Position # 093 -  Front"
F01D094,Frozen,F01,"Frozen Rack 01, Level: D, Position # 094 -  Back"
F01D095,Frozen,F01,"Frozen Rack 01, Level: D, Position # 095 -  Front"
F01D096,Frozen,F01,"Frozen Rack 01, Level: D, Position # 096 -  Back"
F01D097,Frozen,F01,"Frozen Rack 01, Level: D, Position # 097 -  Front"
F01D098,Frozen,F01,"Frozen Rack 01, Level: D, Position # 098 -  Back"
F01D099,Frozen,F01,"Frozen Rack 01, Level: D, Position # 099 -  Front"
F01D100,Frozen,F01,"Frozen Rack 01, Level: D, Position # 100 -  Back"
F01D101,Frozen,F01,"Frozen Rack 01, Level: D, Position # 101 -  Front"
F01D102,Frozen,F01,"Frozen Rack 01, Level: D, Position # 102 -  Back"
F01D103,Frozen,F01,"Frozen Rack 01, Level: D, Position # 103 -  Front"
F01D104,Frozen,F01,"Frozen Rack 01, Level: D, Position # 104 -  Back"
F01D105,Frozen,F01,"Frozen Rack 01, Level: D, Position # 105 -  Front"
F01D106,Frozen,F01,"Frozen Rack 01, Level: D, Position # 106 -  Back"
F01D107,Frozen,F01,"Frozen Rack 01, Level: D, Position # 107 -  Front"
F01D108,Frozen,F01,"Frozen Rack 01, Level: D, Position # 108 -  Back"
F01D109,Frozen,F01,"Frozen Rack 01, Level: D, Position # 109 -  Front"
F01D110,Frozen,F01,"Frozen Rack 01, Level: D, Position # 110 -  Back"
F01D111,Frozen,F01,"Frozen Rack 01, Level: D, Position # 111 -  Front"
F01D112,Frozen,F01,"Frozen Rack 01, Level: D, Position # 112 -  Back"
F01E001,Frozen,F01,"Frozen Rack 01, Level: E, Position # 001 -  Front"
F01E002,Frozen,F01,"Frozen Rack 01, Level: E, Position # 002 -  Back"
F01E003,Frozen,F01,"Frozen Rack 01, Level: E, Position # 003 -  Front"
F01E004,Frozen,F01,"Frozen Rack 01, Level: E, Position # 004 -  Back"
F01E005,Frozen,F01,"Frozen Rack 01, Level: E, Position # 005 -  Front"
F01E006,Frozen,F01,"Frozen Rack 01, Level: E, Position # 006 -  Back"
F01E007,Frozen,F01,"Frozen Rack 01, Level: E, Position # 007 -  Front"
F01E008,Frozen,F01,"Frozen Rack 01, Level: E, Position # 008 -  Back"
F01E009,Frozen,F01,"Frozen Rack 01, Level: E, Position # 009 -  Front"
F01E010,Frozen,F01,"Frozen Rack 01, Level: E, Position # 010 -  Back"
F01E011,Frozen,F01,"Frozen Rack 01, Level: E, Position # 011 -  Front"
F01E012,Frozen,F01,"Frozen Rack 01, Level: E, Position # 012 -  Back"
F01E013,Frozen,F01,"Frozen Rack 01, Level: E, Position # 013 -  Front"
F01E014,Frozen,F01,"Frozen Rack 01, Level: E, Position # 014 -  Back"
F01E015,Frozen,F01,"Frozen Rack 01, Level: E, Position # 015 -  Front"
F01E016,Frozen,F01,"Frozen Rack 01, Level: E, Position # 016 -  Back"
F01E017,Frozen,F01,"Frozen Rack 01, Level: E, Position # 017 -  Front"
F01E018,Frozen,F01,"Frozen Rack 01, Level: E, Position # 018 -  Back"
F01E019,Frozen,F01,"Frozen Rack 01, Level: E, Position # 019 -  Front"
F01E020,Frozen,F01,"Frozen Rack 01, Level: E, Position # 020 -  Back"
F01E021,Frozen,F01,"Frozen Rack 01, Level: E, Position # 021 -  Front"
F01E022,Frozen,F01,"Frozen Rack 01, Level: E, Position # 022 -  Back"
F01E023,Frozen,F01,"Frozen Rack 01, Level: E, Position # 023 -  Front"
F01E024,Frozen,F01,"Frozen Rack 01, Level: E, Position # 024 -  Back"
F01E025,Frozen,F01,"Frozen Rack 01, Level: E, Position # 025 -  Front"
F01E026,Frozen,F01,"Frozen Rack 01, Level: E, Position # 026 -  Back"
F01E027,Frozen,F01,"Frozen Rack 01, Level: E, Position # 027 -  Front"
F01E028,Frozen,F01,"Frozen Rack 01, Level: E, Position # 028 -  Back"
F01E029,Frozen,F01,"Frozen Rack 01, Level: E, Position # 029 -  Front"
F01E030,Frozen,F01,"Frozen Rack 01, Level: E, Position # 030 -  Back"
F01E031,Frozen,F01,"Frozen Rack 01, Level: E, Position # 031 -  Front"
F01E032,Frozen,F01,"Frozen Rack 01, Level: E, Position # 032 -  Back"
F01E033,Frozen,F01,"Frozen Rack 01, Level: E, Position # 033 -  Front"
F01E034,Frozen,F01,"Frozen Rack 01, Level: E, Position # 034 -  Back"
F01E035,Frozen,F01,"Frozen Rack 01, Level: E, Position # 035 -  Front"
F01E036,Frozen,F01,"Frozen Rack 01, Level: E, Position # 036 -  Back"
F01E037,Frozen,F01,"Frozen Rack 01, Level: E, Position # 037 -  Front"
F01E038,Frozen,F01,"Frozen Rack 01, Level: E, Position # 038 -  Back"
F01E039,Frozen,F01,"Frozen Rack 01, Level: E, Position # 039 -  Front"
F01E040,Frozen,F01,"Frozen Rack 01, Level: E, Position # 040 -  Back"
F01E041,Frozen,F01,"Frozen Rack 01, Level: E, Position # 041 -  Front"
F01E042,Frozen,F01,"Frozen Rack 01, Level: E, Position # 042 -  Back"
F01E043,Frozen,F01,"Frozen Rack 01, Level: E, Position # 043 -  Front"
F01E044,Frozen,F01,"Frozen Rack 01, Level: E, Position # 044 -  Back"
F01E045,Frozen,F01,"Frozen Rack 01, Level: E, Position # 045 -  Front"
F01E046,Frozen,F01,"Frozen Rack 01, Level: E, Position # 046 -  Back"
F01E047,Frozen,F01,"Frozen Rack 01, Level: E, Position # 047 -  Front"
F01E048,Frozen,F01,"Frozen Rack 01, Level: E, Position # 048 -  Back"
F01E049,Frozen,F01,"Frozen Rack 01, Level: E, Position # 049 -  Front"
F01E050,Frozen,F01,"Frozen Rack 01, Level: E, Position # 050 -  Back"
F01E051,Frozen,F01,"Frozen Rack 01, Level: E, Position # 051 -  Front"
F01E052,Frozen,F01,"Frozen Rack 01, Level: E, Position # 052 -  Back"
F01E053,Frozen,F01,"Frozen Rack 01, Level: E, Position # 053 -  Front"
F01E054,Frozen,F01,"Frozen Rack 01, Level: E, Position # 054 -  Back"
F01E055,Frozen,F01,"Frozen Rack 01, Level: E, Position # 055 -  Front"
F01E056,Frozen,F01,"Frozen Rack 01, Level: E, Position # 056 -  Back"
F01E057,Frozen,F01,"Frozen Rack 01, Level: E, Position # 057 -  Front"
F01E058,Frozen,F01,"Frozen Rack 01, Level: E, Position # 058 -  Back"
F01E059,Frozen,F01,"Frozen Rack 01, Level: E, Position # 059 -  Front"
F01E060,Frozen,F01,"Frozen Rack 01, Level: E, Position # 060 -  Back"
F01E061,Frozen,F01,"Frozen Rack 01, Level: E, Position # 061 -  Front"
F01E062,Frozen,F01,"Frozen Rack 01, Level: E, Position # 062 -  Back"
F01E063,Frozen,F01,"Frozen Rack 01, Level: E, Position # 063 -  Front"
F01E064,Frozen,F01,"Frozen Rack 01, Level: E, Position # 064 -  Back"
F01E065,Frozen,F01,"Frozen Rack 01, Level: E, Position # 065 -  Front"
F01E066,Frozen,F01,"Frozen Rack 01, Level: E, Position # 066 -  Back"
F01E067,Frozen,F01,"Frozen Rack 01, Level: E, Position # 067 -  Front"
F01E068,Frozen,F01,"Frozen Rack 01, Level: E, Position # 068 -  Back"
F01E069,Frozen,F01,"Frozen Rack 01, Level: E, Position # 069 -  Front"
F01E070,Frozen,F01,"Frozen Rack 01, Level: E, Position # 070 -  Back"
F01E071,Frozen,F01,"Frozen Rack 01, Level: E, Position # 071 -  Front"
F01E072,Frozen,F01,"Frozen Rack 01, Level: E, Position # 072 -  Back"
F01E073,Frozen,F01,"Frozen Rack 01, Level: E, Position # 073 -  Front"
F01E074,Frozen,F01,"Frozen Rack 01, Level: E, Position # 074 -  Back"
F01E075,Frozen,F01,"Frozen Rack 01, Level: E, Position # 075 -  Front"
F01E076,Frozen,F01,"Frozen Rack 01, Level: E, Position # 076 -  Back"
F01E077,Frozen,F01,"Frozen Rack 01, Level: E, Position # 077 -  Front"
F01E078,Frozen,F01,"Frozen Rack 01, Level: E, Position # 078 -  Back"
F01E079,Frozen,F01,"Frozen Rack 01, Level: E, Position # 079 -  Front"
F01E080,Frozen,F01,"Frozen Rack 01, Level: E, Position # 080 -  Back"
F01E081,Frozen,F01,"Frozen Rack 01, Level: E, Position # 081 -  Front"
F01E082,Frozen,F01,"Frozen Rack 01, Level: E, Position # 082 -  Back"
F01E083,Frozen,F01,"Frozen Rack 01, Level: E, Position # 083 -  Front"
F01E084,Frozen,F01,"Frozen Rack 01, Level: E, Position # 084 -  Back"
F01E085,Frozen,F01,"Frozen Rack 01, Level: E, Position # 085 -  Front"
F01E086,Frozen,F01,"Frozen Rack 01, Level: E, Position # 086 -  Back"
F01E087,Frozen,F01,"Frozen Rack 01, Level: E, Position # 087 -  Front"
F01E088,Frozen,F01,"Frozen Rack 01, Level: E, Position # 088 -  Back"
F01E089,Frozen,F01,"Frozen Rack 01, Level: E, Position # 089 -  Front"
F01E090,Frozen,F01,"Frozen Rack 01, Level: E, Position # 090 -  Back"
F01E091,Frozen,F01,"Frozen Rack 01, Level: E, Position # 091 -  Front"
F01E092,Frozen,F01,"Frozen Rack 01, Level: E, Position # 092 -  Back"
F01E093,Frozen,F01,"Frozen Rack 01, Level: E, Position # 093 -  Front"
F01E094,Frozen,F01,"Frozen Rack 01, Level: E, Position # 094 -  Back"
F01E095,Frozen,F01,"Frozen Rack 01, Level: E, Position # 095 -  Front"
F01E096,Frozen,F01,"Frozen Rack 01, Level: E, Position # 096 -  Back"
F01E097,Frozen,F01,"Frozen Rack 01, Level: E, Position # 097 -  Front"
F01E098,Frozen,F01,"Frozen Rack 01, Level: E, Position # 098 -  Back"
F01E099,Frozen,F01,"Frozen Rack 01, Level: E, Position # 099 -  Front"
F01E100,Frozen,F01,"Frozen Rack 01, Level: E, Position # 100 -  Back"
F01E101,Frozen,F01,"Frozen Rack 01, Level: E, Position # 101 -  Front"
F01E102,Frozen,F01,"Frozen Rack 01, Level: E, Position # 102 -  Back"
F01E103,Frozen,F01,"Frozen Rack 01, Level: E, Position # 103 -  Front"
F01E104,Frozen,F01,"Frozen Rack 01, Level: E, Position # 104 -  Back"
F01E105,Frozen,F01,"Frozen Rack 01, Level: E, Position # 105 -  Front"
F01E106,Frozen,F01,"Frozen Rack 01, Level: E, Position # 106 -  Back"
F01E107,Frozen,F01,"Frozen Rack 01, Level: E, Position # 107 -  Front"
F01E108,Frozen,F01,"Frozen Rack 01, Level: E, Position # 108 -  Back"
F01E109,Frozen,F01,"Frozen Rack 01, Level: E, Position # 109 -  Front"
F01E110,Frozen,F01,"Frozen Rack 01, Level: E, Position # 110 -  Back"
F01E111,Frozen,F01,"Frozen Rack 01, Level: E, Position # 111 -  Front"
F01E112,Frozen,F01,"Frozen Rack 01, Level: E, Position # 112 -  Back"
F01F001,Frozen,F01,"Frozen Rack 01, Level: F, Position # 001 -  Front"
F01F002,Frozen,F01,"Frozen Rack 01, Level: F, Position # 002 -  Back"
F01F003,Frozen,F01,"Frozen Rack 01, Level: F, Position # 003 -  Front"
F01F004,Frozen,F01,"Frozen Rack 01, Level: F, Position # 004 -  Back"
F01F005,Frozen,F01,"Frozen Rack 01, Level: F, Position # 005 -  Front"
F01F006,Frozen,F01,"Frozen Rack 01, Level: F, Position # 006 -  Back"
F01F007,Frozen,F01,"Frozen Rack 01, Level: F, Position # 007 -  Front"
F01F008,Frozen,F01,"Frozen Rack 01, Level: F, Position # 008 -  Back"
F01F009,Frozen,F01,"Frozen Rack 01, Level: F, Position # 009 -  Front"
F01F010,Frozen,F01,"Frozen Rack 01, Level: F, Position # 010 -  Back"
F01F011,Frozen,F01,"Frozen Rack 01, Level: F, Position # 011 -  Front"
F01F012,Frozen,F01,"Frozen Rack 01, Level: F, Position # 012 -  Back"
F01F013,Frozen,F01,"Frozen Rack 01, Level: F, Position # 013 -  Front"
F01F014,Frozen,F01,"Frozen Rack 01, Level: F, Position # 014 -  Back"
F01F015,Frozen,F01,"Frozen Rack 01, Level: F, Position # 015 -  Front"
F01F016,Frozen,F01,"Frozen Rack 01, Level: F, Position # 016 -  Back"
F01F017,Frozen,F01,"Frozen Rack 01, Level: F, Position # 017 -  Front"
F01F018,Frozen,F01,"Frozen Rack 01, Level: F, Position # 018 -  Back"
F01F019,Frozen,F01,"Frozen Rack 01, Level: F, Position # 019 -  Front"
F01F020,Frozen,F01,"Frozen Rack 01, Level: F, Position # 020 -  Back"
F01F021,Frozen,F01,"Frozen Rack 01, Level: F, Position # 021 -  Front"
F01F022,Frozen,F01,"Frozen Rack 01, Level: F, Position # 022 -  Back"
F01F023,Frozen,F01,"Frozen Rack 01, Level: F, Position # 023 -  Front"
F01F024,Frozen,F01,"Frozen Rack 01, Level: F, Position # 024 -  Back"
F01F025,Frozen,F01,"Frozen Rack 01, Level: F, Position # 025 -  Front"
F01F026,Frozen,F01,"Frozen Rack 01, Level: F, Position # 026 -  Back"
F01F027,Frozen,F01,"Frozen Rack 01, Level: F, Position # 027 -  Front"
F01F028,Frozen,F01,"Frozen Rack 01, Level: F, Position # 028 -  Back"
F01F029,Frozen,F01,"Frozen Rack 01, Level: F, Position # 029 -  Front"
F01F030,Frozen,F01,"Frozen Rack 01, Level: F, Position # 030 -  Back"
F01F031,Frozen,F01,"Frozen Rack 01, Level: F, Position # 031 -  Front"
F01F032,Frozen,F01,"Frozen Rack 01, Level: F, Position # 032 -  Back"
F01F033,Frozen,F01,"Frozen Rack 01, Level: F, Position # 033 -  Front"
F01F034,Frozen,F01,"Frozen Rack 01, Level: F, Position # 034 -  Back"
F01F035,Frozen,F01,"Frozen Rack 01, Level: F, Position # 035 -  Front"
F01F036,Frozen,F01,"Frozen Rack 01, Level: F, Position # 036 -  Back"
F01F037,Frozen,F01,"Frozen Rack 01, Level: F, Position # 037 -  Front"
F01F038,Frozen,F01,"Frozen Rack 01, Level: F, Position # 038 -  Back"
F01F039,Frozen,F01,"Frozen Rack 01, Level: F, Position # 039 -  Front"
F01F040,Frozen,F01,"Frozen Rack 01, Level: F, Position # 040 -  Back"
F01F041,Frozen,F01,"Frozen Rack 01, Level: F, Position # 041 -  Front"
F01F042,Frozen,F01,"Frozen Rack 01, Level: F, Position # 042 -  Back"
F01F043,Frozen,F01,"Frozen Rack 01, Level: F, Position # 043 -  Front"
F01F044,Frozen,F01,"Frozen Rack 01, Level: F, Position # 044 -  Back"
F01F045,Frozen,F01,"Frozen Rack 01, Level: F, Position # 045 -  Front"
F01F046,Frozen,F01,"Frozen Rack 01, Level: F, Position # 046 -  Back"
F01F047,Frozen,F01,"Frozen Rack 01, Level: F, Position # 047 -  Front"
F01F048,Frozen,F01,"Frozen Rack 01, Level: F, Position # 048 -  Back"
F01F049,Frozen,F01,"Frozen Rack 01, Level: F, Position # 049 -  Front"
F01F050,Frozen,F01,"Frozen Rack 01, Level: F, Position # 050 -  Back"
F01F051,Frozen,F01,"Frozen Rack 01, Level: F, Position # 051 -  Front"
F01F052,Frozen,F01,"Frozen Rack 01, Level: F, Position # 052 -  Back"
F01F053,Frozen,F01,"Frozen Rack 01, Level: F, Position # 053 -  Front"
F01F054,Frozen,F01,"Frozen Rack 01, Level: F, Position # 054 -  Back"
F01F055,Frozen,F01,"Frozen Rack 01, Level: F, Position # 055 -  Front"
F01F056,Frozen,F01,"Frozen Rack 01, Level: F, Position # 056 -  Back"
F01F057,Frozen,F01,"Frozen Rack 01, Level: F, Position # 057 -  Front"
F01F058,Frozen,F01,"Frozen Rack 01, Level: F, Position # 058 -  Back"
F01F059,Frozen,F01,"Frozen Rack 01, Level: F, Position # 059 -  Front"
F01F060,Frozen,F01,"Frozen Rack 01, Level: F, Position # 060 -  Back"
F01F061,Frozen,F01,"Frozen Rack 01, Level: F, Position # 061 -  Front"
F01F062,Frozen,F01,"Frozen Rack 01, Level: F, Position # 062 -  Back"
F01F063,Frozen,F01,"Frozen Rack 01, Level: F, Position # 063 -  Front"
F01F064,Frozen,F01,"Frozen Rack 01, Level: F, Position # 064 -  Back"
F01F065,Frozen,F01,"Frozen Rack 01, Level: F, Position # 065 -  Front"
F01F066,Frozen,F01,"Frozen Rack 01, Level: F, Position # 066 -  Back"
F01F067,Frozen,F01,"Frozen Rack 01, Level: F, Position # 067 -  Front"
F01F068,Frozen,F01,"Frozen Rack 01, Level: F, Position # 068 -  Back"
F01F069,Frozen,F01,"Frozen Rack 01, Level: F, Position # 069 -  Front"
F01F070,Frozen,F01,"Frozen Rack 01, Level: F, Position # 070 -  Back"
F01F071,Frozen,F01,"Frozen Rack 01, Level: F, Position # 071 -  Front"
F01F072,Frozen,F01,"Frozen Rack 01, Level: F, Position # 072 -  Back"
F01F073,Frozen,F01,"Frozen Rack 01, Level: F, Position # 073 -  Front"
F01F074,Frozen,F01,"Frozen Rack 01, Level: F, Position # 074 -  Back"
F01F075,Frozen,F01,"Frozen Rack 01, Level: F, Position # 075 -  Front"
F01F076,Frozen,F01,"Frozen Rack 01, Level: F, Position # 076 -  Back"
F01F077,Frozen,F01,"Frozen Rack 01, Level: F, Position # 077 -  Front"
F01F078,Frozen,F01,"Frozen Rack 01, Level: F, Position # 078 -  Back"
F01F079,Frozen,F01,"Frozen Rack 01, Level: F, Position # 079 -  Front"
F01F080,Frozen,F01,"Frozen Rack 01, Level: F, Position # 080 -  Back"
F01F081,Frozen,F01,"Frozen Rack 01, Level: F, Position # 081 -  Front"
F01F082,Frozen,F01,"Frozen Rack 01, Level: F, Position # 082 -  Back"
F01F083,Frozen,F01,"Frozen Rack 01, Level: F, Position # 083 -  Front"
F01F084,Frozen,F01,"Frozen Rack 01, Level: F, Position # 084 -  Back"
F01F085,Frozen,F01,"Frozen Rack 01, Level: F, Position # 085 -  Front"
F01F086,Frozen,F01,"Frozen Rack 01, Level: F, Position # 086 -  Back"
F01F087,Frozen,F01,"Frozen Rack 01, Level: F, Position # 087 -  Front"
F01F088,Frozen,F01,"Frozen Rack 01, Level: F, Position # 088 -  Back"
F01F089,Frozen,F01,"Frozen Rack 01, Level: F, Position # 089 -  Front"
F01F090,Frozen,F01,"Frozen Rack 01, Level: F, Position # 090 -  Back"
F01F091,Frozen,F01,"Frozen Rack 01, Level: F, Position # 091 -  Front"
F01F092,Frozen,F01,"Frozen Rack 01, Level: F, Position # 092 -  Back"
F01F093,Frozen,F01,"Frozen Rack 01, Level: F, Position # 093 -  Front"
F01F094,Frozen,F01,"Frozen Rack 01, Level: F, Position # 094 -  Back"
F01F095,Frozen,F01,"Frozen Rack 01, Level: F, Position # 095 -  Front"
F01F096,Frozen,F01,"Frozen Rack 01, Level: F, Position # 096 -  Back"
F01F097,Frozen,F01,"Frozen Rack 01, Level: F, Position # 097 -  Front"
F01F098,Frozen,F01,"Frozen Rack 01, Level: F, Position # 098 -  Back"
F01F099,Frozen,F01,"Frozen Rack 01, Level: F, Position # 099 -  Front"
F01F100,Frozen,F01,"Frozen Rack 01, Level: F, Position # 100 -  Back"
F01F101,Frozen,F01,"Frozen Rack 01, Level: F, Position # 101 -  Front"
F01F102,Frozen,F01,"Frozen Rack 01, Level: F, Position # 102 -  Back"
F01F103,Frozen,F01,"Frozen Rack 01, Level: F, Position # 103 -  Front"
F01F104,Frozen,F01,"Frozen Rack 01, Level: F, Position # 104 -  Back"
F01F105,Frozen,F01,"Frozen Rack 01, Level: F, Position # 105 -  Front"
F01F106,Frozen,F01,"Frozen Rack 01, Level: F, Position # 106 -  Back"
F01F107,Frozen,F01,"Frozen Rack 01, Level: F, Position # 107 -  Front"
F01F108,Frozen,F01,"Frozen Rack 01, Level: F, Position # 108 -  Back"
F01F109,Frozen,F01,"Frozen Rack 01, Level: F, Position # 109 -  Front"
F01F110,Frozen,F01,"Frozen Rack 01, Level: F, Position # 110 -  Back"
F01F111,Frozen,F01,"Frozen Rack 01, Level: F, Position # 111 -  Front"
F01F112,Frozen,F01,"Frozen Rack 01, Level: F, Position # 112 -  Back"
F02A001,Frozen,F02,"Frozen Rack 02, Level: A, Position # 001 -  Front"
F02A002,Frozen,F02,"Frozen Rack 02, Level: A, Position # 002 -  Back"
F02A003,Frozen,F02,"Frozen Rack 02, Level: A, Position # 003 -  Front"
F02A004,Frozen,F02,"Frozen Rack 02, Level: A, Position # 004 -  Back"
F02A005,Frozen,F02,"Frozen Rack 02, Level: A, Position # 005 -  Front"
F02A006,Frozen,F02,"Frozen Rack 02, Level: A, Position # 006 -  Back"
F02A007,Frozen,F02,"Frozen Rack 02, Level: A, Position # 007 -  Front"
F02A008,Frozen,F02,"Frozen Rack 02, Level: A, Position # 008 -  Back"
F02A009,Frozen,F02,"Frozen Rack 02, Level: A, Position # 009 -  Front"
F02A010,Frozen,F02,"Frozen Rack 02, Level: A, Position # 010 -  Back"
F02A011,Frozen,F02,"Frozen Rack 02, Level: A, Position # 011 -  Front"
F02A012,Frozen,F02,"Frozen Rack 02, Level: A, Position # 012 -  Back"
F02A019,Frozen,F02,"Frozen Rack 02, Level: A, Position # 019 -  Front"
F02A020,Frozen,F02,"Frozen Rack 02, Level: A, Position # 020 -  Back"
F02A021,Frozen,F02,"Frozen Rack 02, Level: A, Position # 021 -  Front"
F02A022,Frozen,F02,"Frozen Rack 02, Level: A, Position # 022 -  Back"
F02A023,Frozen,F02,"Frozen Rack 02, Level: A, Position # 023 -  Front"
F02A024,Frozen,F02,"Frozen Rack 02, Level: A, Position # 024 -  Back"
F02A025,Frozen,F02,"Frozen Rack 02, Level: A, Position # 025 -  Front"
F02A026,Frozen,F02,"Frozen Rack 02, Level: A, Position # 026 -  Back"
F02A027,Frozen,F02,"Frozen Rack 02, Level: A, Position # 027 -  Front"
F02A028,Frozen,F02,"Frozen Rack 02, Level: A, Position # 028 -  Back"
F02A029,Frozen,F02,"Frozen Rack 02, Level: A, Position # 029 -  Front"
F02A030,Frozen,F02,"Frozen Rack 02, Level: A, Position # 030 -  Back"
F02A031,Frozen,F02,"Frozen Rack 02, Level: A, Position # 031 -  Front"
F02A032,Frozen,F02,"Frozen Rack 02, Level: A, Position # 032 -  Back"
F02A033,Frozen,F02,"Frozen Rack 02, Level: A, Position # 033 -  Front"
F02A034,Frozen,F02,"Frozen Rack 02, Level: A, Position # 034 -  Back"
F02A035,Frozen,F02,"Frozen Rack 02, Level: A, Position # 035 -  Front"
F02A036,Frozen,F02,"Frozen Rack 02, Level: A, Position # 036 -  Back"
F02A037,Frozen,F02,"Frozen Rack 02, Level: A, Position # 037 -  Front"
F02A038,Frozen,F02,"Frozen Rack 02, Level: A, Position # 038 -  Back"
F02A039,Frozen,F02,"Frozen Rack 02, Level: A, Position # 039 -  Front"
F02A040,Frozen,F02,"Frozen Rack 02, Level: A, Position # 040 -  Back"
F02A041,Frozen,F02,"Frozen Rack 02, Level: A, Position # 041 -  Front"
F02A042,Frozen,F02,"Frozen Rack 02, Level: A, Position # 042 -  Back"
F02A043,Frozen,F02,"Frozen Rack 02, Level: A, Position # 043 -  Front"
F02A044,Frozen,F02,"Frozen Rack 02, Level: A, Position # 044 -  Back"
F02A045,Frozen,F02,"Frozen Rack 02, Level: A, Position # 045 -  Front"
F02A046,Frozen,F02,"Frozen Rack 02, Level: A, Position # 046 -  Back"
F02A047,Frozen,F02,"Frozen Rack 02, Level: A, Position # 047 -  Front"
F02A048,Frozen,F02,"Frozen Rack 02, Level: A, Position # 048 -  Back"
F02A049,Frozen,F02,"Frozen Rack 02, Level: A, Position # 049 -  Front"
F02A050,Frozen,F02,"Frozen Rack 02, Level: A, Position # 050 -  Back"
F02A051,Frozen,F02,"Frozen Rack 02, Level: A, Position # 051 -  Front"
F02A052,Frozen,F02,"Frozen Rack 02, Level: A, Position # 052 -  Back"
F02A053,Frozen,F02,"Frozen Rack 02, Level: A, Position # 053 -  Front"
F02A054,Frozen,F02,"Frozen Rack 02, Level: A, Position # 054 -  Back"
F02A061,Frozen,F02,"Frozen Rack 02, Level: A, Position # 061 -  Front"
F02A062,Frozen,F02,"Frozen Rack 02, Level: A, Position # 062 -  Back"
F02A063,Frozen,F02,"Frozen Rack 02, Level: A, Position # 063 -  Front"
F02A064,Frozen,F02,"Frozen Rack 02, Level: A, Position # 064 -  Back"
F02A065,Frozen,F02,"Frozen Rack 02, Level: A, Position # 065 -  Front"
F02A066,Frozen,F02,"Frozen Rack 02, Level: A, Position # 066 -  Back"
F02A067,Frozen,F02,"Frozen Rack 02, Level: A, Position # 067 -  Front"
F02A068,Frozen,F02,"Frozen Rack 02, Level: A, Position # 068 -  Back"
F02A069,Frozen,F02,"Frozen Rack 02, Level: A, Position # 069 -  Front"
F02A070,Frozen,F02,"Frozen Rack 02, Level: A, Position # 070 -  Back"
F02A071,Frozen,F02,"Frozen Rack 02, Level: A, Position # 071 -  Front"
F02A072,Frozen,F02,"Frozen Rack 02, Level: A, Position # 072 -  Back"
F02A073,Frozen,F02,"Frozen Rack 02, Level: A, Position # 073 -  Front"
F02A074,Frozen,F02,"Frozen Rack 02, Level: A, Position # 074 -  Back"
F02A075,Frozen,F02,"Frozen Rack 02, Level: A, Position # 075 -  Front"
F02A076,Frozen,F02,"Frozen Rack 02, Level: A, Position # 076 -  Back"
F02A077,Frozen,F02,"Frozen Rack 02, Level: A, Position # 077 -  Front"
F02A078,Frozen,F02,"Frozen Rack 02, Level: A, Position # 078 -  Back"
F02A079,Frozen,F02,"Frozen Rack 02, Level: A, Position # 079 -  Front"
F02A080,Frozen,F02,"Frozen Rack 02, Level: A, Position # 080 -  Back"
F02A081,Frozen,F02,"Frozen Rack 02, Level: A, Position # 081 -  Front"
F02A082,Frozen,F02,"Frozen Rack 02, Level: A, Position # 082 -  Back"
F02A083,Frozen,F02,"Frozen Rack 02, Level: A, Position # 083 -  Front"
F02A084,Frozen,F02,"Frozen Rack 02, Level: A, Position # 084 -  Back"
F02A085,Frozen,F02,"Frozen Rack 02, Level: A, Position # 085 -  Front"
F02A086,Frozen,F02,"Frozen Rack 02, Level: A, Position # 086 -  Back"
F02A087,Frozen,F02,"Frozen Rack 02, Level: A, Position # 087 -  Front"
F02A088,Frozen,F02,"Frozen Rack 02, Level: A, Position # 088 -  Back"
F02A089,Frozen,F02,"Frozen Rack 02, Level: A, Position # 089 -  Front"
F02A090,Frozen,F02,"Frozen Rack 02, Level: A, Position # 090 -  Back"
F02A091,Frozen,F02,"Frozen Rack 02, Level: A, Position # 091 -  Front"
F02A092,Frozen,F02,"Frozen Rack 02, Level: A, Position # 092 -  Back"
F02A093,Frozen,F02,"Frozen Rack 02, Level: A, Position # 093 -  Front"
F02A094,Frozen,F02,"Frozen Rack 02, Level: A, Position # 094 -  Back"
F02A095,Frozen,F02,"Frozen Rack 02, Level: A, Position # 095 -  Front"
F02A096,Frozen,F02,"Frozen Rack 02, Level: A, Position # 096 -  Back"
F02A103,Frozen,F02,"Frozen Rack 02, Level: A, Position # 103 -  Front"
F02A104,Frozen,F02,"Frozen Rack 02, Level: A, Position # 104 -  Back"
F02A105,Frozen,F02,"Frozen Rack 02, Level: A, Position # 105 -  Front"
F02A106,Frozen,F02,"Frozen Rack 02, Level: A, Position # 106 -  Back"
F02A107,Frozen,F02,"Frozen Rack 02, Level: A, Position # 107 -  Front"
F02A108,Frozen,F02,"Frozen Rack 02, Level: A, Position # 108 -  Back"
F02A109,Frozen,F02,"Frozen Rack 02, Level: A, Position # 109 -  Front"
F02A110,Frozen,F02,"Frozen Rack 02, Level: A, Position # 110 -  Back"
F02A111,Frozen,F02,"Frozen Rack 02, Level: A, Position # 111 -  Front"
F02A112,Frozen,F02,"Frozen Rack 02, Level: A, Position # 112 -  Back"
F02B001,Frozen,F02,"Frozen Rack 02, Level: B, Position # 001 -  Front"
F02B002,Frozen,F02,"Frozen Rack 02, Level: B, Position # 002 -  Back"
F02B003,Frozen,F02,"Frozen Rack 02, Level: B, Position # 003 -  Front"
F02B004,Frozen,F02,"Frozen Rack 02, Level: B, Position # 004 -  Back"
F02B005,Frozen,F02,"Frozen Rack 02, Level: B, Position # 005 -  Front"
F02B006,Frozen,F02,"Frozen Rack 02, Level: B, Position # 006 -  Back"
F02B007,Frozen,F02,"Frozen Rack 02, Level: B, Position # 007 -  Front"
F02B008,Frozen,F02,"Frozen Rack 02, Level: B, Position # 008 -  Back"
F02B009,Frozen,F02,"Frozen Rack 02, Level: B, Position # 009 -  Front"
F02B010,Frozen,F02,"Frozen Rack 02, Level: B, Position # 010 -  Back"
F02B011,Frozen,F02,"Frozen Rack 02, Level: B, Position # 011 -  Front"
F02B012,Frozen,F02,"Frozen Rack 02, Level: B, Position # 012 -  Back"
F02B019,Frozen,F02,"Frozen Rack 02, Level: B, Position # 019 -  Front"
F02B020,Frozen,F02,"Frozen Rack 02, Level: B, Position # 020 -  Back"
F02B021,Frozen,F02,"Frozen Rack 02, Level: B, Position # 021 -  Front"
F02B022,Frozen,F02,"Frozen Rack 02, Level: B, Position # 022 -  Back"
F02B023,Frozen,F02,"Frozen Rack 02, Level: B, Position # 023 -  Front"
F02B024,Frozen,F02,"Frozen Rack 02, Level: B, Position # 024 -  Back"
F02B025,Frozen,F02,"Frozen Rack 02, Level: B, Position # 025 -  Front"
F02B026,Frozen,F02,"Frozen Rack 02, Level: B, Position # 026 -  Back"
F02B027,Frozen,F02,"Frozen Rack 02, Level: B, Position # 027 -  Front"
F02B028,Frozen,F02,"Frozen Rack 02, Level: B, Position # 028 -  Back"
F02B029,Frozen,F02,"Frozen Rack 02, Level: B, Position # 029 -  Front"
F02B030,Frozen,F02,"Frozen Rack 02, Level: B, Position # 030 -  Back"
F02B031,Frozen,F02,"Frozen Rack 02, Level: B, Position # 031 -  Front"
F02B032,Frozen,F02,"Frozen Rack 02, Level: B, Position # 032 -  Back"
F02B033,Frozen,F02,"Frozen Rack 02, Level: B, Position # 033 -  Front"
F02B034,Frozen,F02,"Frozen Rack 02, Level: B, Position # 034 -  Back"
F02B035,Frozen,F02,"Frozen Rack 02, Level: B, Position # 035 -  Front"
F02B036,Frozen,F02,"Frozen Rack 02, Level: B, Position # 036 -  Back"
F02B037,Frozen,F02,"Frozen Rack 02, Level: B, Position # 037 -  Front"
F02B038,Frozen,F02,"Frozen Rack 02, Level: B, Position # 038 -  Back"
F02B039,Frozen,F02,"Frozen Rack 02, Level: B, Position # 039 -  Front"
F02B040,Frozen,F02,"Frozen Rack 02, Level: B, Position # 040 -  Back"
F02B041,Frozen,F02,"Frozen Rack 02, Level: B, Position # 041 -  Front"
F02B042,Frozen,F02,"Frozen Rack 02, Level: B, Position # 042 -  Back"
F02B043,Frozen,F02,"Frozen Rack 02, Level: B, Position # 043 -  Front"
F02B044,Frozen,F02,"Frozen Rack 02, Level: B, Position # 044 -  Back"
F02B045,Frozen,F02,"Frozen Rack 02, Level: B, Position # 045 -  Front"
F02B046,Frozen,F02,"Frozen Rack 02, Level: B, Position # 046 -  Back"
F02B047,Frozen,F02,"Frozen Rack 02, Level: B, Position # 047 -  Front"
F02B048,Frozen,F02,"Frozen Rack 02, Level: B, Position # 048 -  Back"
F02B049,Frozen,F02,"Frozen Rack 02, Level: B, Position # 049 -  Front"
F02B050,Frozen,F02,"Frozen Rack 02, Level: B, Position # 050 -  Back"
F02B051,Frozen,F02,"Frozen Rack 02, Level: B, Position # 051 -  Front"
F02B052,Frozen,F02,"Frozen Rack 02, Level: B, Position # 052 -  Back"
F02B053,Frozen,F02,"Frozen Rack 02, Level: B, Position # 053 -  Front"
F02B054,Frozen,F02,"Frozen Rack 02, Level: B, Position # 054 -  Back"
F02B061,Frozen,F02,"Frozen Rack 02, Level: B, Position # 061 -  Front"
F02B062,Frozen,F02,"Frozen Rack 02, Level: B, Position # 062 -  Back"
F02B063,Frozen,F02,"Frozen Rack 02, Level: B, Position # 063 -  Front"
F02B064,Frozen,F02,"Frozen Rack 02, Level: B, Position # 064 -  Back"
F02B065,Frozen,F02,"Frozen Rack 02, Level: B, Position # 065 -  Front"
F02B066,Frozen,F02,"Frozen Rack 02, Level: B, Position # 066 -  Back"
F02B067,Frozen,F02,"Frozen Rack 02, Level: B, Position # 067 -  Front"
F02B068,Frozen,F02,"Frozen Rack 02, Level: B, Position # 068 -  Back"
F02B069,Frozen,F02,"Frozen Rack 02, Level: B, Position # 069 -  Front"
F02B070,Frozen,F02,"Frozen Rack 02, Level: B, Position # 070 -  Back"
F02B071,Frozen,F02,"Frozen Rack 02, Level: B, Position # 071 -  Front"
F02B072,Frozen,F02,"Frozen Rack 02, Level: B, Position # 072 -  Back"
F02B073,Frozen,F02,"Frozen Rack 02, Level: B, Position # 073 -  Front"
F02B074,Frozen,F02,"Frozen Rack 02, Level: B, Position # 074 -  Back"
F02B075,Frozen,F02,"Frozen Rack 02, Level: B, Position # 075 -  Front"
F02B076,Frozen,F02,"Frozen Rack 02, Level: B, Position # 076 -  Back"
F02B077,Frozen,F02,"Frozen Rack 02, Level: B, Position # 077 -  Front"
F02B078,Frozen,F02,"Frozen Rack 02, Level: B, Position # 078 -  Back"
F02B079,Frozen,F02,"Frozen Rack 02, Level: B, Position # 079 -  Front"
F02B080,Frozen,F02,"Frozen Rack 02, Level: B, Position # 080 -  Back"
F02B081,Frozen,F02,"Frozen Rack 02, Level: B, Position # 081 -  Front"
F02B082,Frozen,F02,"Frozen Rack 02, Level: B, Position # 082 -  Back"
F02B083,Frozen,F02,"Frozen Rack 02, Level: B, Position # 083 -  Front"
F02B084,Frozen,F02,"Frozen Rack 02, Level: B, Position # 084 -  Back"
F02B085,Frozen,F02,"Frozen Rack 02, Level: B, Position # 085 -  Front"
F02B086,Frozen,F02,"Frozen Rack 02, Level: B, Position # 086 -  Back"
F02B087,Frozen,F02,"Frozen Rack 02, Level: B, Position # 087 -  Front"
F02B088,Frozen,F02,"Frozen Rack 02, Level: B, Position # 088 -  Back"
F02B089,Frozen,F02,"Frozen Rack 02, Level: B, Position # 089 -  Front"
F02B090,Frozen,F02,"Frozen Rack 02, Level: B, Position # 090 -  Back"
F02B091,Frozen,F02,"Frozen Rack 02, Level: B, Position # 091 -  Front"
F02B092,Frozen,F02,"Frozen Rack 02, Level: B, Position # 092 -  Back"
F02B093,Frozen,F02,"Frozen Rack 02, Level: B, Position # 093 -  Front"
F02B094,Frozen,F02,"Frozen Rack 02, Level: B, Position # 094 -  Back"
F02B095,Frozen,F02,"Frozen Rack 02, Level: B, Position # 095 -  Front"
F02B096,Frozen,F02,"Frozen Rack 02, Level: B, Position # 096 -  Back"
F02B103,Frozen,F02,"Frozen Rack 02, Level: B, Position # 103 -  Front"
F02B104,Frozen,F02,"Frozen Rack 02, Level: B, Position # 104 -  Back"
F02B105,Frozen,F02,"Frozen Rack 02, Level: B, Position # 105 -  Front"
F02B106,Frozen,F02,"Frozen Rack 02, Level: B, Position # 106 -  Back"
F02B107,Frozen,F02,"Frozen Rack 02, Level: B, Position # 107 -  Front"
F02B108,Frozen,F02,"Frozen Rack 02, Level: B, Position # 108 -  Back"
F02B109,Frozen,F02,"Frozen Rack 02, Level: B, Position # 109 -  Front"
F02B110,Frozen,F02,"Frozen Rack 02, Level: B, Position # 110 -  Back"
F02B111,Frozen,F02,"Frozen Rack 02, Level: B, Position # 111 -  Front"
F02B112,Frozen,F02,"Frozen Rack 02, Level: B, Position # 112 -  Back"
F02C001,Frozen,F02,"Frozen Rack 02, Level: C, Position # 001 -  Front"
F02C002,Frozen,F02,"Frozen Rack 02, Level: C, Position # 002 -  Back"
F02C003,Frozen,F02,"Frozen Rack 02, Level: C, Position # 003 -  Front"
F02C004,Frozen,F02,"Frozen Rack 02, Level: C, Position # 004 -  Back"
F02C005,Frozen,F02,"Frozen Rack 02, Level: C, Position # 005 -  Front"
F02C006,Frozen,F02,"Frozen Rack 02, Level: C, Position # 006 -  Back"
F02C007,Frozen,F02,"Frozen Rack 02, Level: C, Position # 007 -  Front"
F02C008,Frozen,F02,"Frozen Rack 02, Level: C, Position # 008 -  Back"
F02C009,Frozen,F02,"Frozen Rack 02, Level: C, Position # 009 -  Front"
F02C010,Frozen,F02,"Frozen Rack 02, Level: C, Position # 010 -  Back"
F02C011,Frozen,F02,"Frozen Rack 02, Level: C, Position # 011 -  Front"
F02C012,Frozen,F02,"Frozen Rack 02, Level: C, Position # 012 -  Back"
F02C019,Frozen,F02,"Frozen Rack 02, Level: C, Position # 019 -  Front"
F02C020,Frozen,F02,"Frozen Rack 02, Level: C, Position # 020 -  Back"
F02C021,Frozen,F02,"Frozen Rack 02, Level: C, Position # 021 -  Front"
F02C022,Frozen,F02,"Frozen Rack 02, Level: C, Position # 022 -  Back"
F02C023,Frozen,F02,"Frozen Rack 02, Level: C, Position # 023 -  Front"
F02C024,Frozen,F02,"Frozen Rack 02, Level: C, Position # 024 -  Back"
F02C025,Frozen,F02,"Frozen Rack 02, Level: C, Position # 025 -  Front"
F02C026,Frozen,F02,"Frozen Rack 02, Level: C, Position # 026 -  Back"
F02C027,Frozen,F02,"Frozen Rack 02, Level: C, Position # 027 -  Front"
F02C028,Frozen,F02,"Frozen Rack 02, Level: C, Position # 028 -  Back"
F02C029,Frozen,F02,"Frozen Rack 02, Level: C, Position # 029 -  Front"
F02C030,Frozen,F02,"Frozen Rack 02, Level: C, Position # 030 -  Back"
F02C031,Frozen,F02,"Frozen Rack 02, Level: C, Position # 031 -  Front"
F02C032,Frozen,F02,"Frozen Rack 02, Level: C, Position # 032 -  Back"
F02C033,Frozen,F02,"Frozen Rack 02, Level: C, Position # 033 -  Front"
F02C034,Frozen,F02,"Frozen Rack 02, Level: C, Position # 034 -  Back"
F02C035,Frozen,F02,"Frozen Rack 02, Level: C, Position # 035 -  Front"
F02C036,Frozen,F02,"Frozen Rack 02, Level: C, Position # 036 -  Back"
F02C037,Frozen,F02,"Frozen Rack 02, Level: C, Position # 037 -  Front"
F02C038,Frozen,F02,"Frozen Rack 02, Level: C, Position # 038 -  Back"
F02C039,Frozen,F02,"Frozen Rack 02, Level: C, Position # 039 -  Front"
F02C040,Frozen,F02,"Frozen Rack 02, Level: C, Position # 040 -  Back"
F02C041,Frozen,F02,"Frozen Rack 02, Level: C, Position # 041 -  Front"
F02C042,Frozen,F02,"Frozen Rack 02, Level: C, Position # 042 -  Back"
F02C043,Frozen,F02,"Frozen Rack 02, Level: C, Position # 043 -  Front"
F02C044,Frozen,F02,"Frozen Rack 02, Level: C, Position # 044 -  Back"
F02C045,Frozen,F02,"Frozen Rack 02, Level: C, Position # 045 -  Front"
F02C046,Frozen,F02,"Frozen Rack 02, Level: C, Position # 046 -  Back"
F02C047,Frozen,F02,"Frozen Rack 02, Level: C, Position # 047 -  Front"
F02C048,Frozen,F02,"Frozen Rack 02, Level: C, Position # 048 -  Back"
F02C049,Frozen,F02,"Frozen Rack 02, Level: C, Position # 049 -  Front"
F02C050,Frozen,F02,"Frozen Rack 02, Level: C, Position # 050 -  Back"
F02C051,Frozen,F02,"Frozen Rack 02, Level: C, Position # 051 -  Front"
F02C052,Frozen,F02,"Frozen Rack 02, Level: C, Position # 052 -  Back"
F02C053,Frozen,F02,"Frozen Rack 02, Level: C, Position # 053 -  Front"
F02C054,Frozen,F02,"Frozen Rack 02, Level: C, Position # 054 -  Back"
F02C061,Frozen,F02,"Frozen Rack 02, Level: C, Position # 061 -  Front"
F02C062,Frozen,F02,"Frozen Rack 02, Level: C, Position # 062 -  Back"
F02C063,Frozen,F02,"Frozen Rack 02, Level: C, Position # 063 -  Front"
F02C064,Frozen,F02,"Frozen Rack 02, Level: C, Position # 064 -  Back"
F02C065,Frozen,F02,"Frozen Rack 02, Level: C, Position # 065 -  Front"
F02C066,Frozen,F02,"Frozen Rack 02, Level: C, Position # 066 -  Back"
F02C067,Frozen,F02,"Frozen Rack 02, Level: C, Position # 067 -  Front"
F02C068,Frozen,F02,"Frozen Rack 02, Level: C, Position # 068 -  Back"
F02C069,Frozen,F02,"Frozen Rack 02, Level: C, Position # 069 -  Front"
F02C070,Frozen,F02,"Frozen Rack 02, Level: C, Position # 070 -  Back"
F02C071,Frozen,F02,"Frozen Rack 02, Level: C, Position # 071 -  Front"
F02C072,Frozen,F02,"Frozen Rack 02, Level: C, Position # 072 -  Back"
F02C073,Frozen,F02,"Frozen Rack 02, Level: C, Position # 073 -  Front"
F02C074,Frozen,F02,"Frozen Rack 02, Level: C, Position # 074 -  Back"
F02C075,Frozen,F02,"Frozen Rack 02, Level: C, Position # 075 -  Front"
F02C076,Frozen,F02,"Frozen Rack 02, Level: C, Position # 076 -  Back"
F02C077,Frozen,F02,"Frozen Rack 02, Level: C, Position # 077 -  Front"
F02C078,Frozen,F02,"Frozen Rack 02, Level: C, Position # 078 -  Back"
F02C079,Frozen,F02,"Frozen Rack 02, Level: C, Position # 079 -  Front"
F02C080,Frozen,F02,"Frozen Rack 02, Level: C, Position # 080 -  Back"
F02C081,Frozen,F02,"Frozen Rack 02, Level: C, Position # 081 -  Front"
F02C082,Frozen,F02,"Frozen Rack 02, Level: C, Position # 082 -  Back"
F02C083,Frozen,F02,"Frozen Rack 02, Level: C, Position # 083 -  Front"
F02C084,Frozen,F02,"Frozen Rack 02, Level: C, Position # 084 -  Back"
F02C085,Frozen,F02,"Frozen Rack 02, Level: C, Position # 085 -  Front"
F02C086,Frozen,F02,"Frozen Rack 02, Level: C, Position # 086 -  Back"
F02C087,Frozen,F02,"Frozen Rack 02, Level: C, Position # 087 -  Front"
F02C088,Frozen,F02,"Frozen Rack 02, Level: C, Position # 088 -  Back"
F02C089,Frozen,F02,"Frozen Rack 02, Level: C, Position # 089 -  Front"
F02C090,Frozen,F02,"Frozen Rack 02, Level: C, Position # 090 -  Back"
F02C091,Frozen,F02,"Frozen Rack 02, Level: C, Position # 091 -  Front"
F02C092,Frozen,F02,"Frozen Rack 02, Level: C, Position # 092 -  Back"
F02C093,Frozen,F02,"Frozen Rack 02, Level: C, Position # 093 -  Front"
F02C094,Frozen,F02,"Frozen Rack 02, Level: C, Position # 094 -  Back"
F02C095,Frozen,F02,"Frozen Rack 02, Level: C, Position # 095 -  Front"
F02C096,Frozen,F02,"Frozen Rack 02, Level: C, Position # 096 -  Back"
F02C103,Frozen,F02,"Frozen Rack 02, Level: C, Position # 103 -  Front"
F02C104,Frozen,F02,"Frozen Rack 02, Level: C, Position # 104 -  Back"
F02C105,Frozen,F02,"Frozen Rack 02, Level: C, Position # 105 -  Front"
F02C106,Frozen,F02,"Frozen Rack 02, Level: C, Position # 106 -  Back"
F02C107,Frozen,F02,"Frozen Rack 02, Level: C, Position # 107 -  Front"
F02C108,Frozen,F02,"Frozen Rack 02, Level: C, Position # 108 -  Back"
F02C109,Frozen,F02,"Frozen Rack 02, Level: C, Position # 109 -  Front"
F02C110,Frozen,F02,"Frozen Rack 02, Level: C, Position # 110 -  Back"
F02C111,Frozen,F02,"Frozen Rack 02, Level: C, Position # 111 -  Front"
F02C112,Frozen,F02,"Frozen Rack 02, Level: C, Position # 112 -  Back"
F02D001,Frozen,F02,"Frozen Rack 02, Level: D, Position # 001 -  Front"
F02D002,Frozen,F02,"Frozen Rack 02, Level: D, Position # 002 -  Back"
F02D003,Frozen,F02,"Frozen Rack 02, Level: D, Position # 003 -  Front"
F02D004,Frozen,F02,"Frozen Rack 02, Level: D, Position # 004 -  Back"
F02D005,Frozen,F02,"Frozen Rack 02, Level: D, Position # 005 -  Front"
F02D006,Frozen,F02,"Frozen Rack 02, Level: D, Position # 006 -  Back"
F02D007,Frozen,F02,"Frozen Rack 02, Level: D, Position # 007 -  Front"
F02D008,Frozen,F02,"Frozen Rack 02, Level: D, Position # 008 -  Back"
F02D009,Frozen,F02,"Frozen Rack 02, Level: D, Position # 009 -  Front"
F02D010,Frozen,F02,"Frozen Rack 02, Level: D, Position # 010 -  Back"
F02D011,Frozen,F02,"Frozen Rack 02, Level: D, Position # 011 -  Front"
F02D012,Frozen,F02,"Frozen Rack 02, Level: D, Position # 012 -  Back"
F02D013,Frozen,F02,"Frozen Rack 02, Level: D, Position # 013 -  Front"
F02D014,Frozen,F02,"Frozen Rack 02, Level: D, Position # 014 -  Back"
F02D015,Frozen,F02,"Frozen Rack 02, Level: D, Position # 015 -  Front"
F02D016,Frozen,F02,"Frozen Rack 02, Level: D, Position # 016 -  Back"
F02D017,Frozen,F02,"Frozen Rack 02, Level: D, Position # 017 -  Front"
F02D018,Frozen,F02,"Frozen Rack 02, Level: D, Position # 018 -  Back"
F02D019,Frozen,F02,"Frozen Rack 02, Level: D, Position # 019 -  Front"
F02D020,Frozen,F02,"Frozen Rack 02, Level: D, Position # 020 -  Back"
F02D021,Frozen,F02,"Frozen Rack 02, Level: D, Position # 021 -  Front"
F02D022,Frozen,F02,"Frozen Rack 02, Level: D, Position # 022 -  Back"
F02D023,Frozen,F02,"Frozen Rack 02, Level: D, Position # 023 -  Front"
F02D024,Frozen,F02,"Frozen Rack 02, Level: D, Position # 024 -  Back"
F02D025,Frozen,F02,"Frozen Rack 02, Level: D, Position # 025 -  Front"
F02D026,Frozen,F02,"Frozen Rack 02, Level: D, Position # 026 -  Back"
F02D027,Frozen,F02,"Frozen Rack 02, Level: D, Position # 027 -  Front"
F02D028,Frozen,F02,"Frozen Rack 02, Level: D, Position # 028 -  Back"
F02D029,Frozen,F02,"Frozen Rack 02, Level: D, Position # 029 -  Front"
F02D030,Frozen,F02,"Frozen Rack 02, Level: D, Position # 030 -  Back"
F02D031,Frozen,F02,"Frozen Rack 02, Level: D, Position # 031 -  Front"
F02D032,Frozen,F02,"Frozen Rack 02, Level: D, Position # 032 -  Back"
F02D033,Frozen,F02,"Frozen Rack 02, Level: D, Position # 033 -  Front"
F02D034,Frozen,F02,"Frozen Rack 02, Level: D, Position # 034 -  Back"
F02D035,Frozen,F02,"Frozen Rack 02, Level: D, Position # 035 -  Front"
F02D036,Frozen,F02,"Frozen Rack 02, Level: D, Position # 036 -  Back"
F02D037,Frozen,F02,"Frozen Rack 02, Level: D, Position # 037 -  Front"
F02D038,Frozen,F02,"Frozen Rack 02, Level: D, Position # 038 -  Back"
F02D039,Frozen,F02,"Frozen Rack 02, Level: D, Position # 039 -  Front"
F02D040,Frozen,F02,"Frozen Rack 02, Level: D, Position # 040 -  Back"
F02D041,Frozen,F02,"Frozen Rack 02, Level: D, Position # 041 -  Front"
F02D042,Frozen,F02,"Frozen Rack 02, Level: D, Position # 042 -  Back"
F02D043,Frozen,F02,"Frozen Rack 02, Level: D, Position # 043 -  Front"
F02D044,Frozen,F02,"Frozen Rack 02, Level: D, Position # 044 -  Back"
F02D045,Frozen,F02,"Frozen Rack 02, Level: D, Position # 045 -  Front"
F02D046,Frozen,F02,"Frozen Rack 02, Level: D, Position # 046 -  Back"
F02D047,Frozen,F02,"Frozen Rack 02, Level: D, Position # 047 -  Front"
F02D048,Frozen,F02,"Frozen Rack 02, Level: D, Position # 048 -  Back"
F02D049,Frozen,F02,"Frozen Rack 02, Level: D, Position # 049 -  Front"
F02D050,Frozen,F02,"Frozen Rack 02, Level: D, Position # 050 -  Back"
F02D051,Frozen,F02,"Frozen Rack 02, Level: D, Position # 051 -  Front"
F02D052,Frozen,F02,"Frozen Rack 02, Level: D, Position # 052 -  Back"
F02D053,Frozen,F02,"Frozen Rack 02, Level: D, Position # 053 -  Front"
F02D054,Frozen,F02,"Frozen Rack 02, Level: D, Position # 054 -  Back"
F02D055,Frozen,F02,"Frozen Rack 02, Level: D, Position # 055 -  Front"
F02D056,Frozen,F02,"Frozen Rack 02, Level: D, Position # 056 -  Back"
F02D057,Frozen,F02,"Frozen Rack 02, Level: D, Position # 057 -  Front"
F02D058,Frozen,F02,"Frozen Rack 02, Level: D, Position # 058 -  Back"
F02D059,Frozen,F02,"Frozen Rack 02, Level: D, Position # 059 -  Front"
F02D060,Frozen,F02,"Frozen Rack 02, Level: D, Position # 060 -  Back"
F02D061,Frozen,F02,"Frozen Rack 02, Level: D, Position # 061 -  Front"
F02D062,Frozen,F02,"Frozen Rack 02, Level: D, Position # 062 -  Back"
F02D063,Frozen,F02,"Frozen Rack 02, Level: D, Position # 063 -  Front"
F02D064,Frozen,F02,"Frozen Rack 02, Level: D, Position # 064 -  Back"
F02D065,Frozen,F02,"Frozen Rack 02, Level: D, Position # 065 -  Front"
F02D066,Frozen,F02,"Frozen Rack 02, Level: D, Position # 066 -  Back"
F02D067,Frozen,F02,"Frozen Rack 02, Level: D, Position # 067 -  Front"
F02D068,Frozen,F02,"Frozen Rack 02, Level: D, Position # 068 -  Back"
F02D069,Frozen,F02,"Frozen Rack 02, Level: D, Position # 069 -  Front"
F02D070,Frozen,F02,"Frozen Rack 02, Level: D, Position # 070 -  Back"
F02D071,Frozen,F02,"Frozen Rack 02, Level: D, Position # 071 -  Front"
F02D072,Frozen,F02,"Frozen Rack 02, Level: D, Position # 072 -  Back"
F02D073,Frozen,F02,"Frozen Rack 02, Level: D, Position # 073 -  Front"
F02D074,Frozen,F02,"Frozen Rack 02, Level: D, Position # 074 -  Back"
F02D075,Frozen,F02,"Frozen Rack 02, Level: D, Position # 075 -  Front"
F02D076,Frozen,F02,"Frozen Rack 02, Level: D, Position # 076 -  Back"
F02D077,Frozen,F02,"Frozen Rack 02, Level: D, Position # 077 -  Front"
F02D078,Frozen,F02,"Frozen Rack 02, Level: D, Position # 078 -  Back"
F02D079,Frozen,F02,"Frozen Rack 02, Level: D, Position # 079 -  Front"
F02D080,Frozen,F02,"Frozen Rack 02, Level: D, Position # 080 -  Back"
F02D081,Frozen,F02,"Frozen Rack 02, Level: D, Position # 081 -  Front"
F02D082,Frozen,F02,"Frozen Rack 02, Level: D, Position # 082 -  Back"
F02D083,Frozen,F02,"Frozen Rack 02, Level: D, Position # 083 -  Front"
F02D084,Frozen,F02,"Frozen Rack 02, Level: D, Position # 084 -  Back"
F02D085,Frozen,F02,"Frozen Rack 02, Level: D, Position # 085 -  Front"
F02D086,Frozen,F02,"Frozen Rack 02, Level: D, Position # 086 -  Back"
F02D087,Frozen,F02,"Frozen Rack 02, Level: D, Position # 087 -  Front"
F02D088,Frozen,F02,"Frozen Rack 02, Level: D, Position # 088 -  Back"
F02D089,Frozen,F02,"Frozen Rack 02, Level: D, Position # 089 -  Front"
F02D090,Frozen,F02,"Frozen Rack 02, Level: D, Position # 090 -  Back"
F02D091,Frozen,F02,"Frozen Rack 02, Level: D, Position # 091 -  Front"
F02D092,Frozen,F02,"Frozen Rack 02, Level: D, Position # 092 -  Back"
F02D093,Frozen,F02,"Frozen Rack 02, Level: D, Position # 093 -  Front"
F02D094,Frozen,F02,"Frozen Rack 02, Level: D, Position # 094 -  Back"
F02D095,Frozen,F02,"Frozen Rack 02, Level: D, Position # 095 -  Front"
F02D096,Frozen,F02,"Frozen Rack 02, Level: D, Position # 096 -  Back"
F02D097,Frozen,F02,"Frozen Rack 02, Level: D, Position # 097 -  Front"
F02D098,Frozen,F02,"Frozen Rack 02, Level: D, Position # 098 -  Back"
F02D099,Frozen,F02,"Frozen Rack 02, Level: D, Position # 099 -  Front"
F02D100,Frozen,F02,"Frozen Rack 02, Level: D, Position # 100 -  Back"
F02D101,Frozen,F02,"Frozen Rack 02, Level: D, Position # 101 -  Front"
F02D102,Frozen,F02,"Frozen Rack 02, Level: D, Position # 102 -  Back"
F02D103,Frozen,F02,"Frozen Rack 02, Level: D, Position # 103 -  Front"
F02D104,Frozen,F02,"Frozen Rack 02, Level: D, Position # 104 -  Back"
F02D105,Frozen,F02,"Frozen Rack 02, Level: D, Position # 105 -  Front"
F02D106,Frozen,F02,"Frozen Rack 02, Level: D, Position # 106 -  Back"
F02D107,Frozen,F02,"Frozen Rack 02, Level: D, Position # 107 -  Front"
F02D108,Frozen,F02,"Frozen Rack 02, Level: D, Position # 108 -  Back"
F02D109,Frozen,F02,"Frozen Rack 02, Level: D, Position # 109 -  Front"
F02D110,Frozen,F02,"Frozen Rack 02, Level: D, Position # 110 -  Back"
F02D111,Frozen,F02,"Frozen Rack 02, Level: D, Position # 111 -  Front"
F02D112,Frozen,F02,"Frozen Rack 02, Level: D, Position # 112 -  Back"
F02E001,Frozen,F02,"Frozen Rack 02, Level: E, Position # 001 -  Front"
F02E002,Frozen,F02,"Frozen Rack 02, Level: E, Position # 002 -  Back"
F02E003,Frozen,F02,"Frozen Rack 02, Level: E, Position # 003 -  Front"
F02E004,Frozen,F02,"Frozen Rack 02, Level: E, Position # 004 -  Back"
F02E005,Frozen,F02,"Frozen Rack 02, Level: E, Position # 005 -  Front"
F02E006,Frozen,F02,"Frozen Rack 02, Level: E, Position # 006 -  Back"
F02E007,Frozen,F02,"Frozen Rack 02, Level: E, Position # 007 -  Front"
F02E008,Frozen,F02,"Frozen Rack 02, Level: E, Position # 008 -  Back"
F02E009,Frozen,F02,"Frozen Rack 02, Level: E, Position # 009 -  Front"
F02E010,Frozen,F02,"Frozen Rack 02, Level: E, Position # 010 -  Back"
F02E011,Frozen,F02,"Frozen Rack 02, Level: E, Position # 011 -  Front"
F02E012,Frozen,F02,"Frozen Rack 02, Level: E, Position # 012 -  Back"
F02E013,Frozen,F02,"Frozen Rack 02, Level: E, Position # 013 -  Front"
F02E014,Frozen,F02,"Frozen Rack 02, Level: E, Position # 014 -  Back"
F02E015,Frozen,F02,"Frozen Rack 02, Level: E, Position # 015 -  Front"
F02E016,Frozen,F02,"Frozen Rack 02, Level: E, Position # 016 -  Back"
F02E017,Frozen,F02,"Frozen Rack 02, Level: E, Position # 017 -  Front"
F02E018,Frozen,F02,"Frozen Rack 02, Level: E, Position # 018 -  Back"
F02E019,Frozen,F02,"Frozen Rack 02, Level: E, Position # 019 -  Front"
F02E020,Frozen,F02,"Frozen Rack 02, Level: E, Position # 020 -  Back"
F02E021,Frozen,F02,"Frozen Rack 02, Level: E, Position # 021 -  Front"
F02E022,Frozen,F02,"Frozen Rack 02, Level: E, Position # 022 -  Back"
F02E023,Frozen,F02,"Frozen Rack 02, Level: E, Position # 023 -  Front"
F02E024,Frozen,F02,"Frozen Rack 02, Level: E, Position # 024 -  Back"
F02E025,Frozen,F02,"Frozen Rack 02, Level: E, Position # 025 -  Front"
F02E026,Frozen,F02,"Frozen Rack 02, Level: E, Position # 026 -  Back"
F02E027,Frozen,F02,"Frozen Rack 02, Level: E, Position # 027 -  Front"
F02E028,Frozen,F02,"Frozen Rack 02, Level: E, Position # 028 -  Back"
F02E029,Frozen,F02,"Frozen Rack 02, Level: E, Position # 029 -  Front"
F02E030,Frozen,F02,"Frozen Rack 02, Level: E, Position # 030 -  Back"
F02E031,Frozen,F02,"Frozen Rack 02, Level: E, Position # 031 -  Front"
F02E032,Frozen,F02,"Frozen Rack 02, Level: E, Position # 032 -  Back"
F02E033,Frozen,F02,"Frozen Rack 02, Level: E, Position # 033 -  Front"
F02E034,Frozen,F02,"Frozen Rack 02, Level: E, Position # 034 -  Back"
F02E035,Frozen,F02,"Frozen Rack 02, Level: E, Position # 035 -  Front"
F02E036,Frozen,F02,"Frozen Rack 02, Level: E, Position # 036 -  Back"
F02E037,Frozen,F02,"Frozen Rack 02, Level: E, Position # 037 -  Front"
F02E038,Frozen,F02,"Frozen Rack 02, Level: E, Position # 038 -  Back"
F02E039,Frozen,F02,"Frozen Rack 02, Level: E, Position # 039 -  Front"
F02E040,Frozen,F02,"Frozen Rack 02, Level: E, Position # 040 -  Back"
F02E041,Frozen,F02,"Frozen Rack 02, Level: E, Position # 041 -  Front"
F02E042,Frozen,F02,"Frozen Rack 02, Level: E, Position # 042 -  Back"
F02E043,Frozen,F02,"Frozen Rack 02, Level: E, Position # 043 -  Front"
F02E044,Frozen,F02,"Frozen Rack 02, Level: E, Position # 044 -  Back"
F02E045,Frozen,F02,"Frozen Rack 02, Level: E, Position # 045 -  Front"
F02E046,Frozen,F02,"Frozen Rack 02, Level: E, Position # 046 -  Back"
F02E047,Frozen,F02,"Frozen Rack 02, Level: E, Position # 047 -  Front"
F02E048,Frozen,F02,"Frozen Rack 02, Level: E, Position # 048 -  Back"
F02E049,Frozen,F02,"Frozen Rack 02, Level: E, Position # 049 -  Front"
F02E050,Frozen,F02,"Frozen Rack 02, Level: E, Position # 050 -  Back"
F02E051,Frozen,F02,"Frozen Rack 02, Level: E, Position # 051 -  Front"
F02E052,Frozen,F02,"Frozen Rack 02, Level: E, Position # 052 -  Back"
F02E053,Frozen,F02,"Frozen Rack 02, Level: E, Position # 053 -  Front"
F02E054,Frozen,F02,"Frozen Rack 02, Level: E, Position # 054 -  Back"
F02E055,Frozen,F02,"Frozen Rack 02, Level: E, Position # 055 -  Front"
F02E056,Frozen,F02,"Frozen Rack 02, Level: E, Position # 056 -  Back"
F02E057,Frozen,F02,"Frozen Rack 02, Level: E, Position # 057 -  Front"
F02E058,Frozen,F02,"Frozen Rack 02, Level: E, Position # 058 -  Back"
F02E059,Frozen,F02,"Frozen Rack 02, Level: E, Position # 059 -  Front"
F02E060,Frozen,F02,"Frozen Rack 02, Level: E, Position # 060 -  Back"
F02E061,Frozen,F02,"Frozen Rack 02, Level: E, Position # 061 -  Front"
F02E062,Frozen,F02,"Frozen Rack 02, Level: E, Position # 062 -  Back"
F02E063,Frozen,F02,"Frozen Rack 02, Level: E, Position # 063 -  Front"
F02E064,Frozen,F02,"Frozen Rack 02, Level: E, Position # 064 -  Back"
F02E065,Frozen,F02,"Frozen Rack 02, Level: E, Position # 065 -  Front"
F02E066,Frozen,F02,"Frozen Rack 02, Level: E, Position # 066 -  Back"
F02E067,Frozen,F02,"Frozen Rack 02, Level: E, Position # 067 -  Front"
F02E068,Frozen,F02,"Frozen Rack 02, Level: E, Position # 068 -  Back"
F02E069,Frozen,F02,"Frozen Rack 02, Level: E, Position # 069 -  Front"
F02E070,Frozen,F02,"Frozen Rack 02, Level: E, Position # 070 -  Back"
F02E071,Frozen,F02,"Frozen Rack 02, Level: E, Position # 071 -  Front"
F02E072,Frozen,F02,"Frozen Rack 02, Level: E, Position # 072 -  Back"
F02E073,Frozen,F02,"Frozen Rack 02, Level: E, Position # 073 -  Front"
F02E074,Frozen,F02,"Frozen Rack 02, Level: E, Position # 074 -  Back"
F02E075,Frozen,F02,"Frozen Rack 02, Level: E, Position # 075 -  Front"
F02E076,Frozen,F02,"Frozen Rack 02, Level: E, Position # 076 -  Back"
F02E077,Frozen,F02,"Frozen Rack 02, Level: E, Position # 077 -  Front"
F02E078,Frozen,F02,"Frozen Rack 02, Level: E, Position # 078 -  Back"
F02E079,Frozen,F02,"Frozen Rack 02, Level: E, Position # 079 -  Front"
F02E080,Frozen,F02,"Frozen Rack 02, Level: E, Position # 080 -  Back"
F02E081,Frozen,F02,"Frozen Rack 02, Level: E, Position # 081 -  Front"
F02E082,Frozen,F02,"Frozen Rack 02, Level: E, Position # 082 -  Back"
F02E083,Frozen,F02,"Frozen Rack 02, Level: E, Position # 083 -  Front"
F02E084,Frozen,F02,"Frozen Rack 02, Level: E, Position # 084 -  Back"
F02E085,Frozen,F02,"Frozen Rack 02, Level: E, Position # 085 -  Front"
F02E086,Frozen,F02,"Frozen Rack 02, Level: E, Position # 086 -  Back"
F02E087,Frozen,F02,"Frozen Rack 02, Level: E, Position # 087 -  Front"
F02E088,Frozen,F02,"Frozen Rack 02, Level: E, Position # 088 -  Back"
F02E089,Frozen,F02,"Frozen Rack 02, Level: E, Position # 089 -  Front"
F02E090,Frozen,F02,"Frozen Rack 02, Level: E, Position # 090 -  Back"
F02E091,Frozen,F02,"Frozen Rack 02, Level: E, Position # 091 -  Front"
F02E092,Frozen,F02,"Frozen Rack 02, Level: E, Position # 092 -  Back"
F02E093,Frozen,F02,"Frozen Rack 02, Level: E, Position # 093 -  Front"
F02E094,Frozen,F02,"Frozen Rack 02, Level: E, Position # 094 -  Back"
F02E095,Frozen,F02,"Frozen Rack 02, Level: E, Position # 095 -  Front"
F02E096,Frozen,F02,"Frozen Rack 02, Level: E, Position # 096 -  Back"
F02E097,Frozen,F02,"Frozen Rack 02, Level: E, Position # 097 -  Front"
F02E098,Frozen,F02,"Frozen Rack 02, Level: E, Position # 098 -  Back"
F02E099,Frozen,F02,"Frozen Rack 02, Level: E, Position # 099 -  Front"
F02E100,Frozen,F02,"Frozen Rack 02, Level: E, Position # 100 -  Back"
F02E101,Frozen,F02,"Frozen Rack 02, Level: E, Position # 101 -  Front"
F02E102,Frozen,F02,"Frozen Rack 02, Level: E, Position # 102 -  Back"
F02E103,Frozen,F02,"Frozen Rack 02, Level: E, Position # 103 -  Front"
F02E104,Frozen,F02,"Frozen Rack 02, Level: E, Position # 104 -  Back"
F02E105,Frozen,F02,"Frozen Rack 02, Level: E, Position # 105 -  Front"
F02E106,Frozen,F02,"Frozen Rack 02, Level: E, Position # 106 -  Back"
F02E107,Frozen,F02,"Frozen Rack 02, Level: E, Position # 107 -  Front"
F02E108,Frozen,F02,"Frozen Rack 02, Level: E, Position # 108 -  Back"
F02E109,Frozen,F02,"Frozen Rack 02, Level: E, Position # 109 -  Front"
F02E110,Frozen,F02,"Frozen Rack 02, Level: E, Position # 110 -  Back"
F02E111,Frozen,F02,"Frozen Rack 02, Level: E, Position # 111 -  Front"
F02E112,Frozen,F02,"Frozen Rack 02, Level: E, Position # 112 -  Back"
F02F001,Frozen,F02,"Frozen Rack 02, Level: F, Position # 001 -  Front"
F02F002,Frozen,F02,"Frozen Rack 02, Level: F, Position # 002 -  Back"
F02F003,Frozen,F02,"Frozen Rack 02, Level: F, Position # 003 -  Front"
F02F004,Frozen,F02,"Frozen Rack 02, Level: F, Position # 004 -  Back"
F02F005,Frozen,F02,"Frozen Rack 02, Level: F, Position # 005 -  Front"
F02F006,Frozen,F02,"Frozen Rack 02, Level: F, Position # 006 -  Back"
F02F007,Frozen,F02,"Frozen Rack 02, Level: F, Position # 007 -  Front"
F02F008,Frozen,F02,"Frozen Rack 02, Level: F, Position # 008 -  Back"
F02F009,Frozen,F02,"Frozen Rack 02, Level: F, Position # 009 -  Front"
F02F010,Frozen,F02,"Frozen Rack 02, Level: F, Position # 010 -  Back"
F02F011,Frozen,F02,"Frozen Rack 02, Level: F, Position # 011 -  Front"
F02F012,Frozen,F02,"Frozen Rack 02, Level: F, Position # 012 -  Back"
F02F013,Frozen,F02,"Frozen Rack 02, Level: F, Position # 013 -  Front"
F02F014,Frozen,F02,"Frozen Rack 02, Level: F, Position # 014 -  Back"
F02F015,Frozen,F02,"Frozen Rack 02, Level: F, Position # 015 -  Front"
F02F016,Frozen,F02,"Frozen Rack 02, Level: F, Position # 016 -  Back"
F02F017,Frozen,F02,"Frozen Rack 02, Level: F, Position # 017 -  Front"
F02F018,Frozen,F02,"Frozen Rack 02, Level: F, Position # 018 -  Back"
F02F019,Frozen,F02,"Frozen Rack 02, Level: F, Position # 019 -  Front"
F02F020,Frozen,F02,"Frozen Rack 02, Level: F, Position # 020 -  Back"
F02F021,Frozen,F02,"Frozen Rack 02, Level: F, Position # 021 -  Front"
F02F022,Frozen,F02,"Frozen Rack 02, Level: F, Position # 022 -  Back"
F02F023,Frozen,F02,"Frozen Rack 02, Level: F, Position # 023 -  Front"
F02F024,Frozen,F02,"Frozen Rack 02, Level: F, Position # 024 -  Back"
F02F025,Frozen,F02,"Frozen Rack 02, Level: F, Position # 025 -  Front"
F02F026,Frozen,F02,"Frozen Rack 02, Level: F, Position # 026 -  Back"
F02F027,Frozen,F02,"Frozen Rack 02, Level: F, Position # 027 -  Front"
F02F028,Frozen,F02,"Frozen Rack 02, Level: F, Position # 028 -  Back"
F02F029,Frozen,F02,"Frozen Rack 02, Level: F, Position # 029 -  Front"
F02F030,Frozen,F02,"Frozen Rack 02, Level: F, Position # 030 -  Back"
F02F031,Frozen,F02,"Frozen Rack 02, Level: F, Position # 031 -  Front"
F02F032,Frozen,F02,"Frozen Rack 02, Level: F, Position # 032 -  Back"
F02F033,Frozen,F02,"Frozen Rack 02, Level: F, Position # 033 -  Front"
F02F034,Frozen,F02,"Frozen Rack 02, Level: F, Position # 034 -  Back"
F02F035,Frozen,F02,"Frozen Rack 02, Level: F, Position # 035 -  Front"
F02F036,Frozen,F02,"Frozen Rack 02, Level: F, Position # 036 -  Back"
F02F037,Frozen,F02,"Frozen Rack 02, Level: F, Position # 037 -  Front"
F02F038,Frozen,F02,"Frozen Rack 02, Level: F, Position # 038 -  Back"
F02F039,Frozen,F02,"Frozen Rack 02, Level: F, Position # 039 -  Front"
F02F040,Frozen,F02,"Frozen Rack 02, Level: F, Position # 040 -  Back"
F02F041,Frozen,F02,"Frozen Rack 02, Level: F, Position # 041 -  Front"
F02F042,Frozen,F02,"Frozen Rack 02, Level: F, Position # 042 -  Back"
F02F043,Frozen,F02,"Frozen Rack 02, Level: F, Position # 043 -  Front"
F02F044,Frozen,F02,"Frozen Rack 02, Level: F, Position # 044 -  Back"
F02F045,Frozen,F02,"Frozen Rack 02, Level: F, Position # 045 -  Front"
F02F046,Frozen,F02,"Frozen Rack 02, Level: F, Position # 046 -  Back"
F02F047,Frozen,F02,"Frozen Rack 02, Level: F, Position # 047 -  Front"
F02F048,Frozen,F02,"Frozen Rack 02, Level: F, Position # 048 -  Back"
F02F049,Frozen,F02,"Frozen Rack 02, Level: F, Position # 049 -  Front"
F02F050,Frozen,F02,"Frozen Rack 02, Level: F, Position # 050 -  Back"
F02F051,Frozen,F02,"Frozen Rack 02, Level: F, Position # 051 -  Front"
F02F052,Frozen,F02,"Frozen Rack 02, Level: F, Position # 052 -  Back"
F02F053,Frozen,F02,"Frozen Rack 02, Level: F, Position # 053 -  Front"
F02F054,Frozen,F02,"Frozen Rack 02, Level: F, Position # 054 -  Back"
F02F055,Frozen,F02,"Frozen Rack 02, Level: F, Position # 055 -  Front"
F02F056,Frozen,F02,"Frozen Rack 02, Level: F, Position # 056 -  Back"
F02F057,Frozen,F02,"Frozen Rack 02, Level: F, Position # 057 -  Front"
F02F058,Frozen,F02,"Frozen Rack 02, Level: F, Position # 058 -  Back"
F02F059,Frozen,F02,"Frozen Rack 02, Level: F, Position # 059 -  Front"
F02F060,Frozen,F02,"Frozen Rack 02, Level: F, Position # 060 -  Back"
F02F061,Frozen,F02,"Frozen Rack 02, Level: F, Position # 061 -  Front"
F02F062,Frozen,F02,"Frozen Rack 02, Level: F, Position # 062 -  Back"
F02F063,Frozen,F02,"Frozen Rack 02, Level: F, Position # 063 -  Front"
F02F064,Frozen,F02,"Frozen Rack 02, Level: F, Position # 064 -  Back"
F02F065,Frozen,F02,"Frozen Rack 02, Level: F, Position # 065 -  Front"
F02F066,Frozen,F02,"Frozen Rack 02, Level: F, Position # 066 -  Back"
F02F067,Frozen,F02,"Frozen Rack 02, Level: F, Position # 067 -  Front"
F02F068,Frozen,F02,"Frozen Rack 02, Level: F, Position # 068 -  Back"
F02F069,Frozen,F02,"Frozen Rack 02, Level: F, Position # 069 -  Front"
F02F070,Frozen,F02,"Frozen Rack 02, Level: F, Position # 070 -  Back"
F02F071,Frozen,F02,"Frozen Rack 02, Level: F, Position # 071 -  Front"
F02F072,Frozen,F02,"Frozen Rack 02, Level: F, Position # 072 -  Back"
F02F073,Frozen,F02,"Frozen Rack 02, Level: F, Position # 073 -  Front"
F02F074,Frozen,F02,"Frozen Rack 02, Level: F, Position # 074 -  Back"
F02F075,Frozen,F02,"Frozen Rack 02, Level: F, Position # 075 -  Front"
F02F076,Frozen,F02,"Frozen Rack 02, Level: F, Position # 076 -  Back"
F02F077,Frozen,F02,"Frozen Rack 02, Level: F, Position # 077 -  Front"
F02F078,Frozen,F02,"Frozen Rack 02, Level: F, Position # 078 -  Back"
F02F079,Frozen,F02,"Frozen Rack 02, Level: F, Position # 079 -  Front"
F02F080,Frozen,F02,"Frozen Rack 02, Level: F, Position # 080 -  Back"
F02F081,Frozen,F02,"Frozen Rack 02, Level: F, Position # 081 -  Front"
F02F082,Frozen,F02,"Frozen Rack 02, Level: F, Position # 082 -  Back"
F02F083,Frozen,F02,"Frozen Rack 02, Level: F, Position # 083 -  Front"
F02F084,Frozen,F02,"Frozen Rack 02, Level: F, Position # 084 -  Back"
F02F085,Frozen,F02,"Frozen Rack 02, Level: F, Position # 085 -  Front"
F02F086,Frozen,F02,"Frozen Rack 02, Level: F, Position # 086 -  Back"
F02F087,Frozen,F02,"Frozen Rack 02, Level: F, Position # 087 -  Front"
F02F088,Frozen,F02,"Frozen Rack 02, Level: F, Position # 088 -  Back"
F02F089,Frozen,F02,"Frozen Rack 02, Level: F, Position # 089 -  Front"
F02F090,Frozen,F02,"Frozen Rack 02, Level: F, Position # 090 -  Back"
F02F091,Frozen,F02,"Frozen Rack 02, Level: F, Position # 091 -  Front"
F02F092,Frozen,F02,"Frozen Rack 02, Level: F, Position # 092 -  Back"
F02F093,Frozen,F02,"Frozen Rack 02, Level: F, Position # 093 -  Front"
F02F094,Frozen,F02,"Frozen Rack 02, Level: F, Position # 094 -  Back"
F02F095,Frozen,F02,"Frozen Rack 02, Level: F, Position # 095 -  Front"
F02F096,Frozen,F02,"Frozen Rack 02, Level: F, Position # 096 -  Back"
F02F097,Frozen,F02,"Frozen Rack 02, Level: F, Position # 097 -  Front"
F02F098,Frozen,F02,"Frozen Rack 02, Level: F, Position # 098 -  Back"
F02F099,Frozen,F02,"Frozen Rack 02, Level: F, Position # 099 -  Front"
F02F100,Frozen,F02,"Frozen Rack 02, Level: F, Position # 100 -  Back"
F02F101,Frozen,F02,"Frozen Rack 02, Level: F, Position # 101 -  Front"
F02F102,Frozen,F02,"Frozen Rack 02, Level: F, Position # 102 -  Back"
F02F103,Frozen,F02,"Frozen Rack 02, Level: F, Position # 103 -  Front"
F02F104,Frozen,F02,"Frozen Rack 02, Level: F, Position # 104 -  Back"
F02F105,Frozen,F02,"Frozen Rack 02, Level: F, Position # 105 -  Front"
F02F106,Frozen,F02,"Frozen Rack 02, Level: F, Position # 106 -  Back"
F02F107,Frozen,F02,"Frozen Rack 02, Level: F, Position # 107 -  Front"
F02F108,Frozen,F02,"Frozen Rack 02, Level: F, Position # 108 -  Back"
F02F109,Frozen,F02,"Frozen Rack 02, Level: F, Position # 109 -  Front"
F02F110,Frozen,F02,"Frozen Rack 02, Level: F, Position # 110 -  Back"
F02F111,Frozen,F02,"Frozen Rack 02, Level: F, Position # 111 -  Front"
F02F112,Frozen,F02,"Frozen Rack 02, Level: F, Position # 112 -  Back"
F03A001,Frozen,F03,"Frozen Rack 03, Level: A, Position # 001 -  Front"
F03A002,Frozen,F03,"Frozen Rack 03, Level: A, Position # 002 -  Back"
F03A003,Frozen,F03,"Frozen Rack 03, Level: A, Position # 003 -  Front"
F03A004,Frozen,F03,"Frozen Rack 03, Level: A, Position # 004 -  Back"
F03A005,Frozen,F03,"Frozen Rack 03, Level: A, Position # 005 -  Front"
F03A006,Frozen,F03,"Frozen Rack 03, Level: A, Position # 006 -  Back"
F03A007,Frozen,F03,"Frozen Rack 03, Level: A, Position # 007 -  Front"
F03A008,Frozen,F03,"Frozen Rack 03, Level: A, Position # 008 -  Back"
F03A009,Frozen,F03,"Frozen Rack 03, Level: A, Position # 009 -  Front"
F03A010,Frozen,F03,"Frozen Rack 03, Level: A, Position # 010 -  Back"
F03A011,Frozen,F03,"Frozen Rack 03, Level: A, Position # 011 -  Front"
F03A012,Frozen,F03,"Frozen Rack 03, Level: A, Position # 012 -  Back"
F03A019,Frozen,F03,"Frozen Rack 03, Level: A, Position # 019 -  Front"
F03A020,Frozen,F03,"Frozen Rack 03, Level: A, Position # 020 -  Back"
F03A021,Frozen,F03,"Frozen Rack 03, Level: A, Position # 021 -  Front"
F03A022,Frozen,F03,"Frozen Rack 03, Level: A, Position # 022 -  Back"
F03A023,Frozen,F03,"Frozen Rack 03, Level: A, Position # 023 -  Front"
F03A024,Frozen,F03,"Frozen Rack 03, Level: A, Position # 024 -  Back"
F03A025,Frozen,F03,"Frozen Rack 03, Level: A, Position # 025 -  Front"
F03A026,Frozen,F03,"Frozen Rack 03, Level: A, Position # 026 -  Back"
F03A027,Frozen,F03,"Frozen Rack 03, Level: A, Position # 027 -  Front"
F03A028,Frozen,F03,"Frozen Rack 03, Level: A, Position # 028 -  Back"
F03A029,Frozen,F03,"Frozen Rack 03, Level: A, Position # 029 -  Front"
F03A030,Frozen,F03,"Frozen Rack 03, Level: A, Position # 030 -  Back"
F03A031,Frozen,F03,"Frozen Rack 03, Level: A, Position # 031 -  Front"
F03A032,Frozen,F03,"Frozen Rack 03, Level: A, Position # 032 -  Back"
F03A033,Frozen,F03,"Frozen Rack 03, Level: A, Position # 033 -  Front"
F03A034,Frozen,F03,"Frozen Rack 03, Level: A, Position # 034 -  Back"
F03A035,Frozen,F03,"Frozen Rack 03, Level: A, Position # 035 -  Front"
F03A036,Frozen,F03,"Frozen Rack 03, Level: A, Position # 036 -  Back"
F03A037,Frozen,F03,"Frozen Rack 03, Level: A, Position # 037 -  Front"
F03A038,Frozen,F03,"Frozen Rack 03, Level: A, Position # 038 -  Back"
F03A039,Frozen,F03,"Frozen Rack 03, Level: A, Position # 039 -  Front"
F03A040,Frozen,F03,"Frozen Rack 03, Level: A, Position # 040 -  Back"
F03A041,Frozen,F03,"Frozen Rack 03, Level: A, Position # 041 -  Front"
F03A042,Frozen,F03,"Frozen Rack 03, Level: A, Position # 042 -  Back"
F03A043,Frozen,F03,"Frozen Rack 03, Level: A, Position # 043 -  Front"
F03A044,Frozen,F03,"Frozen Rack 03, Level: A, Position # 044 -  Back"
F03A045,Frozen,F03,"Frozen Rack 03, Level: A, Position # 045 -  Front"
F03A046,Frozen,F03,"Frozen Rack 03, Level: A, Position # 046 -  Back"
F03A047,Frozen,F03,"Frozen Rack 03, Level: A, Position # 047 -  Front"
F03A048,Frozen,F03,"Frozen Rack 03, Level: A, Position # 048 -  Back"
F03A049,Frozen,F03,"Frozen Rack 03, Level: A, Position # 049 -  Front"
F03A050,Frozen,F03,"Frozen Rack 03, Level: A, Position # 050 -  Back"
F03A051,Frozen,F03,"Frozen Rack 03, Level: A, Position # 051 -  Front"
F03A052,Frozen,F03,"Frozen Rack 03, Level: A, Position # 052 -  Back"
F03A053,Frozen,F03,"Frozen Rack 03, Level: A, Position # 053 -  Front"
F03A054,Frozen,F03,"Frozen Rack 03, Level: A, Position # 054 -  Back"
F03A061,Frozen,F03,"Frozen Rack 03, Level: A, Position # 061 -  Front"
F03A062,Frozen,F03,"Frozen Rack 03, Level: A, Position # 062 -  Back"
F03A063,Frozen,F03,"Frozen Rack 03, Level: A, Position # 063 -  Front"
F03A064,Frozen,F03,"Frozen Rack 03, Level: A, Position # 064 -  Back"
F03A065,Frozen,F03,"Frozen Rack 03, Level: A, Position # 065 -  Front"
F03A066,Frozen,F03,"Frozen Rack 03, Level: A, Position # 066 -  Back"
F03A067,Frozen,F03,"Frozen Rack 03, Level: A, Position # 067 -  Front"
F03A068,Frozen,F03,"Frozen Rack 03, Level: A, Position # 068 -  Back"
F03A069,Frozen,F03,"Frozen Rack 03, Level: A, Position # 069 -  Front"
F03A070,Frozen,F03,"Frozen Rack 03, Level: A, Position # 070 -  Back"
F03A071,Frozen,F03,"Frozen Rack 03, Level: A, Position # 071 -  Front"
F03A072,Frozen,F03,"Frozen Rack 03, Level: A, Position # 072 -  Back"
F03A073,Frozen,F03,"Frozen Rack 03, Level: A, Position # 073 -  Front"
F03A074,Frozen,F03,"Frozen Rack 03, Level: A, Position # 074 -  Back"
F03A075,Frozen,F03,"Frozen Rack 03, Level: A, Position # 075 -  Front"
F03A076,Frozen,F03,"Frozen Rack 03, Level: A, Position # 076 -  Back"
F03A077,Frozen,F03,"Frozen Rack 03, Level: A, Position # 077 -  Front"
F03A078,Frozen,F03,"Frozen Rack 03, Level: A, Position # 078 -  Back"
F03A079,Frozen,F03,"Frozen Rack 03, Level: A, Position # 079 -  Front"
F03A080,Frozen,F03,"Frozen Rack 03, Level: A, Position # 080 -  Back"
F03A081,Frozen,F03,"Frozen Rack 03, Level: A, Position # 081 -  Front"
F03A082,Frozen,F03,"Frozen Rack 03, Level: A, Position # 082 -  Back"
F03A083,Frozen,F03,"Frozen Rack 03, Level: A, Position # 083 -  Front"
F03A084,Frozen,F03,"Frozen Rack 03, Level: A, Position # 084 -  Back"
F03A085,Frozen,F03,"Frozen Rack 03, Level: A, Position # 085 -  Front"
F03A086,Frozen,F03,"Frozen Rack 03, Level: A, Position # 086 -  Back"
F03A087,Frozen,F03,"Frozen Rack 03, Level: A, Position # 087 -  Front"
F03A088,Frozen,F03,"Frozen Rack 03, Level: A, Position # 088 -  Back"
F03A089,Frozen,F03,"Frozen Rack 03, Level: A, Position # 089 -  Front"
F03A090,Frozen,F03,"Frozen Rack 03, Level: A, Position # 090 -  Back"
F03A091,Frozen,F03,"Frozen Rack 03, Level: A, Position # 091 -  Front"
F03A092,Frozen,F03,"Frozen Rack 03, Level: A, Position # 092 -  Back"
F03A093,Frozen,F03,"Frozen Rack 03, Level: A, Position # 093 -  Front"
F03A094,Frozen,F03,"Frozen Rack 03, Level: A, Position # 094 -  Back"
F03A095,Frozen,F03,"Frozen Rack 03, Level: A, Position # 095 -  Front"
F03A096,Frozen,F03,"Frozen Rack 03, Level: A, Position # 096 -  Back"
F03A103,Frozen,F03,"Frozen Rack 03, Level: A, Position # 103 -  Front"
F03A104,Frozen,F03,"Frozen Rack 03, Level: A, Position # 104 -  Back"
F03A105,Frozen,F03,"Frozen Rack 03, Level: A, Position # 105 -  Front"
F03A106,Frozen,F03,"Frozen Rack 03, Level: A, Position # 106 -  Back"
F03A107,Frozen,F03,"Frozen Rack 03, Level: A, Position # 107 -  Front"
F03A108,Frozen,F03,"Frozen Rack 03, Level: A, Position # 108 -  Back"
F03A109,Frozen,F03,"Frozen Rack 03, Level: A, Position # 109 -  Front"
F03A110,Frozen,F03,"Frozen Rack 03, Level: A, Position # 110 -  Back"
F03A111,Frozen,F03,"Frozen Rack 03, Level: A, Position # 111 -  Front"
F03A112,Frozen,F03,"Frozen Rack 03, Level: A, Position # 112 -  Back"
F03B001,Frozen,F03,"Frozen Rack 03, Level: B, Position # 001 -  Front"
F03B002,Frozen,F03,"Frozen Rack 03, Level: B, Position # 002 -  Back"
F03B003,Frozen,F03,"Frozen Rack 03, Level: B, Position # 003 -  Front"
F03B004,Frozen,F03,"Frozen Rack 03, Level: B, Position # 004 -  Back"
F03B005,Frozen,F03,"Frozen Rack 03, Level: B, Position # 005 -  Front"
F03B006,Frozen,F03,"Frozen Rack 03, Level: B, Position # 006 -  Back"
F03B007,Frozen,F03,"Frozen Rack 03, Level: B, Position # 007 -  Front"
F03B008,Frozen,F03,"Frozen Rack 03, Level: B, Position # 008 -  Back"
F03B009,Frozen,F03,"Frozen Rack 03, Level: B, Position # 009 -  Front"
F03B010,Frozen,F03,"Frozen Rack 03, Level: B, Position # 010 -  Back"
F03B011,Frozen,F03,"Frozen Rack 03, Level: B, Position # 011 -  Front"
F03B012,Frozen,F03,"Frozen Rack 03, Level: B, Position # 012 -  Back"
F03B019,Frozen,F03,"Frozen Rack 03, Level: B, Position # 019 -  Front"
F03B020,Frozen,F03,"Frozen Rack 03, Level: B, Position # 020 -  Back"
F03B021,Frozen,F03,"Frozen Rack 03, Level: B, Position # 021 -  Front"
F03B022,Frozen,F03,"Frozen Rack 03, Level: B, Position # 022 -  Back"
F03B023,Frozen,F03,"Frozen Rack 03, Level: B, Position # 023 -  Front"
F03B024,Frozen,F03,"Frozen Rack 03, Level: B, Position # 024 -  Back"
F03B025,Frozen,F03,"Frozen Rack 03, Level: B, Position # 025 -  Front"
F03B026,Frozen,F03,"Frozen Rack 03, Level: B, Position # 026 -  Back"
F03B027,Frozen,F03,"Frozen Rack 03, Level: B, Position # 027 -  Front"
F03B028,Frozen,F03,"Frozen Rack 03, Level: B, Position # 028 -  Back"
F03B029,Frozen,F03,"Frozen Rack 03, Level: B, Position # 029 -  Front"
F03B030,Frozen,F03,"Frozen Rack 03, Level: B, Position # 030 -  Back"
F03B031,Frozen,F03,"Frozen Rack 03, Level: B, Position # 031 -  Front"
F03B032,Frozen,F03,"Frozen Rack 03, Level: B, Position # 032 -  Back"
F03B033,Frozen,F03,"Frozen Rack 03, Level: B, Position # 033 -  Front"
F03B034,Frozen,F03,"Frozen Rack 03, Level: B, Position # 034 -  Back"
F03B035,Frozen,F03,"Frozen Rack 03, Level: B, Position # 035 -  Front"
F03B036,Frozen,F03,"Frozen Rack 03, Level: B, Position # 036 -  Back"
F03B037,Frozen,F03,"Frozen Rack 03, Level: B, Position # 037 -  Front"
F03B038,Frozen,F03,"Frozen Rack 03, Level: B, Position # 038 -  Back"
F03B039,Frozen,F03,"Frozen Rack 03, Level: B, Position # 039 -  Front"
F03B040,Frozen,F03,"Frozen Rack 03, Level: B, Position # 040 -  Back"
F03B041,Frozen,F03,"Frozen Rack 03, Level: B, Position # 041 -  Front"
F03B042,Frozen,F03,"Frozen Rack 03, Level: B, Position # 042 -  Back"
F03B043,Frozen,F03,"Frozen Rack 03, Level: B, Position # 043 -  Front"
F03B044,Frozen,F03,"Frozen Rack 03, Level: B, Position # 044 -  Back"
F03B045,Frozen,F03,"Frozen Rack 03, Level: B, Position # 045 -  Front"
F03B046,Frozen,F03,"Frozen Rack 03, Level: B, Position # 046 -  Back"
F03B047,Frozen,F03,"Frozen Rack 03, Level: B, Position # 047 -  Front"
F03B048,Frozen,F03,"Frozen Rack 03, Level: B, Position # 048 -  Back"
F03B049,Frozen,F03,"Frozen Rack 03, Level: B, Position # 049 -  Front"
F03B050,Frozen,F03,"Frozen Rack 03, Level: B, Position # 050 -  Back"
F03B051,Frozen,F03,"Frozen Rack 03, Level: B, Position # 051 -  Front"
F03B052,Frozen,F03,"Frozen Rack 03, Level: B, Position # 052 -  Back"
F03B053,Frozen,F03,"Frozen Rack 03, Level: B, Position # 053 -  Front"
F03B054,Frozen,F03,"Frozen Rack 03, Level: B, Position # 054 -  Back"
F03B061,Frozen,F03,"Frozen Rack 03, Level: B, Position # 061 -  Front"
F03B062,Frozen,F03,"Frozen Rack 03, Level: B, Position # 062 -  Back"
F03B063,Frozen,F03,"Frozen Rack 03, Level: B, Position # 063 -  Front"
F03B064,Frozen,F03,"Frozen Rack 03, Level: B, Position # 064 -  Back"
F03B065,Frozen,F03,"Frozen Rack 03, Level: B, Position # 065 -  Front"
F03B066,Frozen,F03,"Frozen Rack 03, Level: B, Position # 066 -  Back"
F03B067,Frozen,F03,"Frozen Rack 03, Level: B, Position # 067 -  Front"
F03B068,Frozen,F03,"Frozen Rack 03, Level: B, Position # 068 -  Back"
F03B069,Frozen,F03,"Frozen Rack 03, Level: B, Position # 069 -  Front"
F03B070,Frozen,F03,"Frozen Rack 03, Level: B, Position # 070 -  Back"
F03B071,Frozen,F03,"Frozen Rack 03, Level: B, Position # 071 -  Front"
F03B072,Frozen,F03,"Frozen Rack 03, Level: B, Position # 072 -  Back"
F03B073,Frozen,F03,"Frozen Rack 03, Level: B, Position # 073 -  Front"
F03B074,Frozen,F03,"Frozen Rack 03, Level: B, Position # 074 -  Back"
F03B075,Frozen,F03,"Frozen Rack 03, Level: B, Position # 075 -  Front"
F03B076,Frozen,F03,"Frozen Rack 03, Level: B, Position # 076 -  Back"
F03B077,Frozen,F03,"Frozen Rack 03, Level: B, Position # 077 -  Front"
F03B078,Frozen,F03,"Frozen Rack 03, Level: B, Position # 078 -  Back"
F03B079,Frozen,F03,"Frozen Rack 03, Level: B, Position # 079 -  Front"
F03B080,Frozen,F03,"Frozen Rack 03, Level: B, Position # 080 -  Back"
F03B081,Frozen,F03,"Frozen Rack 03, Level: B, Position # 081 -  Front"
F03B082,Frozen,F03,"Frozen Rack 03, Level: B, Position # 082 -  Back"
F03B083,Frozen,F03,"Frozen Rack 03, Level: B, Position # 083 -  Front"
F03B084,Frozen,F03,"Frozen Rack 03, Level: B, Position # 084 -  Back"
F03B085,Frozen,F03,"Frozen Rack 03, Level: B, Position # 085 -  Front"
F03B086,Frozen,F03,"Frozen Rack 03, Level: B, Position # 086 -  Back"
F03B087,Frozen,F03,"Frozen Rack 03, Level: B, Position # 087 -  Front"
F03B088,Frozen,F03,"Frozen Rack 03, Level: B, Position # 088 -  Back"
F03B089,Frozen,F03,"Frozen Rack 03, Level: B, Position # 089 -  Front"
F03B090,Frozen,F03,"Frozen Rack 03, Level: B, Position # 090 -  Back"
F03B091,Frozen,F03,"Frozen Rack 03, Level: B, Position # 091 -  Front"
F03B092,Frozen,F03,"Frozen Rack 03, Level: B, Position # 092 -  Back"
F03B093,Frozen,F03,"Frozen Rack 03, Level: B, Position # 093 -  Front"
F03B094,Frozen,F03,"Frozen Rack 03, Level: B, Position # 094 -  Back"
F03B095,Frozen,F03,"Frozen Rack 03, Level: B, Position # 095 -  Front"
F03B096,Frozen,F03,"Frozen Rack 03, Level: B, Position # 096 -  Back"
F03B103,Frozen,F03,"Frozen Rack 03, Level: B, Position # 103 -  Front"
F03B104,Frozen,F03,"Frozen Rack 03, Level: B, Position # 104 -  Back"
F03B105,Frozen,F03,"Frozen Rack 03, Level: B, Position # 105 -  Front"
F03B106,Frozen,F03,"Frozen Rack 03, Level: B, Position # 106 -  Back"
F03B107,Frozen,F03,"Frozen Rack 03, Level: B, Position # 107 -  Front"
F03B108,Frozen,F03,"Frozen Rack 03, Level: B, Position # 108 -  Back"
F03B109,Frozen,F03,"Frozen Rack 03, Level: B, Position # 109 -  Front"
F03B110,Frozen,F03,"Frozen Rack 03, Level: B, Position # 110 -  Back"
F03B111,Frozen,F03,"Frozen Rack 03, Level: B, Position # 111 -  Front"
F03B112,Frozen,F03,"Frozen Rack 03, Level: B, Position # 112 -  Back"
F03C001,Frozen,F03,"Frozen Rack 03, Level: C, Position # 001 -  Front"
F03C002,Frozen,F03,"Frozen Rack 03, Level: C, Position # 002 -  Back"
F03C003,Frozen,F03,"Frozen Rack 03, Level: C, Position # 003 -  Front"
F03C004,Frozen,F03,"Frozen Rack 03, Level: C, Position # 004 -  Back"
F03C005,Frozen,F03,"Frozen Rack 03, Level: C, Position # 005 -  Front"
F03C006,Frozen,F03,"Frozen Rack 03, Level: C, Position # 006 -  Back"
F03C007,Frozen,F03,"Frozen Rack 03, Level: C, Position # 007 -  Front"
F03C008,Frozen,F03,"Frozen Rack 03, Level: C, Position # 008 -  Back"
F03C009,Frozen,F03,"Frozen Rack 03, Level: C, Position # 009 -  Front"
F03C010,Frozen,F03,"Frozen Rack 03, Level: C, Position # 010 -  Back"
F03C011,Frozen,F03,"Frozen Rack 03, Level: C, Position # 011 -  Front"
F03C012,Frozen,F03,"Frozen Rack 03, Level: C, Position # 012 -  Back"
F03C019,Frozen,F03,"Frozen Rack 03, Level: C, Position # 019 -  Front"
F03C020,Frozen,F03,"Frozen Rack 03, Level: C, Position # 020 -  Back"
F03C021,Frozen,F03,"Frozen Rack 03, Level: C, Position # 021 -  Front"
F03C022,Frozen,F03,"Frozen Rack 03, Level: C, Position # 022 -  Back"
F03C023,Frozen,F03,"Frozen Rack 03, Level: C, Position # 023 -  Front"
F03C024,Frozen,F03,"Frozen Rack 03, Level: C, Position # 024 -  Back"
F03C025,Frozen,F03,"Frozen Rack 03, Level: C, Position # 025 -  Front"
F03C026,Frozen,F03,"Frozen Rack 03, Level: C, Position # 026 -  Back"
F03C027,Frozen,F03,"Frozen Rack 03, Level: C, Position # 027 -  Front"
F03C028,Frozen,F03,"Frozen Rack 03, Level: C, Position # 028 -  Back"
F03C029,Frozen,F03,"Frozen Rack 03, Level: C, Position # 029 -  Front"
F03C030,Frozen,F03,"Frozen Rack 03, Level: C, Position # 030 -  Back"
F03C031,Frozen,F03,"Frozen Rack 03, Level: C, Position # 031 -  Front"
F03C032,Frozen,F03,"Frozen Rack 03, Level: C, Position # 032 -  Back"
F03C033,Frozen,F03,"Frozen Rack 03, Level: C, Position # 033 -  Front"
F03C034,Frozen,F03,"Frozen Rack 03, Level: C, Position # 034 -  Back"
F03C035,Frozen,F03,"Frozen Rack 03, Level: C, Position # 035 -  Front"
F03C036,Frozen,F03,"Frozen Rack 03, Level: C, Position # 036 -  Back"
F03C037,Frozen,F03,"Frozen Rack 03, Level: C, Position # 037 -  Front"
F03C038,Frozen,F03,"Frozen Rack 03, Level: C, Position # 038 -  Back"
F03C039,Frozen,F03,"Frozen Rack 03, Level: C, Position # 039 -  Front"
F03C040,Frozen,F03,"Frozen Rack 03, Level: C, Position # 040 -  Back"
F03C041,Frozen,F03,"Frozen Rack 03, Level: C, Position # 041 -  Front"
F03C042,Frozen,F03,"Frozen Rack 03, Level: C, Position # 042 -  Back"
F03C043,Frozen,F03,"Frozen Rack 03, Level: C, Position # 043 -  Front"
F03C044,Frozen,F03,"Frozen Rack 03, Level: C, Position # 044 -  Back"
F03C045,Frozen,F03,"Frozen Rack 03, Level: C, Position # 045 -  Front"
F03C046,Frozen,F03,"Frozen Rack 03, Level: C, Position # 046 -  Back"
F03C047,Frozen,F03,"Frozen Rack 03, Level: C, Position # 047 -  Front"
F03C048,Frozen,F03,"Frozen Rack 03, Level: C, Position # 048 -  Back"
F03C049,Frozen,F03,"Frozen Rack 03, Level: C, Position # 049 -  Front"
F03C050,Frozen,F03,"Frozen Rack 03, Level: C, Position # 050 -  Back"
F03C051,Frozen,F03,"Frozen Rack 03, Level: C, Position # 051 -  Front"
F03C052,Frozen,F03,"Frozen Rack 03, Level: C, Position # 052 -  Back"
F03C053,Frozen,F03,"Frozen Rack 03, Level: C, Position # 053 -  Front"
F03C054,Frozen,F03,"Frozen Rack 03, Level: C, Position # 054 -  Back"
F03C061,Frozen,F03,"Frozen Rack 03, Level: C, Position # 061 -  Front"
F03C062,Frozen,F03,"Frozen Rack 03, Level: C, Position # 062 -  Back"
F03C063,Frozen,F03,"Frozen Rack 03, Level: C, Position # 063 -  Front"
F03C064,Frozen,F03,"Frozen Rack 03, Level: C, Position # 064 -  Back"
F03C065,Frozen,F03,"Frozen Rack 03, Level: C, Position # 065 -  Front"
F03C066,Frozen,F03,"Frozen Rack 03, Level: C, Position # 066 -  Back"
F03C067,Frozen,F03,"Frozen Rack 03, Level: C, Position # 067 -  Front"
F03C068,Frozen,F03,"Frozen Rack 03, Level: C, Position # 068 -  Back"
F03C069,Frozen,F03,"Frozen Rack 03, Level: C, Position # 069 -  Front"
F03C070,Frozen,F03,"Frozen Rack 03, Level: C, Position # 070 -  Back"
F03C071,Frozen,F03,"Frozen Rack 03, Level: C, Position # 071 -  Front"
F03C072,Frozen,F03,"Frozen Rack 03, Level: C, Position # 072 -  Back"
F03C073,Frozen,F03,"Frozen Rack 03, Level: C, Position # 073 -  Front"
F03C074,Frozen,F03,"Frozen Rack 03, Level: C, Position # 074 -  Back"
F03C075,Frozen,F03,"Frozen Rack 03, Level: C, Position # 075 -  Front"
F03C076,Frozen,F03,"Frozen Rack 03, Level: C, Position # 076 -  Back"
F03C077,Frozen,F03,"Frozen Rack 03, Level: C, Position # 077 -  Front"
F03C078,Frozen,F03,"Frozen Rack 03, Level: C, Position # 078 -  Back"
F03C079,Frozen,F03,"Frozen Rack 03, Level: C, Position # 079 -  Front"
F03C080,Frozen,F03,"Frozen Rack 03, Level: C, Position # 080 -  Back"
F03C081,Frozen,F03,"Frozen Rack 03, Level: C, Position # 081 -  Front"
F03C082,Frozen,F03,"Frozen Rack 03, Level: C, Position # 082 -  Back"
F03C083,Frozen,F03,"Frozen Rack 03, Level: C, Position # 083 -  Front"
F03C084,Frozen,F03,"Frozen Rack 03, Level: C, Position # 084 -  Back"
F03C085,Frozen,F03,"Frozen Rack 03, Level: C, Position # 085 -  Front"
F03C086,Frozen,F03,"Frozen Rack 03, Level: C, Position # 086 -  Back"
F03C087,Frozen,F03,"Frozen Rack 03, Level: C, Position # 087 -  Front"
F03C088,Frozen,F03,"Frozen Rack 03, Level: C, Position # 088 -  Back"
F03C089,Frozen,F03,"Frozen Rack 03, Level: C, Position # 089 -  Front"
F03C090,Frozen,F03,"Frozen Rack 03, Level: C, Position # 090 -  Back"
F03C091,Frozen,F03,"Frozen Rack 03, Level: C, Position # 091 -  Front"
F03C092,Frozen,F03,"Frozen Rack 03, Level: C, Position # 092 -  Back"
F03C093,Frozen,F03,"Frozen Rack 03, Level: C, Position # 093 -  Front"
F03C094,Frozen,F03,"Frozen Rack 03, Level: C, Position # 094 -  Back"
F03C095,Frozen,F03,"Frozen Rack 03, Level: C, Position # 095 -  Front"
F03C096,Frozen,F03,"Frozen Rack 03, Level: C, Position # 096 -  Back"
F03C103,Frozen,F03,"Frozen Rack 03, Level: C, Position # 103 -  Front"
F03C104,Frozen,F03,"Frozen Rack 03, Level: C, Position # 104 -  Back"
F03C105,Frozen,F03,"Frozen Rack 03, Level: C, Position # 105 -  Front"
F03C106,Frozen,F03,"Frozen Rack 03, Level: C, Position # 106 -  Back"
F03C107,Frozen,F03,"Frozen Rack 03, Level: C, Position # 107 -  Front"
F03C108,Frozen,F03,"Frozen Rack 03, Level: C, Position # 108 -  Back"
F03C109,Frozen,F03,"Frozen Rack 03, Level: C, Position # 109 -  Front"
F03C110,Frozen,F03,"Frozen Rack 03, Level: C, Position # 110 -  Back"
F03C111,Frozen,F03,"Frozen Rack 03, Level: C, Position # 111 -  Front"
F03C112,Frozen,F03,"Frozen Rack 03, Level: C, Position # 112 -  Back"
F03D001,Frozen,F03,"Frozen Rack 03, Level: D, Position # 001 -  Front"
F03D002,Frozen,F03,"Frozen Rack 03, Level: D, Position # 002 -  Back"
F03D003,Frozen,F03,"Frozen Rack 03, Level: D, Position # 003 -  Front"
F03D004,Frozen,F03,"Frozen Rack 03, Level: D, Position # 004 -  Back"
F03D005,Frozen,F03,"Frozen Rack 03, Level: D, Position # 005 -  Front"
F03D006,Frozen,F03,"Frozen Rack 03, Level: D, Position # 006 -  Back"
F03D007,Frozen,F03,"Frozen Rack 03, Level: D, Position # 007 -  Front"
F03D008,Frozen,F03,"Frozen Rack 03, Level: D, Position # 008 -  Back"
F03D009,Frozen,F03,"Frozen Rack 03, Level: D, Position # 009 -  Front"
F03D010,Frozen,F03,"Frozen Rack 03, Level: D, Position # 010 -  Back"
F03D011,Frozen,F03,"Frozen Rack 03, Level: D, Position # 011 -  Front"
F03D012,Frozen,F03,"Frozen Rack 03, Level: D, Position # 012 -  Back"
F03D013,Frozen,F03,"Frozen Rack 03, Level: D, Position # 013 -  Front"
F03D014,Frozen,F03,"Frozen Rack 03, Level: D, Position # 014 -  Back"
F03D015,Frozen,F03,"Frozen Rack 03, Level: D, Position # 015 -  Front"
F03D016,Frozen,F03,"Frozen Rack 03, Level: D, Position # 016 -  Back"
F03D017,Frozen,F03,"Frozen Rack 03, Level: D, Position # 017 -  Front"
F03D018,Frozen,F03,"Frozen Rack 03, Level: D, Position # 018 -  Back"
F03D019,Frozen,F03,"Frozen Rack 03, Level: D, Position # 019 -  Front"
F03D020,Frozen,F03,"Frozen Rack 03, Level: D, Position # 020 -  Back"
F03D021,Frozen,F03,"Frozen Rack 03, Level: D, Position # 021 -  Front"
F03D022,Frozen,F03,"Frozen Rack 03, Level: D, Position # 022 -  Back"
F03D023,Frozen,F03,"Frozen Rack 03, Level: D, Position # 023 -  Front"
F03D024,Frozen,F03,"Frozen Rack 03, Level: D, Position # 024 -  Back"
F03D025,Frozen,F03,"Frozen Rack 03, Level: D, Position # 025 -  Front"
F03D026,Frozen,F03,"Frozen Rack 03, Level: D, Position # 026 -  Back"
F03D027,Frozen,F03,"Frozen Rack 03, Level: D, Position # 027 -  Front"
F03D028,Frozen,F03,"Frozen Rack 03, Level: D, Position # 028 -  Back"
F03D029,Frozen,F03,"Frozen Rack 03, Level: D, Position # 029 -  Front"
F03D030,Frozen,F03,"Frozen Rack 03, Level: D, Position # 030 -  Back"
F03D031,Frozen,F03,"Frozen Rack 03, Level: D, Position # 031 -  Front"
F03D032,Frozen,F03,"Frozen Rack 03, Level: D, Position # 032 -  Back"
F03D033,Frozen,F03,"Frozen Rack 03, Level: D, Position # 033 -  Front"
F03D034,Frozen,F03,"Frozen Rack 03, Level: D, Position # 034 -  Back"
F03D035,Frozen,F03,"Frozen Rack 03, Level: D, Position # 035 -  Front"
F03D036,Frozen,F03,"Frozen Rack 03, Level: D, Position # 036 -  Back"
F03D037,Frozen,F03,"Frozen Rack 03, Level: D, Position # 037 -  Front"
F03D038,Frozen,F03,"Frozen Rack 03, Level: D, Position # 038 -  Back"
F03D039,Frozen,F03,"Frozen Rack 03, Level: D, Position # 039 -  Front"
F03D040,Frozen,F03,"Frozen Rack 03, Level: D, Position # 040 -  Back"
F03D041,Frozen,F03,"Frozen Rack 03, Level: D, Position # 041 -  Front"
F03D042,Frozen,F03,"Frozen Rack 03, Level: D, Position # 042 -  Back"
F03D043,Frozen,F03,"Frozen Rack 03, Level: D, Position # 043 -  Front"
F03D044,Frozen,F03,"Frozen Rack 03, Level: D, Position # 044 -  Back"
F03D045,Frozen,F03,"Frozen Rack 03, Level: D, Position # 045 -  Front"
F03D046,Frozen,F03,"Frozen Rack 03, Level: D, Position # 046 -  Back"
F03D047,Frozen,F03,"Frozen Rack 03, Level: D, Position # 047 -  Front"
F03D048,Frozen,F03,"Frozen Rack 03, Level: D, Position # 048 -  Back"
F03D049,Frozen,F03,"Frozen Rack 03, Level: D, Position # 049 -  Front"
F03D050,Frozen,F03,"Frozen Rack 03, Level: D, Position # 050 -  Back"
F03D051,Frozen,F03,"Frozen Rack 03, Level: D, Position # 051 -  Front"
F03D052,Frozen,F03,"Frozen Rack 03, Level: D, Position # 052 -  Back"
F03D053,Frozen,F03,"Frozen Rack 03, Level: D, Position # 053 -  Front"
F03D054,Frozen,F03,"Frozen Rack 03, Level: D, Position # 054 -  Back"
F03D055,Frozen,F03,"Frozen Rack 03, Level: D, Position # 055 -  Front"
F03D056,Frozen,F03,"Frozen Rack 03, Level: D, Position # 056 -  Back"
F03D057,Frozen,F03,"Frozen Rack 03, Level: D, Position # 057 -  Front"
F03D058,Frozen,F03,"Frozen Rack 03, Level: D, Position # 058 -  Back"
F03D059,Frozen,F03,"Frozen Rack 03, Level: D, Position # 059 -  Front"
F03D060,Frozen,F03,"Frozen Rack 03, Level: D, Position # 060 -  Back"
F03D061,Frozen,F03,"Frozen Rack 03, Level: D, Position # 061 -  Front"
F03D062,Frozen,F03,"Frozen Rack 03, Level: D, Position # 062 -  Back"
F03D063,Frozen,F03,"Frozen Rack 03, Level: D, Position # 063 -  Front"
F03D064,Frozen,F03,"Frozen Rack 03, Level: D, Position # 064 -  Back"
F03D065,Frozen,F03,"Frozen Rack 03, Level: D, Position # 065 -  Front"
F03D066,Frozen,F03,"Frozen Rack 03, Level: D, Position # 066 -  Back"
F03D067,Frozen,F03,"Frozen Rack 03, Level: D, Position # 067 -  Front"
F03D068,Frozen,F03,"Frozen Rack 03, Level: D, Position # 068 -  Back"
F03D069,Frozen,F03,"Frozen Rack 03, Level: D, Position # 069 -  Front"
F03D070,Frozen,F03,"Frozen Rack 03, Level: D, Position # 070 -  Back"
F03D071,Frozen,F03,"Frozen Rack 03, Level: D, Position # 071 -  Front"
F03D072,Frozen,F03,"Frozen Rack 03, Level: D, Position # 072 -  Back"
F03D073,Frozen,F03,"Frozen Rack 03, Level: D, Position # 073 -  Front"
F03D074,Frozen,F03,"Frozen Rack 03, Level: D, Position # 074 -  Back"
F03D075,Frozen,F03,"Frozen Rack 03, Level: D, Position # 075 -  Front"
F03D076,Frozen,F03,"Frozen Rack 03, Level: D, Position # 076 -  Back"
F03D077,Frozen,F03,"Frozen Rack 03, Level: D, Position # 077 -  Front"
F03D078,Frozen,F03,"Frozen Rack 03, Level: D, Position # 078 -  Back"
F03D079,Frozen,F03,"Frozen Rack 03, Level: D, Position # 079 -  Front"
F03D080,Frozen,F03,"Frozen Rack 03, Level: D, Position # 080 -  Back"
F03D081,Frozen,F03,"Frozen Rack 03, Level: D, Position # 081 -  Front"
F03D082,Frozen,F03,"Frozen Rack 03, Level: D, Position # 082 -  Back"
F03D083,Frozen,F03,"Frozen Rack 03, Level: D, Position # 083 -  Front"
F03D084,Frozen,F03,"Frozen Rack 03, Level: D, Position # 084 -  Back"
F03D085,Frozen,F03,"Frozen Rack 03, Level: D, Position # 085 -  Front"
F03D086,Frozen,F03,"Frozen Rack 03, Level: D, Position # 086 -  Back"
F03D087,Frozen,F03,"Frozen Rack 03, Level: D, Position # 087 -  Front"
F03D088,Frozen,F03,"Frozen Rack 03, Level: D, Position # 088 -  Back"
F03D089,Frozen,F03,"Frozen Rack 03, Level: D, Position # 089 -  Front"
F03D090,Frozen,F03,"Frozen Rack 03, Level: D, Position # 090 -  Back"
F03D091,Frozen,F03,"Frozen Rack 03, Level: D, Position # 091 -  Front"
F03D092,Frozen,F03,"Frozen Rack 03, Level: D, Position # 092 -  Back"
F03D093,Frozen,F03,"Frozen Rack 03, Level: D, Position # 093 -  Front"
F03D094,Frozen,F03,"Frozen Rack 03, Level: D, Position # 094 -  Back"
F03D095,Frozen,F03,"Frozen Rack 03, Level: D, Position # 095 -  Front"
F03D096,Frozen,F03,"Frozen Rack 03, Level: D, Position # 096 -  Back"
F03D097,Frozen,F03,"Frozen Rack 03, Level: D, Position # 097 -  Front"
F03D098,Frozen,F03,"Frozen Rack 03, Level: D, Position # 098 -  Back"
F03D099,Frozen,F03,"Frozen Rack 03, Level: D, Position # 099 -  Front"
F03D100,Frozen,F03,"Frozen Rack 03, Level: D, Position # 100 -  Back"
F03D101,Frozen,F03,"Frozen Rack 03, Level: D, Position # 101 -  Front"
F03D102,Frozen,F03,"Frozen Rack 03, Level: D, Position # 102 -  Back"
F03D103,Frozen,F03,"Frozen Rack 03, Level: D, Position # 103 -  Front"
F03D104,Frozen,F03,"Frozen Rack 03, Level: D, Position # 104 -  Back"
F03D105,Frozen,F03,"Frozen Rack 03, Level: D, Position # 105 -  Front"
F03D106,Frozen,F03,"Frozen Rack 03, Level: D, Position # 106 -  Back"
F03D107,Frozen,F03,"Frozen Rack 03, Level: D, Position # 107 -  Front"
F03D108,Frozen,F03,"Frozen Rack 03, Level: D, Position # 108 -  Back"
F03D109,Frozen,F03,"Frozen Rack 03, Level: D, Position # 109 -  Front"
F03D110,Frozen,F03,"Frozen Rack 03, Level: D, Position # 110 -  Back"
F03D111,Frozen,F03,"Frozen Rack 03, Level: D, Position # 111 -  Front"
F03D112,Frozen,F03,"Frozen Rack 03, Level: D, Position # 112 -  Back"
F03E001,Frozen,F03,"Frozen Rack 03, Level: E, Position # 001 -  Front"
F03E002,Frozen,F03,"Frozen Rack 03, Level: E, Position # 002 -  Back"
F03E003,Frozen,F03,"Frozen Rack 03, Level: E, Position # 003 -  Front"
F03E004,Frozen,F03,"Frozen Rack 03, Level: E, Position # 004 -  Back"
F03E005,Frozen,F03,"Frozen Rack 03, Level: E, Position # 005 -  Front"
F03E006,Frozen,F03,"Frozen Rack 03, Level: E, Position # 006 -  Back"
F03E007,Frozen,F03,"Frozen Rack 03, Level: E, Position # 007 -  Front"
F03E008,Frozen,F03,"Frozen Rack 03, Level: E, Position # 008 -  Back"
F03E009,Frozen,F03,"Frozen Rack 03, Level: E, Position # 009 -  Front"
F03E010,Frozen,F03,"Frozen Rack 03, Level: E, Position # 010 -  Back"
F03E011,Frozen,F03,"Frozen Rack 03, Level: E, Position # 011 -  Front"
F03E012,Frozen,F03,"Frozen Rack 03, Level: E, Position # 012 -  Back"
F03E013,Frozen,F03,"Frozen Rack 03, Level: E, Position # 013 -  Front"
F03E014,Frozen,F03,"Frozen Rack 03, Level: E, Position # 014 -  Back"
F03E015,Frozen,F03,"Frozen Rack 03, Level: E, Position # 015 -  Front"
F03E016,Frozen,F03,"Frozen Rack 03, Level: E, Position # 016 -  Back"
F03E017,Frozen,F03,"Frozen Rack 03, Level: E, Position # 017 -  Front"
F03E018,Frozen,F03,"Frozen Rack 03, Level: E, Position # 018 -  Back"
F03E019,Frozen,F03,"Frozen Rack 03, Level: E, Position # 019 -  Front"
F03E020,Frozen,F03,"Frozen Rack 03, Level: E, Position # 020 -  Back"
F03E021,Frozen,F03,"Frozen Rack 03, Level: E, Position # 021 -  Front"
F03E022,Frozen,F03,"Frozen Rack 03, Level: E, Position # 022 -  Back"
F03E023,Frozen,F03,"Frozen Rack 03, Level: E, Position # 023 -  Front"
F03E024,Frozen,F03,"Frozen Rack 03, Level: E, Position # 024 -  Back"
F03E025,Frozen,F03,"Frozen Rack 03, Level: E, Position # 025 -  Front"
F03E026,Frozen,F03,"Frozen Rack 03, Level: E, Position # 026 -  Back"
F03E027,Frozen,F03,"Frozen Rack 03, Level: E, Position # 027 -  Front"
F03E028,Frozen,F03,"Frozen Rack 03, Level: E, Position # 028 -  Back"
F03E029,Frozen,F03,"Frozen Rack 03, Level: E, Position # 029 -  Front"
F03E030,Frozen,F03,"Frozen Rack 03, Level: E, Position # 030 -  Back"
F03E031,Frozen,F03,"Frozen Rack 03, Level: E, Position # 031 -  Front"
F03E032,Frozen,F03,"Frozen Rack 03, Level: E, Position # 032 -  Back"
F03E033,Frozen,F03,"Frozen Rack 03, Level: E, Position # 033 -  Front"
F03E034,Frozen,F03,"Frozen Rack 03, Level: E, Position # 034 -  Back"
F03E035,Frozen,F03,"Frozen Rack 03, Level: E, Position # 035 -  Front"
F03E036,Frozen,F03,"Frozen Rack 03, Level: E, Position # 036 -  Back"
F03E037,Frozen,F03,"Frozen Rack 03, Level: E, Position # 037 -  Front"
F03E038,Frozen,F03,"Frozen Rack 03, Level: E, Position # 038 -  Back"
F03E039,Frozen,F03,"Frozen Rack 03, Level: E, Position # 039 -  Front"
F03E040,Frozen,F03,"Frozen Rack 03, Level: E, Position # 040 -  Back"
F03E041,Frozen,F03,"Frozen Rack 03, Level: E, Position # 041 -  Front"
F03E042,Frozen,F03,"Frozen Rack 03, Level: E, Position # 042 -  Back"
F03E043,Frozen,F03,"Frozen Rack 03, Level: E, Position # 043 -  Front"
F03E044,Frozen,F03,"Frozen Rack 03, Level: E, Position # 044 -  Back"
F03E045,Frozen,F03,"Frozen Rack 03, Level: E, Position # 045 -  Front"
F03E046,Frozen,F03,"Frozen Rack 03, Level: E, Position # 046 -  Back"
F03E047,Frozen,F03,"Frozen Rack 03, Level: E, Position # 047 -  Front"
F03E048,Frozen,F03,"Frozen Rack 03, Level: E, Position # 048 -  Back"
F03E049,Frozen,F03,"Frozen Rack 03, Level: E, Position # 049 -  Front"
F03E050,Frozen,F03,"Frozen Rack 03, Level: E, Position # 050 -  Back"
F03E051,Frozen,F03,"Frozen Rack 03, Level: E, Position # 051 -  Front"
F03E052,Frozen,F03,"Frozen Rack 03, Level: E, Position # 052 -  Back"
F03E053,Frozen,F03,"Frozen Rack 03, Level: E, Position # 053 -  Front"
F03E054,Frozen,F03,"Frozen Rack 03, Level: E, Position # 054 -  Back"
F03E055,Frozen,F03,"Frozen Rack 03, Level: E, Position # 055 -  Front"
F03E056,Frozen,F03,"Frozen Rack 03, Level: E, Position # 056 -  Back"
F03E057,Frozen,F03,"Frozen Rack 03, Level: E, Position # 057 -  Front"
F03E058,Frozen,F03,"Frozen Rack 03, Level: E, Position # 058 -  Back"
F03E059,Frozen,F03,"Frozen Rack 03, Level: E, Position # 059 -  Front"
F03E060,Frozen,F03,"Frozen Rack 03, Level: E, Position # 060 -  Back"
F03E061,Frozen,F03,"Frozen Rack 03, Level: E, Position # 061 -  Front"
F03E062,Frozen,F03,"Frozen Rack 03, Level: E, Position # 062 -  Back"
F03E063,Frozen,F03,"Frozen Rack 03, Level: E, Position # 063 -  Front"
F03E064,Frozen,F03,"Frozen Rack 03, Level: E, Position # 064 -  Back"
F03E065,Frozen,F03,"Frozen Rack 03, Level: E, Position # 065 -  Front"
F03E066,Frozen,F03,"Frozen Rack 03, Level: E, Position # 066 -  Back"
F03E067,Frozen,F03,"Frozen Rack 03, Level: E, Position # 067 -  Front"
F03E068,Frozen,F03,"Frozen Rack 03, Level: E, Position # 068 -  Back"
F03E069,Frozen,F03,"Frozen Rack 03, Level: E, Position # 069 -  Front"
F03E070,Frozen,F03,"Frozen Rack 03, Level: E, Position # 070 -  Back"
F03E071,Frozen,F03,"Frozen Rack 03, Level: E, Position # 071 -  Front"
F03E072,Frozen,F03,"Frozen Rack 03, Level: E, Position # 072 -  Back"
F03E073,Frozen,F03,"Frozen Rack 03, Level: E, Position # 073 -  Front"
F03E074,Frozen,F03,"Frozen Rack 03, Level: E, Position # 074 -  Back"
F03E075,Frozen,F03,"Frozen Rack 03, Level: E, Position # 075 -  Front"
F03E076,Frozen,F03,"Frozen Rack 03, Level: E, Position # 076 -  Back"
F03E077,Frozen,F03,"Frozen Rack 03, Level: E, Position # 077 -  Front"
F03E078,Frozen,F03,"Frozen Rack 03, Level: E, Position # 078 -  Back"
F03E079,Frozen,F03,"Frozen Rack 03, Level: E, Position # 079 -  Front"
F03E080,Frozen,F03,"Frozen Rack 03, Level: E, Position # 080 -  Back"
F03E081,Frozen,F03,"Frozen Rack 03, Level: E, Position # 081 -  Front"
F03E082,Frozen,F03,"Frozen Rack 03, Level: E, Position # 082 -  Back"
F03E083,Frozen,F03,"Frozen Rack 03, Level: E, Position # 083 -  Front"
F03E084,Frozen,F03,"Frozen Rack 03, Level: E, Position # 084 -  Back"
F03E085,Frozen,F03,"Frozen Rack 03, Level: E, Position # 085 -  Front"
F03E086,Frozen,F03,"Frozen Rack 03, Level: E, Position # 086 -  Back"
F03E087,Frozen,F03,"Frozen Rack 03, Level: E, Position # 087 -  Front"
F03E088,Frozen,F03,"Frozen Rack 03, Level: E, Position # 088 -  Back"
F03E089,Frozen,F03,"Frozen Rack 03, Level: E, Position # 089 -  Front"
F03E090,Frozen,F03,"Frozen Rack 03, Level: E, Position # 090 -  Back"
F03E091,Frozen,F03,"Frozen Rack 03, Level: E, Position # 091 -  Front"
F03E092,Frozen,F03,"Frozen Rack 03, Level: E, Position # 092 -  Back"
F03E093,Frozen,F03,"Frozen Rack 03, Level: E, Position # 093 -  Front"
F03E094,Frozen,F03,"Frozen Rack 03, Level: E, Position # 094 -  Back"
F03E095,Frozen,F03,"Frozen Rack 03, Level: E, Position # 095 -  Front"
F03E096,Frozen,F03,"Frozen Rack 03, Level: E, Position # 096 -  Back"
F03E097,Frozen,F03,"Frozen Rack 03, Level: E, Position # 097 -  Front"
F03E098,Frozen,F03,"Frozen Rack 03, Level: E, Position # 098 -  Back"
F03E099,Frozen,F03,"Frozen Rack 03, Level: E, Position # 099 -  Front"
F03E100,Frozen,F03,"Frozen Rack 03, Level: E, Position # 100 -  Back"
F03E101,Frozen,F03,"Frozen Rack 03, Level: E, Position # 101 -  Front"
F03E102,Frozen,F03,"Frozen Rack 03, Level: E, Position # 102 -  Back"
F03E103,Frozen,F03,"Frozen Rack 03, Level: E, Position # 103 -  Front"
F03E104,Frozen,F03,"Frozen Rack 03, Level: E, Position # 104 -  Back"
F03E105,Frozen,F03,"Frozen Rack 03, Level: E, Position # 105 -  Front"
F03E106,Frozen,F03,"Frozen Rack 03, Level: E, Position # 106 -  Back"
F03E107,Frozen,F03,"Frozen Rack 03, Level: E, Position # 107 -  Front"
F03E108,Frozen,F03,"Frozen Rack 03, Level: E, Position # 108 -  Back"
F03E109,Frozen,F03,"Frozen Rack 03, Level: E, Position # 109 -  Front"
F03E110,Frozen,F03,"Frozen Rack 03, Level: E, Position # 110 -  Back"
F03E111,Frozen,F03,"Frozen Rack 03, Level: E, Position # 111 -  Front"
F03E112,Frozen,F03,"Frozen Rack 03, Level: E, Position # 112 -  Back"
F03F001,Frozen,F03,"Frozen Rack 03, Level: F, Position # 001 -  Front"
F03F002,Frozen,F03,"Frozen Rack 03, Level: F, Position # 002 -  Back"
F03F003,Frozen,F03,"Frozen Rack 03, Level: F, Position # 003 -  Front"
F03F004,Frozen,F03,"Frozen Rack 03, Level: F, Position # 004 -  Back"
F03F005,Frozen,F03,"Frozen Rack 03, Level: F, Position # 005 -  Front"
F03F006,Frozen,F03,"Frozen Rack 03, Level: F, Position # 006 -  Back"
F03F007,Frozen,F03,"Frozen Rack 03, Level: F, Position # 007 -  Front"
F03F008,Frozen,F03,"Frozen Rack 03, Level: F, Position # 008 -  Back"
F03F009,Frozen,F03,"Frozen Rack 03, Level: F, Position # 009 -  Front"
F03F010,Frozen,F03,"Frozen Rack 03, Level: F, Position # 010 -  Back"
F03F011,Frozen,F03,"Frozen Rack 03, Level: F, Position # 011 -  Front"
F03F012,Frozen,F03,"Frozen Rack 03, Level: F, Position # 012 -  Back"
F03F013,Frozen,F03,"Frozen Rack 03, Level: F, Position # 013 -  Front"
F03F014,Frozen,F03,"Frozen Rack 03, Level: F, Position # 014 -  Back"
F03F015,Frozen,F03,"Frozen Rack 03, Level: F, Position # 015 -  Front"
F03F016,Frozen,F03,"Frozen Rack 03, Level: F, Position # 016 -  Back"
F03F017,Frozen,F03,"Frozen Rack 03, Level: F, Position # 017 -  Front"
F03F018,Frozen,F03,"Frozen Rack 03, Level: F, Position # 018 -  Back"
F03F019,Frozen,F03,"Frozen Rack 03, Level: F, Position # 019 -  Front"
F03F020,Frozen,F03,"Frozen Rack 03, Level: F, Position # 020 -  Back"
F03F021,Frozen,F03,"Frozen Rack 03, Level: F, Position # 021 -  Front"
F03F022,Frozen,F03,"Frozen Rack 03, Level: F, Position # 022 -  Back"
F03F023,Frozen,F03,"Frozen Rack 03, Level: F, Position # 023 -  Front"
F03F024,Frozen,F03,"Frozen Rack 03, Level: F, Position # 024 -  Back"
F03F025,Frozen,F03,"Frozen Rack 03, Level: F, Position # 025 -  Front"
F03F026,Frozen,F03,"Frozen Rack 03, Level: F, Position # 026 -  Back"
F03F027,Frozen,F03,"Frozen Rack 03, Level: F, Position # 027 -  Front"
F03F028,Frozen,F03,"Frozen Rack 03, Level: F, Position # 028 -  Back"
F03F029,Frozen,F03,"Frozen Rack 03, Level: F, Position # 029 -  Front"
F03F030,Frozen,F03,"Frozen Rack 03, Level: F, Position # 030 -  Back"
F03F031,Frozen,F03,"Frozen Rack 03, Level: F, Position # 031 -  Front"
F03F032,Frozen,F03,"Frozen Rack 03, Level: F, Position # 032 -  Back"
F03F033,Frozen,F03,"Frozen Rack 03, Level: F, Position # 033 -  Front"
F03F034,Frozen,F03,"Frozen Rack 03, Level: F, Position # 034 -  Back"
F03F035,Frozen,F03,"Frozen Rack 03, Level: F, Position # 035 -  Front"
F03F036,Frozen,F03,"Frozen Rack 03, Level: F, Position # 036 -  Back"
F03F037,Frozen,F03,"Frozen Rack 03, Level: F, Position # 037 -  Front"
F03F038,Frozen,F03,"Frozen Rack 03, Level: F, Position # 038 -  Back"
F03F039,Frozen,F03,"Frozen Rack 03, Level: F, Position # 039 -  Front"
F03F040,Frozen,F03,"Frozen Rack 03, Level: F, Position # 040 -  Back"
F03F041,Frozen,F03,"Frozen Rack 03, Level: F, Position # 041 -  Front"
F03F042,Frozen,F03,"Frozen Rack 03, Level: F, Position # 042 -  Back"
F03F043,Frozen,F03,"Frozen Rack 03, Level: F, Position # 043 -  Front"
F03F044,Frozen,F03,"Frozen Rack 03, Level: F, Position # 044 -  Back"
F03F045,Frozen,F03,"Frozen Rack 03, Level: F, Position # 045 -  Front"
F03F046,Frozen,F03,"Frozen Rack 03, Level: F, Position # 046 -  Back"
F03F047,Frozen,F03,"Frozen Rack 03, Level: F, Position # 047 -  Front"
F03F048,Frozen,F03,"Frozen Rack 03, Level: F, Position # 048 -  Back"
F03F049,Frozen,F03,"Frozen Rack 03, Level: F, Position # 049 -  Front"
F03F050,Frozen,F03,"Frozen Rack 03, Level: F, Position # 050 -  Back"
F03F051,Frozen,F03,"Frozen Rack 03, Level: F, Position # 051 -  Front"
F03F052,Frozen,F03,"Frozen Rack 03, Level: F, Position # 052 -  Back"
F03F053,Frozen,F03,"Frozen Rack 03, Level: F, Position # 053 -  Front"
F03F054,Frozen,F03,"Frozen Rack 03, Level: F, Position # 054 -  Back"
F03F055,Frozen,F03,"Frozen Rack 03, Level: F, Position # 055 -  Front"
F03F056,Frozen,F03,"Frozen Rack 03, Level: F, Position # 056 -  Back"
F03F057,Frozen,F03,"Frozen Rack 03, Level: F, Position # 057 -  Front"
F03F058,Frozen,F03,"Frozen Rack 03, Level: F, Position # 058 -  Back"
F03F059,Frozen,F03,"Frozen Rack 03, Level: F, Position # 059 -  Front"
F03F060,Frozen,F03,"Frozen Rack 03, Level: F, Position # 060 -  Back"
F03F061,Frozen,F03,"Frozen Rack 03, Level: F, Position # 061 -  Front"
F03F062,Frozen,F03,"Frozen Rack 03, Level: F, Position # 062 -  Back"
F03F063,Frozen,F03,"Frozen Rack 03, Level: F, Position # 063 -  Front"
F03F064,Frozen,F03,"Frozen Rack 03, Level: F, Position # 064 -  Back"
F03F065,Frozen,F03,"Frozen Rack 03, Level: F, Position # 065 -  Front"
F03F066,Frozen,F03,"Frozen Rack 03, Level: F, Position # 066 -  Back"
F03F067,Frozen,F03,"Frozen Rack 03, Level: F, Position # 067 -  Front"
F03F068,Frozen,F03,"Frozen Rack 03, Level: F, Position # 068 -  Back"
F03F069,Frozen,F03,"Frozen Rack 03, Level: F, Position # 069 -  Front"
F03F070,Frozen,F03,"Frozen Rack 03, Level: F, Position # 070 -  Back"
F03F071,Frozen,F03,"Frozen Rack 03, Level: F, Position # 071 -  Front"
F03F072,Frozen,F03,"Frozen Rack 03, Level: F, Position # 072 -  Back"
F03F073,Frozen,F03,"Frozen Rack 03, Level: F, Position # 073 -  Front"
F03F074,Frozen,F03,"Frozen Rack 03, Level: F, Position # 074 -  Back"
F03F075,Frozen,F03,"Frozen Rack 03, Level: F, Position # 075 -  Front"
F03F076,Frozen,F03,"Frozen Rack 03, Level: F, Position # 076 -  Back"
F03F077,Frozen,F03,"Frozen Rack 03, Level: F, Position # 077 -  Front"
F03F078,Frozen,F03,"Frozen Rack 03, Level: F, Position # 078 -  Back"
F03F079,Frozen,F03,"Frozen Rack 03, Level: F, Position # 079 -  Front"
F03F080,Frozen,F03,"Frozen Rack 03, Level: F, Position # 080 -  Back"
F03F081,Frozen,F03,"Frozen Rack 03, Level: F, Position # 081 -  Front"
F03F082,Frozen,F03,"Frozen Rack 03, Level: F, Position # 082 -  Back"
F03F083,Frozen,F03,"Frozen Rack 03, Level: F, Position # 083 -  Front"
F03F084,Frozen,F03,"Frozen Rack 03, Level: F, Position # 084 -  Back"
F03F085,Frozen,F03,"Frozen Rack 03, Level: F, Position # 085 -  Front"
F03F086,Frozen,F03,"Frozen Rack 03, Level: F, Position # 086 -  Back"
F03F087,Frozen,F03,"Frozen Rack 03, Level: F, Position # 087 -  Front"
F03F088,Frozen,F03,"Frozen Rack 03, Level: F, Position # 088 -  Back"
F03F089,Frozen,F03,"Frozen Rack 03, Level: F, Position # 089 -  Front"
F03F090,Frozen,F03,"Frozen Rack 03, Level: F, Position # 090 -  Back"
F03F091,Frozen,F03,"Frozen Rack 03, Level: F, Position # 091 -  Front"
F03F092,Frozen,F03,"Frozen Rack 03, Level: F, Position # 092 -  Back"
F03F093,Frozen,F03,"Frozen Rack 03, Level: F, Position # 093 -  Front"
F03F094,Frozen,F03,"Frozen Rack 03, Level: F, Position # 094 -  Back"
F03F095,Frozen,F03,"Frozen Rack 03, Level: F, Position # 095 -  Front"
F03F096,Frozen,F03,"Frozen Rack 03, Level: F, Position # 096 -  Back"
F03F097,Frozen,F03,"Frozen Rack 03, Level: F, Position # 097 -  Front"
F03F098,Frozen,F03,"Frozen Rack 03, Level: F, Position # 098 -  Back"
F03F099,Frozen,F03,"Frozen Rack 03, Level: F, Position # 099 -  Front"
F03F100,Frozen,F03,"Frozen Rack 03, Level: F, Position # 100 -  Back"
F03F101,Frozen,F03,"Frozen Rack 03, Level: F, Position # 101 -  Front"
F03F102,Frozen,F03,"Frozen Rack 03, Level: F, Position # 102 -  Back"
F03F103,Frozen,F03,"Frozen Rack 03, Level: F, Position # 103 -  Front"
F03F104,Frozen,F03,"Frozen Rack 03, Level: F, Position # 104 -  Back"
F03F105,Frozen,F03,"Frozen Rack 03, Level: F, Position # 105 -  Front"
F03F106,Frozen,F03,"Frozen Rack 03, Level: F, Position # 106 -  Back"
F03F107,Frozen,F03,"Frozen Rack 03, Level: F, Position # 107 -  Front"
F03F108,Frozen,F03,"Frozen Rack 03, Level: F, Position # 108 -  Back"
F03F109,Frozen,F03,"Frozen Rack 03, Level: F, Position # 109 -  Front"
F03F110,Frozen,F03,"Frozen Rack 03, Level: F, Position # 110 -  Back"
F03F111,Frozen,F03,"Frozen Rack 03, Level: F, Position # 111 -  Front"
F03F112,Frozen,F03,"Frozen Rack 03, Level: F, Position # 112 -  Back"
F04A001,Frozen,F04,"Frozen Rack 04, Level: A, Position # 001 -  Front"
F04A002,Frozen,F04,"Frozen Rack 04, Level: A, Position # 002 -  Back"
F04A003,Frozen,F04,"Frozen Rack 04, Level: A, Position # 003 -  Front"
F04A004,Frozen,F04,"Frozen Rack 04, Level: A, Position # 004 -  Back"
F04A005,Frozen,F04,"Frozen Rack 04, Level: A, Position # 005 -  Front"
F04A006,Frozen,F04,"Frozen Rack 04, Level: A, Position # 006 -  Back"
F04A007,Frozen,F04,"Frozen Rack 04, Level: A, Position # 007 -  Front"
F04A008,Frozen,F04,"Frozen Rack 04, Level: A, Position # 008 -  Back"
F04A009,Frozen,F04,"Frozen Rack 04, Level: A, Position # 009 -  Front"
F04A010,Frozen,F04,"Frozen Rack 04, Level: A, Position # 010 -  Back"
F04A011,Frozen,F04,"Frozen Rack 04, Level: A, Position # 011 -  Front"
F04A012,Frozen,F04,"Frozen Rack 04, Level: A, Position # 012 -  Back"
F04A019,Frozen,F04,"Frozen Rack 04, Level: A, Position # 019 -  Front"
F04A020,Frozen,F04,"Frozen Rack 04, Level: A, Position # 020 -  Back"
F04A021,Frozen,F04,"Frozen Rack 04, Level: A, Position # 021 -  Front"
F04A022,Frozen,F04,"Frozen Rack 04, Level: A, Position # 022 -  Back"
F04A023,Frozen,F04,"Frozen Rack 04, Level: A, Position # 023 -  Front"
F04A024,Frozen,F04,"Frozen Rack 04, Level: A, Position # 024 -  Back"
F04A025,Frozen,F04,"Frozen Rack 04, Level: A, Position # 025 -  Front"
F04A026,Frozen,F04,"Frozen Rack 04, Level: A, Position # 026 -  Back"
F04A027,Frozen,F04,"Frozen Rack 04, Level: A, Position # 027 -  Front"
F04A028,Frozen,F04,"Frozen Rack 04, Level: A, Position # 028 -  Back"
F04A029,Frozen,F04,"Frozen Rack 04, Level: A, Position # 029 -  Front"
F04A030,Frozen,F04,"Frozen Rack 04, Level: A, Position # 030 -  Back"
F04A031,Frozen,F04,"Frozen Rack 04, Level: A, Position # 031 -  Front"
F04A032,Frozen,F04,"Frozen Rack 04, Level: A, Position # 032 -  Back"
F04A033,Frozen,F04,"Frozen Rack 04, Level: A, Position # 033 -  Front"
F04A034,Frozen,F04,"Frozen Rack 04, Level: A, Position # 034 -  Back"
F04A035,Frozen,F04,"Frozen Rack 04, Level: A, Position # 035 -  Front"
F04A036,Frozen,F04,"Frozen Rack 04, Level: A, Position # 036 -  Back"
F04A037,Frozen,F04,"Frozen Rack 04, Level: A, Position # 037 -  Front"
F04A038,Frozen,F04,"Frozen Rack 04, Level: A, Position # 038 -  Back"
F04A039,Frozen,F04,"Frozen Rack 04, Level: A, Position # 039 -  Front"
F04A040,Frozen,F04,"Frozen Rack 04, Level: A, Position # 040 -  Back"
F04A041,Frozen,F04,"Frozen Rack 04, Level: A, Position # 041 -  Front"
F04A042,Frozen,F04,"Frozen Rack 04, Level: A, Position # 042 -  Back"
F04A043,Frozen,F04,"Frozen Rack 04, Level: A, Position # 043 -  Front"
F04A044,Frozen,F04,"Frozen Rack 04, Level: A, Position # 044 -  Back"
F04A045,Frozen,F04,"Frozen Rack 04, Level: A, Position # 045 -  Front"
F04A046,Frozen,F04,"Frozen Rack 04, Level: A, Position # 046 -  Back"
F04A047,Frozen,F04,"Frozen Rack 04, Level: A, Position # 047 -  Front"
F04A048,Frozen,F04,"Frozen Rack 04, Level: A, Position # 048 -  Back"
F04A049,Frozen,F04,"Frozen Rack 04, Level: A, Position # 049 -  Front"
F04A050,Frozen,F04,"Frozen Rack 04, Level: A, Position # 050 -  Back"
F04A051,Frozen,F04,"Frozen Rack 04, Level: A, Position # 051 -  Front"
F04A052,Frozen,F04,"Frozen Rack 04, Level: A, Position # 052 -  Back"
F04A053,Frozen,F04,"Frozen Rack 04, Level: A, Position # 053 -  Front"
F04A054,Frozen,F04,"Frozen Rack 04, Level: A, Position # 054 -  Back"
F04A061,Frozen,F04,"Frozen Rack 04, Level: A, Position # 061 -  Front"
F04A062,Frozen,F04,"Frozen Rack 04, Level: A, Position # 062 -  Back"
F04A063,Frozen,F04,"Frozen Rack 04, Level: A, Position # 063 -  Front"
F04A064,Frozen,F04,"Frozen Rack 04, Level: A, Position # 064 -  Back"
F04A065,Frozen,F04,"Frozen Rack 04, Level: A, Position # 065 -  Front"
F04A066,Frozen,F04,"Frozen Rack 04, Level: A, Position # 066 -  Back"
F04A067,Frozen,F04,"Frozen Rack 04, Level: A, Position # 067 -  Front"
F04A068,Frozen,F04,"Frozen Rack 04, Level: A, Position # 068 -  Back"
F04A069,Frozen,F04,"Frozen Rack 04, Level: A, Position # 069 -  Front"
F04A070,Frozen,F04,"Frozen Rack 04, Level: A, Position # 070 -  Back"
F04A071,Frozen,F04,"Frozen Rack 04, Level: A, Position # 071 -  Front"
F04A072,Frozen,F04,"Frozen Rack 04, Level: A, Position # 072 -  Back"
F04A073,Frozen,F04,"Frozen Rack 04, Level: A, Position # 073 -  Front"
F04A074,Frozen,F04,"Frozen Rack 04, Level: A, Position # 074 -  Back"
F04A075,Frozen,F04,"Frozen Rack 04, Level: A, Position # 075 -  Front"
F04A076,Frozen,F04,"Frozen Rack 04, Level: A, Position # 076 -  Back"
F04A077,Frozen,F04,"Frozen Rack 04, Level: A, Position # 077 -  Front"
F04A078,Frozen,F04,"Frozen Rack 04, Level: A, Position # 078 -  Back"
F04A079,Frozen,F04,"Frozen Rack 04, Level: A, Position # 079 -  Front"
F04A080,Frozen,F04,"Frozen Rack 04, Level: A, Position # 080 -  Back"
F04A081,Frozen,F04,"Frozen Rack 04, Level: A, Position # 081 -  Front"
F04A082,Frozen,F04,"Frozen Rack 04, Level: A, Position # 082 -  Back"
F04A083,Frozen,F04,"Frozen Rack 04, Level: A, Position # 083 -  Front"
F04A084,Frozen,F04,"Frozen Rack 04, Level: A, Position # 084 -  Back"
F04A085,Frozen,F04,"Frozen Rack 04, Level: A, Position # 085 -  Front"
F04A086,Frozen,F04,"Frozen Rack 04, Level: A, Position # 086 -  Back"
F04A087,Frozen,F04,"Frozen Rack 04, Level: A, Position # 087 -  Front"
F04A088,Frozen,F04,"Frozen Rack 04, Level: A, Position # 088 -  Back"
F04A089,Frozen,F04,"Frozen Rack 04, Level: A, Position # 089 -  Front"
F04A090,Frozen,F04,"Frozen Rack 04, Level: A, Position # 090 -  Back"
F04A091,Frozen,F04,"Frozen Rack 04, Level: A, Position # 091 -  Front"
F04A092,Frozen,F04,"Frozen Rack 04, Level: A, Position # 092 -  Back"
F04A093,Frozen,F04,"Frozen Rack 04, Level: A, Position # 093 -  Front"
F04A094,Frozen,F04,"Frozen Rack 04, Level: A, Position # 094 -  Back"
F04A095,Frozen,F04,"Frozen Rack 04, Level: A, Position # 095 -  Front"
F04A096,Frozen,F04,"Frozen Rack 04, Level: A, Position # 096 -  Back"
F04A103,Frozen,F04,"Frozen Rack 04, Level: A, Position # 103 -  Front"
F04A104,Frozen,F04,"Frozen Rack 04, Level: A, Position # 104 -  Back"
F04A105,Frozen,F04,"Frozen Rack 04, Level: A, Position # 105 -  Front"
F04A106,Frozen,F04,"Frozen Rack 04, Level: A, Position # 106 -  Back"
F04A107,Frozen,F04,"Frozen Rack 04, Level: A, Position # 107 -  Front"
F04A108,Frozen,F04,"Frozen Rack 04, Level: A, Position # 108 -  Back"
F04A109,Frozen,F04,"Frozen Rack 04, Level: A, Position # 109 -  Front"
F04A110,Frozen,F04,"Frozen Rack 04, Level: A, Position # 110 -  Back"
F04A111,Frozen,F04,"Frozen Rack 04, Level: A, Position # 111 -  Front"
F04A112,Frozen,F04,"Frozen Rack 04, Level: A, Position # 112 -  Back"
F04B001,Frozen,F04,"Frozen Rack 04, Level: B, Position # 001 -  Front"
F04B002,Frozen,F04,"Frozen Rack 04, Level: B, Position # 002 -  Back"
F04B003,Frozen,F04,"Frozen Rack 04, Level: B, Position # 003 -  Front"
F04B004,Frozen,F04,"Frozen Rack 04, Level: B, Position # 004 -  Back"
F04B005,Frozen,F04,"Frozen Rack 04, Level: B, Position # 005 -  Front"
F04B006,Frozen,F04,"Frozen Rack 04, Level: B, Position # 006 -  Back"
F04B007,Frozen,F04,"Frozen Rack 04, Level: B, Position # 007 -  Front"
F04B008,Frozen,F04,"Frozen Rack 04, Level: B, Position # 008 -  Back"
F04B009,Frozen,F04,"Frozen Rack 04, Level: B, Position # 009 -  Front"
F04B010,Frozen,F04,"Frozen Rack 04, Level: B, Position # 010 -  Back"
F04B011,Frozen,F04,"Frozen Rack 04, Level: B, Position # 011 -  Front"
F04B012,Frozen,F04,"Frozen Rack 04, Level: B, Position # 012 -  Back"
F04B019,Frozen,F04,"Frozen Rack 04, Level: B, Position # 019 -  Front"
F04B020,Frozen,F04,"Frozen Rack 04, Level: B, Position # 020 -  Back"
F04B021,Frozen,F04,"Frozen Rack 04, Level: B, Position # 021 -  Front"
F04B022,Frozen,F04,"Frozen Rack 04, Level: B, Position # 022 -  Back"
F04B023,Frozen,F04,"Frozen Rack 04, Level: B, Position # 023 -  Front"
F04B024,Frozen,F04,"Frozen Rack 04, Level: B, Position # 024 -  Back"
F04B025,Frozen,F04,"Frozen Rack 04, Level: B, Position # 025 -  Front"
F04B026,Frozen,F04,"Frozen Rack 04, Level: B, Position # 026 -  Back"
F04B027,Frozen,F04,"Frozen Rack 04, Level: B, Position # 027 -  Front"
F04B028,Frozen,F04,"Frozen Rack 04, Level: B, Position # 028 -  Back"
F04B029,Frozen,F04,"Frozen Rack 04, Level: B, Position # 029 -  Front"
F04B030,Frozen,F04,"Frozen Rack 04, Level: B, Position # 030 -  Back"
F04B031,Frozen,F04,"Frozen Rack 04, Level: B, Position # 031 -  Front"
F04B032,Frozen,F04,"Frozen Rack 04, Level: B, Position # 032 -  Back"
F04B033,Frozen,F04,"Frozen Rack 04, Level: B, Position # 033 -  Front"
F04B034,Frozen,F04,"Frozen Rack 04, Level: B, Position # 034 -  Back"
F04B035,Frozen,F04,"Frozen Rack 04, Level: B, Position # 035 -  Front"
F04B036,Frozen,F04,"Frozen Rack 04, Level: B, Position # 036 -  Back"
F04B037,Frozen,F04,"Frozen Rack 04, Level: B, Position # 037 -  Front"
F04B038,Frozen,F04,"Frozen Rack 04, Level: B, Position # 038 -  Back"
F04B039,Frozen,F04,"Frozen Rack 04, Level: B, Position # 039 -  Front"
F04B040,Frozen,F04,"Frozen Rack 04, Level: B, Position # 040 -  Back"
F04B041,Frozen,F04,"Frozen Rack 04, Level: B, Position # 041 -  Front"
F04B042,Frozen,F04,"Frozen Rack 04, Level: B, Position # 042 -  Back"
F04B043,Frozen,F04,"Frozen Rack 04, Level: B, Position # 043 -  Front"
F04B044,Frozen,F04,"Frozen Rack 04, Level: B, Position # 044 -  Back"
F04B045,Frozen,F04,"Frozen Rack 04, Level: B, Position # 045 -  Front"
F04B046,Frozen,F04,"Frozen Rack 04, Level: B, Position # 046 -  Back"
F04B047,Frozen,F04,"Frozen Rack 04, Level: B, Position # 047 -  Front"
F04B048,Frozen,F04,"Frozen Rack 04, Level: B, Position # 048 -  Back"
F04B049,Frozen,F04,"Frozen Rack 04, Level: B, Position # 049 -  Front"
F04B050,Frozen,F04,"Frozen Rack 04, Level: B, Position # 050 -  Back"
F04B051,Frozen,F04,"Frozen Rack 04, Level: B, Position # 051 -  Front"
F04B052,Frozen,F04,"Frozen Rack 04, Level: B, Position # 052 -  Back"
F04B053,Frozen,F04,"Frozen Rack 04, Level: B, Position # 053 -  Front"
F04B054,Frozen,F04,"Frozen Rack 04, Level: B, Position # 054 -  Back"
F04B061,Frozen,F04,"Frozen Rack 04, Level: B, Position # 061 -  Front"
F04B062,Frozen,F04,"Frozen Rack 04, Level: B, Position # 062 -  Back"
F04B063,Frozen,F04,"Frozen Rack 04, Level: B, Position # 063 -  Front"
F04B064,Frozen,F04,"Frozen Rack 04, Level: B, Position # 064 -  Back"
F04B065,Frozen,F04,"Frozen Rack 04, Level: B, Position # 065 -  Front"
F04B066,Frozen,F04,"Frozen Rack 04, Level: B, Position # 066 -  Back"
F04B067,Frozen,F04,"Frozen Rack 04, Level: B, Position # 067 -  Front"
F04B068,Frozen,F04,"Frozen Rack 04, Level: B, Position # 068 -  Back"
F04B069,Frozen,F04,"Frozen Rack 04, Level: B, Position # 069 -  Front"
F04B070,Frozen,F04,"Frozen Rack 04, Level: B, Position # 070 -  Back"
F04B071,Frozen,F04,"Frozen Rack 04, Level: B, Position # 071 -  Front"
F04B072,Frozen,F04,"Frozen Rack 04, Level: B, Position # 072 -  Back"
F04B073,Frozen,F04,"Frozen Rack 04, Level: B, Position # 073 -  Front"
F04B074,Frozen,F04,"Frozen Rack 04, Level: B, Position # 074 -  Back"
F04B075,Frozen,F04,"Frozen Rack 04, Level: B, Position # 075 -  Front"
F04B076,Frozen,F04,"Frozen Rack 04, Level: B, Position # 076 -  Back"
F04B077,Frozen,F04,"Frozen Rack 04, Level: B, Position # 077 -  Front"
F04B078,Frozen,F04,"Frozen Rack 04, Level: B, Position # 078 -  Back"
F04B079,Frozen,F04,"Frozen Rack 04, Level: B, Position # 079 -  Front"
F04B080,Frozen,F04,"Frozen Rack 04, Level: B, Position # 080 -  Back"
F04B081,Frozen,F04,"Frozen Rack 04, Level: B, Position # 081 -  Front"
F04B082,Frozen,F04,"Frozen Rack 04, Level: B, Position # 082 -  Back"
F04B083,Frozen,F04,"Frozen Rack 04, Level: B, Position # 083 -  Front"
F04B084,Frozen,F04,"Frozen Rack 04, Level: B, Position # 084 -  Back"
F04B085,Frozen,F04,"Frozen Rack 04, Level: B, Position # 085 -  Front"
F04B086,Frozen,F04,"Frozen Rack 04, Level: B, Position # 086 -  Back"
F04B087,Frozen,F04,"Frozen Rack 04, Level: B, Position # 087 -  Front"
F04B088,Frozen,F04,"Frozen Rack 04, Level: B, Position # 088 -  Back"
F04B089,Frozen,F04,"Frozen Rack 04, Level: B, Position # 089 -  Front"
F04B090,Frozen,F04,"Frozen Rack 04, Level: B, Position # 090 -  Back"
F04B091,Frozen,F04,"Frozen Rack 04, Level: B, Position # 091 -  Front"
F04B092,Frozen,F04,"Frozen Rack 04, Level: B, Position # 092 -  Back"
F04B093,Frozen,F04,"Frozen Rack 04, Level: B, Position # 093 -  Front"
F04B094,Frozen,F04,"Frozen Rack 04, Level: B, Position # 094 -  Back"
F04B095,Frozen,F04,"Frozen Rack 04, Level: B, Position # 095 -  Front"
F04B096,Frozen,F04,"Frozen Rack 04, Level: B, Position # 096 -  Back"
F04B103,Frozen,F04,"Frozen Rack 04, Level: B, Position # 103 -  Front"
F04B104,Frozen,F04,"Frozen Rack 04, Level: B, Position # 104 -  Back"
F04B105,Frozen,F04,"Frozen Rack 04, Level: B, Position # 105 -  Front"
F04B106,Frozen,F04,"Frozen Rack 04, Level: B, Position # 106 -  Back"
F04B107,Frozen,F04,"Frozen Rack 04, Level: B, Position # 107 -  Front"
F04B108,Frozen,F04,"Frozen Rack 04, Level: B, Position # 108 -  Back"
F04B109,Frozen,F04,"Frozen Rack 04, Level: B, Position # 109 -  Front"
F04B110,Frozen,F04,"Frozen Rack 04, Level: B, Position # 110 -  Back"
F04B111,Frozen,F04,"Frozen Rack 04, Level: B, Position # 111 -  Front"
F04B112,Frozen,F04,"Frozen Rack 04, Level: B, Position # 112 -  Back"
F04C001,Frozen,F04,"Frozen Rack 04, Level: C, Position # 001 -  Front"
F04C002,Frozen,F04,"Frozen Rack 04, Level: C, Position # 002 -  Back"
F04C003,Frozen,F04,"Frozen Rack 04, Level: C, Position # 003 -  Front"
F04C004,Frozen,F04,"Frozen Rack 04, Level: C, Position # 004 -  Back"
F04C005,Frozen,F04,"Frozen Rack 04, Level: C, Position # 005 -  Front"
F04C006,Frozen,F04,"Frozen Rack 04, Level: C, Position # 006 -  Back"
F04C007,Frozen,F04,"Frozen Rack 04, Level: C, Position # 007 -  Front"
F04C008,Frozen,F04,"Frozen Rack 04, Level: C, Position # 008 -  Back"
F04C009,Frozen,F04,"Frozen Rack 04, Level: C, Position # 009 -  Front"
F04C010,Frozen,F04,"Frozen Rack 04, Level: C, Position # 010 -  Back"
F04C011,Frozen,F04,"Frozen Rack 04, Level: C, Position # 011 -  Front"
F04C012,Frozen,F04,"Frozen Rack 04, Level: C, Position # 012 -  Back"
F04C019,Frozen,F04,"Frozen Rack 04, Level: C, Position # 019 -  Front"
F04C020,Frozen,F04,"Frozen Rack 04, Level: C, Position # 020 -  Back"
F04C021,Frozen,F04,"Frozen Rack 04, Level: C, Position # 021 -  Front"
F04C022,Frozen,F04,"Frozen Rack 04, Level: C, Position # 022 -  Back"
F04C023,Frozen,F04,"Frozen Rack 04, Level: C, Position # 023 -  Front"
F04C024,Frozen,F04,"Frozen Rack 04, Level: C, Position # 024 -  Back"
F04C025,Frozen,F04,"Frozen Rack 04, Level: C, Position # 025 -  Front"
F04C026,Frozen,F04,"Frozen Rack 04, Level: C, Position # 026 -  Back"
F04C027,Frozen,F04,"Frozen Rack 04, Level: C, Position # 027 -  Front"
F04C028,Frozen,F04,"Frozen Rack 04, Level: C, Position # 028 -  Back"
F04C029,Frozen,F04,"Frozen Rack 04, Level: C, Position # 029 -  Front"
F04C030,Frozen,F04,"Frozen Rack 04, Level: C, Position # 030 -  Back"
F04C031,Frozen,F04,"Frozen Rack 04, Level: C, Position # 031 -  Front"
F04C032,Frozen,F04,"Frozen Rack 04, Level: C, Position # 032 -  Back"
F04C033,Frozen,F04,"Frozen Rack 04, Level: C, Position # 033 -  Front"
F04C034,Frozen,F04,"Frozen Rack 04, Level: C, Position # 034 -  Back"
F04C035,Frozen,F04,"Frozen Rack 04, Level: C, Position # 035 -  Front"
F04C036,Frozen,F04,"Frozen Rack 04, Level: C, Position # 036 -  Back"
F04C037,Frozen,F04,"Frozen Rack 04, Level: C, Position # 037 -  Front"
F04C038,Frozen,F04,"Frozen Rack 04, Level: C, Position # 038 -  Back"
F04C039,Frozen,F04,"Frozen Rack 04, Level: C, Position # 039 -  Front"
F04C040,Frozen,F04,"Frozen Rack 04, Level: C, Position # 040 -  Back"
F04C041,Frozen,F04,"Frozen Rack 04, Level: C, Position # 041 -  Front"
F04C042,Frozen,F04,"Frozen Rack 04, Level: C, Position # 042 -  Back"
F04C043,Frozen,F04,"Frozen Rack 04, Level: C, Position # 043 -  Front"
F04C044,Frozen,F04,"Frozen Rack 04, Level: C, Position # 044 -  Back"
F04C045,Frozen,F04,"Frozen Rack 04, Level: C, Position # 045 -  Front"
F04C046,Frozen,F04,"Frozen Rack 04, Level: C, Position # 046 -  Back"
F04C047,Frozen,F04,"Frozen Rack 04, Level: C, Position # 047 -  Front"
F04C048,Frozen,F04,"Frozen Rack 04, Level: C, Position # 048 -  Back"
F04C049,Frozen,F04,"Frozen Rack 04, Level: C, Position # 049 -  Front"
F04C050,Frozen,F04,"Frozen Rack 04, Level: C, Position # 050 -  Back"
F04C051,Frozen,F04,"Frozen Rack 04, Level: C, Position # 051 -  Front"
F04C052,Frozen,F04,"Frozen Rack 04, Level: C, Position # 052 -  Back"
F04C053,Frozen,F04,"Frozen Rack 04, Level: C, Position # 053 -  Front"
F04C054,Frozen,F04,"Frozen Rack 04, Level: C, Position # 054 -  Back"
F04C061,Frozen,F04,"Frozen Rack 04, Level: C, Position # 061 -  Front"
F04C062,Frozen,F04,"Frozen Rack 04, Level: C, Position # 062 -  Back"
F04C063,Frozen,F04,"Frozen Rack 04, Level: C, Position # 063 -  Front"
F04C064,Frozen,F04,"Frozen Rack 04, Level: C, Position # 064 -  Back"
F04C065,Frozen,F04,"Frozen Rack 04, Level: C, Position # 065 -  Front"
F04C066,Frozen,F04,"Frozen Rack 04, Level: C, Position # 066 -  Back"
F04C067,Frozen,F04,"Frozen Rack 04, Level: C, Position # 067 -  Front"
F04C068,Frozen,F04,"Frozen Rack 04, Level: C, Position # 068 -  Back"
F04C069,Frozen,F04,"Frozen Rack 04, Level: C, Position # 069 -  Front"
F04C070,Frozen,F04,"Frozen Rack 04, Level: C, Position # 070 -  Back"
F04C071,Frozen,F04,"Frozen Rack 04, Level: C, Position # 071 -  Front"
F04C072,Frozen,F04,"Frozen Rack 04, Level: C, Position # 072 -  Back"
F04C073,Frozen,F04,"Frozen Rack 04, Level: C, Position # 073 -  Front"
F04C074,Frozen,F04,"Frozen Rack 04, Level: C, Position # 074 -  Back"
F04C075,Frozen,F04,"Frozen Rack 04, Level: C, Position # 075 -  Front"
F04C076,Frozen,F04,"Frozen Rack 04, Level: C, Position # 076 -  Back"
F04C077,Frozen,F04,"Frozen Rack 04, Level: C, Position # 077 -  Front"
F04C078,Frozen,F04,"Frozen Rack 04, Level: C, Position # 078 -  Back"
F04C079,Frozen,F04,"Frozen Rack 04, Level: C, Position # 079 -  Front"
F04C080,Frozen,F04,"Frozen Rack 04, Level: C, Position # 080 -  Back"
F04C081,Frozen,F04,"Frozen Rack 04, Level: C, Position # 081 -  Front"
F04C082,Frozen,F04,"Frozen Rack 04, Level: C, Position # 082 -  Back"
F04C083,Frozen,F04,"Frozen Rack 04, Level: C, Position # 083 -  Front"
F04C084,Frozen,F04,"Frozen Rack 04, Level: C, Position # 084 -  Back"
F04C085,Frozen,F04,"Frozen Rack 04, Level: C, Position # 085 -  Front"
F04C086,Frozen,F04,"Frozen Rack 04, Level: C, Position # 086 -  Back"
F04C087,Frozen,F04,"Frozen Rack 04, Level: C, Position # 087 -  Front"
F04C088,Frozen,F04,"Frozen Rack 04, Level: C, Position # 088 -  Back"
F04C089,Frozen,F04,"Frozen Rack 04, Level: C, Position # 089 -  Front"
F04C090,Frozen,F04,"Frozen Rack 04, Level: C, Position # 090 -  Back"
F04C091,Frozen,F04,"Frozen Rack 04, Level: C, Position # 091 -  Front"
F04C092,Frozen,F04,"Frozen Rack 04, Level: C, Position # 092 -  Back"
F04C093,Frozen,F04,"Frozen Rack 04, Level: C, Position # 093 -  Front"
F04C094,Frozen,F04,"Frozen Rack 04, Level: C, Position # 094 -  Back"
F04C095,Frozen,F04,"Frozen Rack 04, Level: C, Position # 095 -  Front"
F04C096,Frozen,F04,"Frozen Rack 04, Level: C, Position # 096 -  Back"
F04C103,Frozen,F04,"Frozen Rack 04, Level: C, Position # 103 -  Front"
F04C104,Frozen,F04,"Frozen Rack 04, Level: C, Position # 104 -  Back"
F04C105,Frozen,F04,"Frozen Rack 04, Level: C, Position # 105 -  Front"
F04C106,Frozen,F04,"Frozen Rack 04, Level: C, Position # 106 -  Back"
F04C107,Frozen,F04,"Frozen Rack 04, Level: C, Position # 107 -  Front"
F04C108,Frozen,F04,"Frozen Rack 04, Level: C, Position # 108 -  Back"
F04C109,Frozen,F04,"Frozen Rack 04, Level: C, Position # 109 -  Front"
F04C110,Frozen,F04,"Frozen Rack 04, Level: C, Position # 110 -  Back"
F04C111,Frozen,F04,"Frozen Rack 04, Level: C, Position # 111 -  Front"
F04C112,Frozen,F04,"Frozen Rack 04, Level: C, Position # 112 -  Back"
F04D001,Frozen,F04,"Frozen Rack 04, Level: D, Position # 001 -  Front"
F04D002,Frozen,F04,"Frozen Rack 04, Level: D, Position # 002 -  Back"
F04D003,Frozen,F04,"Frozen Rack 04, Level: D, Position # 003 -  Front"
F04D004,Frozen,F04,"Frozen Rack 04, Level: D, Position # 004 -  Back"
F04D005,Frozen,F04,"Frozen Rack 04, Level: D, Position # 005 -  Front"
F04D006,Frozen,F04,"Frozen Rack 04, Level: D, Position # 006 -  Back"
F04D007,Frozen,F04,"Frozen Rack 04, Level: D, Position # 007 -  Front"
F04D008,Frozen,F04,"Frozen Rack 04, Level: D, Position # 008 -  Back"
F04D009,Frozen,F04,"Frozen Rack 04, Level: D, Position # 009 -  Front"
F04D010,Frozen,F04,"Frozen Rack 04, Level: D, Position # 010 -  Back"
F04D011,Frozen,F04,"Frozen Rack 04, Level: D, Position # 011 -  Front"
F04D012,Frozen,F04,"Frozen Rack 04, Level: D, Position # 012 -  Back"
F04D013,Frozen,F04,"Frozen Rack 04, Level: D, Position # 013 -  Front"
F04D014,Frozen,F04,"Frozen Rack 04, Level: D, Position # 014 -  Back"
F04D015,Frozen,F04,"Frozen Rack 04, Level: D, Position # 015 -  Front"
F04D016,Frozen,F04,"Frozen Rack 04, Level: D, Position # 016 -  Back"
F04D017,Frozen,F04,"Frozen Rack 04, Level: D, Position # 017 -  Front"
F04D018,Frozen,F04,"Frozen Rack 04, Level: D, Position # 018 -  Back"
F04D019,Frozen,F04,"Frozen Rack 04, Level: D, Position # 019 -  Front"
F04D020,Frozen,F04,"Frozen Rack 04, Level: D, Position # 020 -  Back"
F04D021,Frozen,F04,"Frozen Rack 04, Level: D, Position # 021 -  Front"
F04D022,Frozen,F04,"Frozen Rack 04, Level: D, Position # 022 -  Back"
F04D023,Frozen,F04,"Frozen Rack 04, Level: D, Position # 023 -  Front"
F04D024,Frozen,F04,"Frozen Rack 04, Level: D, Position # 024 -  Back"
F04D025,Frozen,F04,"Frozen Rack 04, Level: D, Position # 025 -  Front"
F04D026,Frozen,F04,"Frozen Rack 04, Level: D, Position # 026 -  Back"
F04D027,Frozen,F04,"Frozen Rack 04, Level: D, Position # 027 -  Front"
F04D028,Frozen,F04,"Frozen Rack 04, Level: D, Position # 028 -  Back"
F04D029,Frozen,F04,"Frozen Rack 04, Level: D, Position # 029 -  Front"
F04D030,Frozen,F04,"Frozen Rack 04, Level: D, Position # 030 -  Back"
F04D031,Frozen,F04,"Frozen Rack 04, Level: D, Position # 031 -  Front"
F04D032,Frozen,F04,"Frozen Rack 04, Level: D, Position # 032 -  Back"
F04D033,Frozen,F04,"Frozen Rack 04, Level: D, Position # 033 -  Front"
F04D034,Frozen,F04,"Frozen Rack 04, Level: D, Position # 034 -  Back"
F04D035,Frozen,F04,"Frozen Rack 04, Level: D, Position # 035 -  Front"
F04D036,Frozen,F04,"Frozen Rack 04, Level: D, Position # 036 -  Back"
F04D037,Frozen,F04,"Frozen Rack 04, Level: D, Position # 037 -  Front"
F04D038,Frozen,F04,"Frozen Rack 04, Level: D, Position # 038 -  Back"
F04D039,Frozen,F04,"Frozen Rack 04, Level: D, Position # 039 -  Front"
F04D040,Frozen,F04,"Frozen Rack 04, Level: D, Position # 040 -  Back"
F04D041,Frozen,F04,"Frozen Rack 04, Level: D, Position # 041 -  Front"
F04D042,Frozen,F04,"Frozen Rack 04, Level: D, Position # 042 -  Back"
F04D043,Frozen,F04,"Frozen Rack 04, Level: D, Position # 043 -  Front"
F04D044,Frozen,F04,"Frozen Rack 04, Level: D, Position # 044 -  Back"
F04D045,Frozen,F04,"Frozen Rack 04, Level: D, Position # 045 -  Front"
F04D046,Frozen,F04,"Frozen Rack 04, Level: D, Position # 046 -  Back"
F04D047,Frozen,F04,"Frozen Rack 04, Level: D, Position # 047 -  Front"
F04D048,Frozen,F04,"Frozen Rack 04, Level: D, Position # 048 -  Back"
F04D049,Frozen,F04,"Frozen Rack 04, Level: D, Position # 049 -  Front"
F04D050,Frozen,F04,"Frozen Rack 04, Level: D, Position # 050 -  Back"
F04D051,Frozen,F04,"Frozen Rack 04, Level: D, Position # 051 -  Front"
F04D052,Frozen,F04,"Frozen Rack 04, Level: D, Position # 052 -  Back"
F04D053,Frozen,F04,"Frozen Rack 04, Level: D, Position # 053 -  Front"
F04D054,Frozen,F04,"Frozen Rack 04, Level: D, Position # 054 -  Back"
F04D055,Frozen,F04,"Frozen Rack 04, Level: D, Position # 055 -  Front"
F04D056,Frozen,F04,"Frozen Rack 04, Level: D, Position # 056 -  Back"
F04D057,Frozen,F04,"Frozen Rack 04, Level: D, Position # 057 -  Front"
F04D058,Frozen,F04,"Frozen Rack 04, Level: D, Position # 058 -  Back"
F04D059,Frozen,F04,"Frozen Rack 04, Level: D, Position # 059 -  Front"
F04D060,Frozen,F04,"Frozen Rack 04, Level: D, Position # 060 -  Back"
F04D061,Frozen,F04,"Frozen Rack 04, Level: D, Position # 061 -  Front"
F04D062,Frozen,F04,"Frozen Rack 04, Level: D, Position # 062 -  Back"
F04D063,Frozen,F04,"Frozen Rack 04, Level: D, Position # 063 -  Front"
F04D064,Frozen,F04,"Frozen Rack 04, Level: D, Position # 064 -  Back"
F04D065,Frozen,F04,"Frozen Rack 04, Level: D, Position # 065 -  Front"
F04D066,Frozen,F04,"Frozen Rack 04, Level: D, Position # 066 -  Back"
F04D067,Frozen,F04,"Frozen Rack 04, Level: D, Position # 067 -  Front"
F04D068,Frozen,F04,"Frozen Rack 04, Level: D, Position # 068 -  Back"
F04D069,Frozen,F04,"Frozen Rack 04, Level: D, Position # 069 -  Front"
F04D070,Frozen,F04,"Frozen Rack 04, Level: D, Position # 070 -  Back"
F04D071,Frozen,F04,"Frozen Rack 04, Level: D, Position # 071 -  Front"
F04D072,Frozen,F04,"Frozen Rack 04, Level: D, Position # 072 -  Back"
F04D073,Frozen,F04,"Frozen Rack 04, Level: D, Position # 073 -  Front"
F04D074,Frozen,F04,"Frozen Rack 04, Level: D, Position # 074 -  Back"
F04D075,Frozen,F04,"Frozen Rack 04, Level: D, Position # 075 -  Front"
F04D076,Frozen,F04,"Frozen Rack 04, Level: D, Position # 076 -  Back"
F04D077,Frozen,F04,"Frozen Rack 04, Level: D, Position # 077 -  Front"
F04D078,Frozen,F04,"Frozen Rack 04, Level: D, Position # 078 -  Back"
F04D079,Frozen,F04,"Frozen Rack 04, Level: D, Position # 079 -  Front"
F04D080,Frozen,F04,"Frozen Rack 04, Level: D, Position # 080 -  Back"
F04D081,Frozen,F04,"Frozen Rack 04, Level: D, Position # 081 -  Front"
F04D082,Frozen,F04,"Frozen Rack 04, Level: D, Position # 082 -  Back"
F04D083,Frozen,F04,"Frozen Rack 04, Level: D, Position # 083 -  Front"
F04D084,Frozen,F04,"Frozen Rack 04, Level: D, Position # 084 -  Back"
F04D085,Frozen,F04,"Frozen Rack 04, Level: D, Position # 085 -  Front"
F04D086,Frozen,F04,"Frozen Rack 04, Level: D, Position # 086 -  Back"
F04D087,Frozen,F04,"Frozen Rack 04, Level: D, Position # 087 -  Front"
F04D088,Frozen,F04,"Frozen Rack 04, Level: D, Position # 088 -  Back"
F04D089,Frozen,F04,"Frozen Rack 04, Level: D, Position # 089 -  Front"
F04D090,Frozen,F04,"Frozen Rack 04, Level: D, Position # 090 -  Back"
F04D091,Frozen,F04,"Frozen Rack 04, Level: D, Position # 091 -  Front"
F04D092,Frozen,F04,"Frozen Rack 04, Level: D, Position # 092 -  Back"
F04D093,Frozen,F04,"Frozen Rack 04, Level: D, Position # 093 -  Front"
F04D094,Frozen,F04,"Frozen Rack 04, Level: D, Position # 094 -  Back"
F04D095,Frozen,F04,"Frozen Rack 04, Level: D, Position # 095 -  Front"
F04D096,Frozen,F04,"Frozen Rack 04, Level: D, Position # 096 -  Back"
F04D097,Frozen,F04,"Frozen Rack 04, Level: D, Position # 097 -  Front"
F04D098,Frozen,F04,"Frozen Rack 04, Level: D, Position # 098 -  Back"
F04D099,Frozen,F04,"Frozen Rack 04, Level: D, Position # 099 -  Front"
F04D100,Frozen,F04,"Frozen Rack 04, Level: D, Position # 100 -  Back"
F04D101,Frozen,F04,"Frozen Rack 04, Level: D, Position # 101 -  Front"
F04D102,Frozen,F04,"Frozen Rack 04, Level: D, Position # 102 -  Back"
F04D103,Frozen,F04,"Frozen Rack 04, Level: D, Position # 103 -  Front"
F04D104,Frozen,F04,"Frozen Rack 04, Level: D, Position # 104 -  Back"
F04D105,Frozen,F04,"Frozen Rack 04, Level: D, Position # 105 -  Front"
F04D106,Frozen,F04,"Frozen Rack 04, Level: D, Position # 106 -  Back"
F04D107,Frozen,F04,"Frozen Rack 04, Level: D, Position # 107 -  Front"
F04D108,Frozen,F04,"Frozen Rack 04, Level: D, Position # 108 -  Back"
F04D109,Frozen,F04,"Frozen Rack 04, Level: D, Position # 109 -  Front"
F04D110,Frozen,F04,"Frozen Rack 04, Level: D, Position # 110 -  Back"
F04D111,Frozen,F04,"Frozen Rack 04, Level: D, Position # 111 -  Front"
F04D112,Frozen,F04,"Frozen Rack 04, Level: D, Position # 112 -  Back"
F04E001,Frozen,F04,"Frozen Rack 04, Level: E, Position # 001 -  Front"
F04E002,Frozen,F04,"Frozen Rack 04, Level: E, Position # 002 -  Back"
F04E003,Frozen,F04,"Frozen Rack 04, Level: E, Position # 003 -  Front"
F04E004,Frozen,F04,"Frozen Rack 04, Level: E, Position # 004 -  Back"
F04E005,Frozen,F04,"Frozen Rack 04, Level: E, Position # 005 -  Front"
F04E006,Frozen,F04,"Frozen Rack 04, Level: E, Position # 006 -  Back"
F04E007,Frozen,F04,"Frozen Rack 04, Level: E, Position # 007 -  Front"
F04E008,Frozen,F04,"Frozen Rack 04, Level: E, Position # 008 -  Back"
F04E009,Frozen,F04,"Frozen Rack 04, Level: E, Position # 009 -  Front"
F04E010,Frozen,F04,"Frozen Rack 04, Level: E, Position # 010 -  Back"
F04E011,Frozen,F04,"Frozen Rack 04, Level: E, Position # 011 -  Front"
F04E012,Frozen,F04,"Frozen Rack 04, Level: E, Position # 012 -  Back"
F04E013,Frozen,F04,"Frozen Rack 04, Level: E, Position # 013 -  Front"
F04E014,Frozen,F04,"Frozen Rack 04, Level: E, Position # 014 -  Back"
F04E015,Frozen,F04,"Frozen Rack 04, Level: E, Position # 015 -  Front"
F04E016,Frozen,F04,"Frozen Rack 04, Level: E, Position # 016 -  Back"
F04E017,Frozen,F04,"Frozen Rack 04, Level: E, Position # 017 -  Front"
F04E018,Frozen,F04,"Frozen Rack 04, Level: E, Position # 018 -  Back"
F04E019,Frozen,F04,"Frozen Rack 04, Level: E, Position # 019 -  Front"
F04E020,Frozen,F04,"Frozen Rack 04, Level: E, Position # 020 -  Back"
F04E021,Frozen,F04,"Frozen Rack 04, Level: E, Position # 021 -  Front"
F04E022,Frozen,F04,"Frozen Rack 04, Level: E, Position # 022 -  Back"
F04E023,Frozen,F04,"Frozen Rack 04, Level: E, Position # 023 -  Front"
F04E024,Frozen,F04,"Frozen Rack 04, Level: E, Position # 024 -  Back"
F04E025,Frozen,F04,"Frozen Rack 04, Level: E, Position # 025 -  Front"
F04E026,Frozen,F04,"Frozen Rack 04, Level: E, Position # 026 -  Back"
F04E027,Frozen,F04,"Frozen Rack 04, Level: E, Position # 027 -  Front"
F04E028,Frozen,F04,"Frozen Rack 04, Level: E, Position # 028 -  Back"
F04E029,Frozen,F04,"Frozen Rack 04, Level: E, Position # 029 -  Front"
F04E030,Frozen,F04,"Frozen Rack 04, Level: E, Position # 030 -  Back"
F04E031,Frozen,F04,"Frozen Rack 04, Level: E, Position # 031 -  Front"
F04E032,Frozen,F04,"Frozen Rack 04, Level: E, Position # 032 -  Back"
F04E033,Frozen,F04,"Frozen Rack 04, Level: E, Position # 033 -  Front"
F04E034,Frozen,F04,"Frozen Rack 04, Level: E, Position # 034 -  Back"
F04E035,Frozen,F04,"Frozen Rack 04, Level: E, Position # 035 -  Front"
F04E036,Frozen,F04,"Frozen Rack 04, Level: E, Position # 036 -  Back"
F04E037,Frozen,F04,"Frozen Rack 04, Level: E, Position # 037 -  Front"
F04E038,Frozen,F04,"Frozen Rack 04, Level: E, Position # 038 -  Back"
F04E039,Frozen,F04,"Frozen Rack 04, Level: E, Position # 039 -  Front"
F04E040,Frozen,F04,"Frozen Rack 04, Level: E, Position # 040 -  Back"
F04E041,Frozen,F04,"Frozen Rack 04, Level: E, Position # 041 -  Front"
F04E042,Frozen,F04,"Frozen Rack 04, Level: E, Position # 042 -  Back"
F04E043,Frozen,F04,"Frozen Rack 04, Level: E, Position # 043 -  Front"
F04E044,Frozen,F04,"Frozen Rack 04, Level: E, Position # 044 -  Back"
F04E045,Frozen,F04,"Frozen Rack 04, Level: E, Position # 045 -  Front"
F04E046,Frozen,F04,"Frozen Rack 04, Level: E, Position # 046 -  Back"
F04E047,Frozen,F04,"Frozen Rack 04, Level: E, Position # 047 -  Front"
F04E048,Frozen,F04,"Frozen Rack 04, Level: E, Position # 048 -  Back"
F04E049,Frozen,F04,"Frozen Rack 04, Level: E, Position # 049 -  Front"
F04E050,Frozen,F04,"Frozen Rack 04, Level: E, Position # 050 -  Back"
F04E051,Frozen,F04,"Frozen Rack 04, Level: E, Position # 051 -  Front"
F04E052,Frozen,F04,"Frozen Rack 04, Level: E, Position # 052 -  Back"
F04E053,Frozen,F04,"Frozen Rack 04, Level: E, Position # 053 -  Front"
F04E054,Frozen,F04,"Frozen Rack 04, Level: E, Position # 054 -  Back"
F04E055,Frozen,F04,"Frozen Rack 04, Level: E, Position # 055 -  Front"
F04E056,Frozen,F04,"Frozen Rack 04, Level: E, Position # 056 -  Back"
F04E057,Frozen,F04,"Frozen Rack 04, Level: E, Position # 057 -  Front"
F04E058,Frozen,F04,"Frozen Rack 04, Level: E, Position # 058 -  Back"
F04E059,Frozen,F04,"Frozen Rack 04, Level: E, Position # 059 -  Front"
F04E060,Frozen,F04,"Frozen Rack 04, Level: E, Position # 060 -  Back"
F04E061,Frozen,F04,"Frozen Rack 04, Level: E, Position # 061 -  Front"
F04E062,Frozen,F04,"Frozen Rack 04, Level: E, Position # 062 -  Back"
F04E063,Frozen,F04,"Frozen Rack 04, Level: E, Position # 063 -  Front"
F04E064,Frozen,F04,"Frozen Rack 04, Level: E, Position # 064 -  Back"
F04E065,Frozen,F04,"Frozen Rack 04, Level: E, Position # 065 -  Front"
F04E066,Frozen,F04,"Frozen Rack 04, Level: E, Position # 066 -  Back"
F04E067,Frozen,F04,"Frozen Rack 04, Level: E, Position # 067 -  Front"
F04E068,Frozen,F04,"Frozen Rack 04, Level: E, Position # 068 -  Back"
F04E069,Frozen,F04,"Frozen Rack 04, Level: E, Position # 069 -  Front"
F04E070,Frozen,F04,"Frozen Rack 04, Level: E, Position # 070 -  Back"
F04E071,Frozen,F04,"Frozen Rack 04, Level: E, Position # 071 -  Front"
F04E072,Frozen,F04,"Frozen Rack 04, Level: E, Position # 072 -  Back"
F04E073,Frozen,F04,"Frozen Rack 04, Level: E, Position # 073 -  Front"
F04E074,Frozen,F04,"Frozen Rack 04, Level: E, Position # 074 -  Back"
F04E075,Frozen,F04,"Frozen Rack 04, Level: E, Position # 075 -  Front"
F04E076,Frozen,F04,"Frozen Rack 04, Level: E, Position # 076 -  Back"
F04E077,Frozen,F04,"Frozen Rack 04, Level: E, Position # 077 -  Front"
F04E078,Frozen,F04,"Frozen Rack 04, Level: E, Position # 078 -  Back"
F04E079,Frozen,F04,"Frozen Rack 04, Level: E, Position # 079 -  Front"
F04E080,Frozen,F04,"Frozen Rack 04, Level: E, Position # 080 -  Back"
F04E081,Frozen,F04,"Frozen Rack 04, Level: E, Position # 081 -  Front"
F04E082,Frozen,F04,"Frozen Rack 04, Level: E, Position # 082 -  Back"
F04E083,Frozen,F04,"Frozen Rack 04, Level: E, Position # 083 -  Front"
F04E084,Frozen,F04,"Frozen Rack 04, Level: E, Position # 084 -  Back"
F04E085,Frozen,F04,"Frozen Rack 04, Level: E, Position # 085 -  Front"
F04E086,Frozen,F04,"Frozen Rack 04, Level: E, Position # 086 -  Back"
F04E087,Frozen,F04,"Frozen Rack 04, Level: E, Position # 087 -  Front"
F04E088,Frozen,F04,"Frozen Rack 04, Level: E, Position # 088 -  Back"
F04E089,Frozen,F04,"Frozen Rack 04, Level: E, Position # 089 -  Front"
F04E090,Frozen,F04,"Frozen Rack 04, Level: E, Position # 090 -  Back"
F04E091,Frozen,F04,"Frozen Rack 04, Level: E, Position # 091 -  Front"
F04E092,Frozen,F04,"Frozen Rack 04, Level: E, Position # 092 -  Back"
F04E093,Frozen,F04,"Frozen Rack 04, Level: E, Position # 093 -  Front"
F04E094,Frozen,F04,"Frozen Rack 04, Level: E, Position # 094 -  Back"
F04E095,Frozen,F04,"Frozen Rack 04, Level: E, Position # 095 -  Front"
F04E096,Frozen,F04,"Frozen Rack 04, Level: E, Position # 096 -  Back"
F04E097,Frozen,F04,"Frozen Rack 04, Level: E, Position # 097 -  Front"
F04E098,Frozen,F04,"Frozen Rack 04, Level: E, Position # 098 -  Back"
F04E099,Frozen,F04,"Frozen Rack 04, Level: E, Position # 099 -  Front"
F04E100,Frozen,F04,"Frozen Rack 04, Level: E, Position # 100 -  Back"
F04E101,Frozen,F04,"Frozen Rack 04, Level: E, Position # 101 -  Front"
F04E102,Frozen,F04,"Frozen Rack 04, Level: E, Position # 102 -  Back"
F04E103,Frozen,F04,"Frozen Rack 04, Level: E, Position # 103 -  Front"
F04E104,Frozen,F04,"Frozen Rack 04, Level: E, Position # 104 -  Back"
F04E105,Frozen,F04,"Frozen Rack 04, Level: E, Position # 105 -  Front"
F04E106,Frozen,F04,"Frozen Rack 04, Level: E, Position # 106 -  Back"
F04E107,Frozen,F04,"Frozen Rack 04, Level: E, Position # 107 -  Front"
F04E108,Frozen,F04,"Frozen Rack 04, Level: E, Position # 108 -  Back"
F04E109,Frozen,F04,"Frozen Rack 04, Level: E, Position # 109 -  Front"
F04E110,Frozen,F04,"Frozen Rack 04, Level: E, Position # 110 -  Back"
F04E111,Frozen,F04,"Frozen Rack 04, Level: E, Position # 111 -  Front"
F04E112,Frozen,F04,"Frozen Rack 04, Level: E, Position # 112 -  Back"
F04F001,Frozen,F04,"Frozen Rack 04, Level: F, Position # 001 -  Front"
F04F002,Frozen,F04,"Frozen Rack 04, Level: F, Position # 002 -  Back"
F04F003,Frozen,F04,"Frozen Rack 04, Level: F, Position # 003 -  Front"
F04F004,Frozen,F04,"Frozen Rack 04, Level: F, Position # 004 -  Back"
F04F005,Frozen,F04,"Frozen Rack 04, Level: F, Position # 005 -  Front"
F04F006,Frozen,F04,"Frozen Rack 04, Level: F, Position # 006 -  Back"
F04F007,Frozen,F04,"Frozen Rack 04, Level: F, Position # 007 -  Front"
F04F008,Frozen,F04,"Frozen Rack 04, Level: F, Position # 008 -  Back"
F04F009,Frozen,F04,"Frozen Rack 04, Level: F, Position # 009 -  Front"
F04F010,Frozen,F04,"Frozen Rack 04, Level: F, Position # 010 -  Back"
F04F011,Frozen,F04,"Frozen Rack 04, Level: F, Position # 011 -  Front"
F04F012,Frozen,F04,"Frozen Rack 04, Level: F, Position # 012 -  Back"
F04F013,Frozen,F04,"Frozen Rack 04, Level: F, Position # 013 -  Front"
F04F014,Frozen,F04,"Frozen Rack 04, Level: F, Position # 014 -  Back"
F04F015,Frozen,F04,"Frozen Rack 04, Level: F, Position # 015 -  Front"
F04F016,Frozen,F04,"Frozen Rack 04, Level: F, Position # 016 -  Back"
F04F017,Frozen,F04,"Frozen Rack 04, Level: F, Position # 017 -  Front"
F04F018,Frozen,F04,"Frozen Rack 04, Level: F, Position # 018 -  Back"
F04F019,Frozen,F04,"Frozen Rack 04, Level: F, Position # 019 -  Front"
F04F020,Frozen,F04,"Frozen Rack 04, Level: F, Position # 020 -  Back"
F04F021,Frozen,F04,"Frozen Rack 04, Level: F, Position # 021 -  Front"
F04F022,Frozen,F04,"Frozen Rack 04, Level: F, Position # 022 -  Back"
F04F023,Frozen,F04,"Frozen Rack 04, Level: F, Position # 023 -  Front"
F04F024,Frozen,F04,"Frozen Rack 04, Level: F, Position # 024 -  Back"
F04F025,Frozen,F04,"Frozen Rack 04, Level: F, Position # 025 -  Front"
F04F026,Frozen,F04,"Frozen Rack 04, Level: F, Position # 026 -  Back"
F04F027,Frozen,F04,"Frozen Rack 04, Level: F, Position # 027 -  Front"
F04F028,Frozen,F04,"Frozen Rack 04, Level: F, Position # 028 -  Back"
F04F029,Frozen,F04,"Frozen Rack 04, Level: F, Position # 029 -  Front"
F04F030,Frozen,F04,"Frozen Rack 04, Level: F, Position # 030 -  Back"
F04F031,Frozen,F04,"Frozen Rack 04, Level: F, Position # 031 -  Front"
F04F032,Frozen,F04,"Frozen Rack 04, Level: F, Position # 032 -  Back"
F04F033,Frozen,F04,"Frozen Rack 04, Level: F, Position # 033 -  Front"
F04F034,Frozen,F04,"Frozen Rack 04, Level: F, Position # 034 -  Back"
F04F035,Frozen,F04,"Frozen Rack 04, Level: F, Position # 035 -  Front"
F04F036,Frozen,F04,"Frozen Rack 04, Level: F, Position # 036 -  Back"
F04F037,Frozen,F04,"Frozen Rack 04, Level: F, Position # 037 -  Front"
F04F038,Frozen,F04,"Frozen Rack 04, Level: F, Position # 038 -  Back"
F04F039,Frozen,F04,"Frozen Rack 04, Level: F, Position # 039 -  Front"
F04F040,Frozen,F04,"Frozen Rack 04, Level: F, Position # 040 -  Back"
F04F041,Frozen,F04,"Frozen Rack 04, Level: F, Position # 041 -  Front"
F04F042,Frozen,F04,"Frozen Rack 04, Level: F, Position # 042 -  Back"
F04F043,Frozen,F04,"Frozen Rack 04, Level: F, Position # 043 -  Front"
F04F044,Frozen,F04,"Frozen Rack 04, Level: F, Position # 044 -  Back"
F04F045,Frozen,F04,"Frozen Rack 04, Level: F, Position # 045 -  Front"
F04F046,Frozen,F04,"Frozen Rack 04, Level: F, Position # 046 -  Back"
F04F047,Frozen,F04,"Frozen Rack 04, Level: F, Position # 047 -  Front"
F04F048,Frozen,F04,"Frozen Rack 04, Level: F, Position # 048 -  Back"
F04F049,Frozen,F04,"Frozen Rack 04, Level: F, Position # 049 -  Front"
F04F050,Frozen,F04,"Frozen Rack 04, Level: F, Position # 050 -  Back"
F04F051,Frozen,F04,"Frozen Rack 04, Level: F, Position # 051 -  Front"
F04F052,Frozen,F04,"Frozen Rack 04, Level: F, Position # 052 -  Back"
F04F053,Frozen,F04,"Frozen Rack 04, Level: F, Position # 053 -  Front"
F04F054,Frozen,F04,"Frozen Rack 04, Level: F, Position # 054 -  Back"
F04F055,Frozen,F04,"Frozen Rack 04, Level: F, Position # 055 -  Front"
F04F056,Frozen,F04,"Frozen Rack 04, Level: F, Position # 056 -  Back"
F04F057,Frozen,F04,"Frozen Rack 04, Level: F, Position # 057 -  Front"
F04F058,Frozen,F04,"Frozen Rack 04, Level: F, Position # 058 -  Back"
F04F059,Frozen,F04,"Frozen Rack 04, Level: F, Position # 059 -  Front"
F04F060,Frozen,F04,"Frozen Rack 04, Level: F, Position # 060 -  Back"
F04F061,Frozen,F04,"Frozen Rack 04, Level: F, Position # 061 -  Front"
F04F062,Frozen,F04,"Frozen Rack 04, Level: F, Position # 062 -  Back"
F04F063,Frozen,F04,"Frozen Rack 04, Level: F, Position # 063 -  Front"
F04F064,Frozen,F04,"Frozen Rack 04, Level: F, Position # 064 -  Back"
F04F065,Frozen,F04,"Frozen Rack 04, Level: F, Position # 065 -  Front"
F04F066,Frozen,F04,"Frozen Rack 04, Level: F, Position # 066 -  Back"
F04F067,Frozen,F04,"Frozen Rack 04, Level: F, Position # 067 -  Front"
F04F068,Frozen,F04,"Frozen Rack 04, Level: F, Position # 068 -  Back"
F04F069,Frozen,F04,"Frozen Rack 04, Level: F, Position # 069 -  Front"
F04F070,Frozen,F04,"Frozen Rack 04, Level: F, Position # 070 -  Back"
F04F071,Frozen,F04,"Frozen Rack 04, Level: F, Position # 071 -  Front"
F04F072,Frozen,F04,"Frozen Rack 04, Level: F, Position # 072 -  Back"
F04F073,Frozen,F04,"Frozen Rack 04, Level: F, Position # 073 -  Front"
F04F074,Frozen,F04,"Frozen Rack 04, Level: F, Position # 074 -  Back"
F04F075,Frozen,F04,"Frozen Rack 04, Level: F, Position # 075 -  Front"
F04F076,Frozen,F04,"Frozen Rack 04, Level: F, Position # 076 -  Back"
F04F077,Frozen,F04,"Frozen Rack 04, Level: F, Position # 077 -  Front"
F04F078,Frozen,F04,"Frozen Rack 04, Level: F, Position # 078 -  Back"
F04F079,Frozen,F04,"Frozen Rack 04, Level: F, Position # 079 -  Front"
F04F080,Frozen,F04,"Frozen Rack 04, Level: F, Position # 080 -  Back"
F04F081,Frozen,F04,"Frozen Rack 04, Level: F, Position # 081 -  Front"
F04F082,Frozen,F04,"Frozen Rack 04, Level: F, Position # 082 -  Back"
F04F083,Frozen,F04,"Frozen Rack 04, Level: F, Position # 083 -  Front"
F04F084,Frozen,F04,"Frozen Rack 04, Level: F, Position # 084 -  Back"
F04F085,Frozen,F04,"Frozen Rack 04, Level: F, Position # 085 -  Front"
F04F086,Frozen,F04,"Frozen Rack 04, Level: F, Position # 086 -  Back"
F04F087,Frozen,F04,"Frozen Rack 04, Level: F, Position # 087 -  Front"
F04F088,Frozen,F04,"Frozen Rack 04, Level: F, Position # 088 -  Back"
F04F089,Frozen,F04,"Frozen Rack 04, Level: F, Position # 089 -  Front"
F04F090,Frozen,F04,"Frozen Rack 04, Level: F, Position # 090 -  Back"
F04F091,Frozen,F04,"Frozen Rack 04, Level: F, Position # 091 -  Front"
F04F092,Frozen,F04,"Frozen Rack 04, Level: F, Position # 092 -  Back"
F04F093,Frozen,F04,"Frozen Rack 04, Level: F, Position # 093 -  Front"
F04F094,Frozen,F04,"Frozen Rack 04, Level: F, Position # 094 -  Back"
F04F095,Frozen,F04,"Frozen Rack 04, Level: F, Position # 095 -  Front"
F04F096,Frozen,F04,"Frozen Rack 04, Level: F, Position # 096 -  Back"
F04F097,Frozen,F04,"Frozen Rack 04, Level: F, Position # 097 -  Front"
F04F098,Frozen,F04,"Frozen Rack 04, Level: F, Position # 098 -  Back"
F04F099,Frozen,F04,"Frozen Rack 04, Level: F, Position # 099 -  Front"
F04F100,Frozen,F04,"Frozen Rack 04, Level: F, Position # 100 -  Back"
F04F101,Frozen,F04,"Frozen Rack 04, Level: F, Position # 101 -  Front"
F04F102,Frozen,F04,"Frozen Rack 04, Level: F, Position # 102 -  Back"
F04F103,Frozen,F04,"Frozen Rack 04, Level: F, Position # 103 -  Front"
F04F104,Frozen,F04,"Frozen Rack 04, Level: F, Position # 104 -  Back"
F04F105,Frozen,F04,"Frozen Rack 04, Level: F, Position # 105 -  Front"
F04F106,Frozen,F04,"Frozen Rack 04, Level: F, Position # 106 -  Back"
F04F107,Frozen,F04,"Frozen Rack 04, Level: F, Position # 107 -  Front"
F04F108,Frozen,F04,"Frozen Rack 04, Level: F, Position # 108 -  Back"
F04F109,Frozen,F04,"Frozen Rack 04, Level: F, Position # 109 -  Front"
F04F110,Frozen,F04,"Frozen Rack 04, Level: F, Position # 110 -  Back"
F04F111,Frozen,F04,"Frozen Rack 04, Level: F, Position # 111 -  Front"
F04F112,Frozen,F04,"Frozen Rack 04, Level: F, Position # 112 -  Back"
F05A001,Frozen,F05,"Frozen Rack 05, Level: A, Position # 001 -  Front"
F05A002,Frozen,F05,"Frozen Rack 05, Level: A, Position # 002 -  Back"
F05A003,Frozen,F05,"Frozen Rack 05, Level: A, Position # 003 -  Front"
F05A004,Frozen,F05,"Frozen Rack 05, Level: A, Position # 004 -  Back"
F05A005,Frozen,F05,"Frozen Rack 05, Level: A, Position # 005 -  Front"
F05A006,Frozen,F05,"Frozen Rack 05, Level: A, Position # 006 -  Back"
F05A007,Frozen,F05,"Frozen Rack 05, Level: A, Position # 007 -  Front"
F05A008,Frozen,F05,"Frozen Rack 05, Level: A, Position # 008 -  Back"
F05A009,Frozen,F05,"Frozen Rack 05, Level: A, Position # 009 -  Front"
F05A010,Frozen,F05,"Frozen Rack 05, Level: A, Position # 010 -  Back"
F05A011,Frozen,F05,"Frozen Rack 05, Level: A, Position # 011 -  Front"
F05A012,Frozen,F05,"Frozen Rack 05, Level: A, Position # 012 -  Back"
F05A019,Frozen,F05,"Frozen Rack 05, Level: A, Position # 019 -  Front"
F05A020,Frozen,F05,"Frozen Rack 05, Level: A, Position # 020 -  Back"
F05A021,Frozen,F05,"Frozen Rack 05, Level: A, Position # 021 -  Front"
F05A022,Frozen,F05,"Frozen Rack 05, Level: A, Position # 022 -  Back"
F05A023,Frozen,F05,"Frozen Rack 05, Level: A, Position # 023 -  Front"
F05A024,Frozen,F05,"Frozen Rack 05, Level: A, Position # 024 -  Back"
F05A025,Frozen,F05,"Frozen Rack 05, Level: A, Position # 025 -  Front"
F05A026,Frozen,F05,"Frozen Rack 05, Level: A, Position # 026 -  Back"
F05A027,Frozen,F05,"Frozen Rack 05, Level: A, Position # 027 -  Front"
F05A028,Frozen,F05,"Frozen Rack 05, Level: A, Position # 028 -  Back"
F05A029,Frozen,F05,"Frozen Rack 05, Level: A, Position # 029 -  Front"
F05A030,Frozen,F05,"Frozen Rack 05, Level: A, Position # 030 -  Back"
F05A031,Frozen,F05,"Frozen Rack 05, Level: A, Position # 031 -  Front"
F05A032,Frozen,F05,"Frozen Rack 05, Level: A, Position # 032 -  Back"
F05A033,Frozen,F05,"Frozen Rack 05, Level: A, Position # 033 -  Front"
F05A034,Frozen,F05,"Frozen Rack 05, Level: A, Position # 034 -  Back"
F05A035,Frozen,F05,"Frozen Rack 05, Level: A, Position # 035 -  Front"
F05A036,Frozen,F05,"Frozen Rack 05, Level: A, Position # 036 -  Back"
F05A037,Frozen,F05,"Frozen Rack 05, Level: A, Position # 037 -  Front"
F05A038,Frozen,F05,"Frozen Rack 05, Level: A, Position # 038 -  Back"
F05A039,Frozen,F05,"Frozen Rack 05, Level: A, Position # 039 -  Front"
F05A040,Frozen,F05,"Frozen Rack 05, Level: A, Position # 040 -  Back"
F05A041,Frozen,F05,"Frozen Rack 05, Level: A, Position # 041 -  Front"
F05A042,Frozen,F05,"Frozen Rack 05, Level: A, Position # 042 -  Back"
F05A043,Frozen,F05,"Frozen Rack 05, Level: A, Position # 043 -  Front"
F05A044,Frozen,F05,"Frozen Rack 05, Level: A, Position # 044 -  Back"
F05A045,Frozen,F05,"Frozen Rack 05, Level: A, Position # 045 -  Front"
F05A046,Frozen,F05,"Frozen Rack 05, Level: A, Position # 046 -  Back"
F05A047,Frozen,F05,"Frozen Rack 05, Level: A, Position # 047 -  Front"
F05A048,Frozen,F05,"Frozen Rack 05, Level: A, Position # 048 -  Back"
F05A049,Frozen,F05,"Frozen Rack 05, Level: A, Position # 049 -  Front"
F05A050,Frozen,F05,"Frozen Rack 05, Level: A, Position # 050 -  Back"
F05A051,Frozen,F05,"Frozen Rack 05, Level: A, Position # 051 -  Front"
F05A052,Frozen,F05,"Frozen Rack 05, Level: A, Position # 052 -  Back"
F05A053,Frozen,F05,"Frozen Rack 05, Level: A, Position # 053 -  Front"
F05A054,Frozen,F05,"Frozen Rack 05, Level: A, Position # 054 -  Back"
F05A061,Frozen,F05,"Frozen Rack 05, Level: A, Position # 061 -  Front"
F05A062,Frozen,F05,"Frozen Rack 05, Level: A, Position # 062 -  Back"
F05A063,Frozen,F05,"Frozen Rack 05, Level: A, Position # 063 -  Front"
F05A064,Frozen,F05,"Frozen Rack 05, Level: A, Position # 064 -  Back"
F05A065,Frozen,F05,"Frozen Rack 05, Level: A, Position # 065 -  Front"
F05A066,Frozen,F05,"Frozen Rack 05, Level: A, Position # 066 -  Back"
F05A067,Frozen,F05,"Frozen Rack 05, Level: A, Position # 067 -  Front"
F05A068,Frozen,F05,"Frozen Rack 05, Level: A, Position # 068 -  Back"
F05A069,Frozen,F05,"Frozen Rack 05, Level: A, Position # 069 -  Front"
F05A070,Frozen,F05,"Frozen Rack 05, Level: A, Position # 070 -  Back"
F05A071,Frozen,F05,"Frozen Rack 05, Level: A, Position # 071 -  Front"
F05A072,Frozen,F05,"Frozen Rack 05, Level: A, Position # 072 -  Back"
F05A073,Frozen,F05,"Frozen Rack 05, Level: A, Position # 073 -  Front"
F05A074,Frozen,F05,"Frozen Rack 05, Level: A, Position # 074 -  Back"
F05A075,Frozen,F05,"Frozen Rack 05, Level: A, Position # 075 -  Front"
F05A076,Frozen,F05,"Frozen Rack 05, Level: A, Position # 076 -  Back"
F05A077,Frozen,F05,"Frozen Rack 05, Level: A, Position # 077 -  Front"
F05A078,Frozen,F05,"Frozen Rack 05, Level: A, Position # 078 -  Back"
F05A079,Frozen,F05,"Frozen Rack 05, Level: A, Position # 079 -  Front"
F05A080,Frozen,F05,"Frozen Rack 05, Level: A, Position # 080 -  Back"
F05A081,Frozen,F05,"Frozen Rack 05, Level: A, Position # 081 -  Front"
F05A082,Frozen,F05,"Frozen Rack 05, Level: A, Position # 082 -  Back"
F05A083,Frozen,F05,"Frozen Rack 05, Level: A, Position # 083 -  Front"
F05A084,Frozen,F05,"Frozen Rack 05, Level: A, Position # 084 -  Back"
F05A085,Frozen,F05,"Frozen Rack 05, Level: A, Position # 085 -  Front"
F05A086,Frozen,F05,"Frozen Rack 05, Level: A, Position # 086 -  Back"
F05A087,Frozen,F05,"Frozen Rack 05, Level: A, Position # 087 -  Front"
F05A088,Frozen,F05,"Frozen Rack 05, Level: A, Position # 088 -  Back"
F05A089,Frozen,F05,"Frozen Rack 05, Level: A, Position # 089 -  Front"
F05A090,Frozen,F05,"Frozen Rack 05, Level: A, Position # 090 -  Back"
F05A091,Frozen,F05,"Frozen Rack 05, Level: A, Position # 091 -  Front"
F05A092,Frozen,F05,"Frozen Rack 05, Level: A, Position # 092 -  Back"
F05A093,Frozen,F05,"Frozen Rack 05, Level: A, Position # 093 -  Front"
F05A094,Frozen,F05,"Frozen Rack 05, Level: A, Position # 094 -  Back"
F05A095,Frozen,F05,"Frozen Rack 05, Level: A, Position # 095 -  Front"
F05A096,Frozen,F05,"Frozen Rack 05, Level: A, Position # 096 -  Back"
F05A103,Frozen,F05,"Frozen Rack 05, Level: A, Position # 103 -  Front"
F05A104,Frozen,F05,"Frozen Rack 05, Level: A, Position # 104 -  Back"
F05A105,Frozen,F05,"Frozen Rack 05, Level: A, Position # 105 -  Front"
F05A106,Frozen,F05,"Frozen Rack 05, Level: A, Position # 106 -  Back"
F05A107,Frozen,F05,"Frozen Rack 05, Level: A, Position # 107 -  Front"
F05A108,Frozen,F05,"Frozen Rack 05, Level: A, Position # 108 -  Back"
F05A109,Frozen,F05,"Frozen Rack 05, Level: A, Position # 109 -  Front"
F05A110,Frozen,F05,"Frozen Rack 05, Level: A, Position # 110 -  Back"
F05A111,Frozen,F05,"Frozen Rack 05, Level: A, Position # 111 -  Front"
F05A112,Frozen,F05,"Frozen Rack 05, Level: A, Position # 112 -  Back"
F05B001,Frozen,F05,"Frozen Rack 05, Level: B, Position # 001 -  Front"
F05B002,Frozen,F05,"Frozen Rack 05, Level: B, Position # 002 -  Back"
F05B003,Frozen,F05,"Frozen Rack 05, Level: B, Position # 003 -  Front"
F05B004,Frozen,F05,"Frozen Rack 05, Level: B, Position # 004 -  Back"
F05B005,Frozen,F05,"Frozen Rack 05, Level: B, Position # 005 -  Front"
F05B006,Frozen,F05,"Frozen Rack 05, Level: B, Position # 006 -  Back"
F05B007,Frozen,F05,"Frozen Rack 05, Level: B, Position # 007 -  Front"
F05B008,Frozen,F05,"Frozen Rack 05, Level: B, Position # 008 -  Back"
F05B009,Frozen,F05,"Frozen Rack 05, Level: B, Position # 009 -  Front"
F05B010,Frozen,F05,"Frozen Rack 05, Level: B, Position # 010 -  Back"
F05B011,Frozen,F05,"Frozen Rack 05, Level: B, Position # 011 -  Front"
F05B012,Frozen,F05,"Frozen Rack 05, Level: B, Position # 012 -  Back"
F05B019,Frozen,F05,"Frozen Rack 05, Level: B, Position # 019 -  Front"
F05B020,Frozen,F05,"Frozen Rack 05, Level: B, Position # 020 -  Back"
F05B021,Frozen,F05,"Frozen Rack 05, Level: B, Position # 021 -  Front"
F05B022,Frozen,F05,"Frozen Rack 05, Level: B, Position # 022 -  Back"
F05B023,Frozen,F05,"Frozen Rack 05, Level: B, Position # 023 -  Front"
F05B024,Frozen,F05,"Frozen Rack 05, Level: B, Position # 024 -  Back"
F05B025,Frozen,F05,"Frozen Rack 05, Level: B, Position # 025 -  Front"
F05B026,Frozen,F05,"Frozen Rack 05, Level: B, Position # 026 -  Back"
F05B027,Frozen,F05,"Frozen Rack 05, Level: B, Position # 027 -  Front"
F05B028,Frozen,F05,"Frozen Rack 05, Level: B, Position # 028 -  Back"
F05B029,Frozen,F05,"Frozen Rack 05, Level: B, Position # 029 -  Front"
F05B030,Frozen,F05,"Frozen Rack 05, Level: B, Position # 030 -  Back"
F05B031,Frozen,F05,"Frozen Rack 05, Level: B, Position # 031 -  Front"
F05B032,Frozen,F05,"Frozen Rack 05, Level: B, Position # 032 -  Back"
F05B033,Frozen,F05,"Frozen Rack 05, Level: B, Position # 033 -  Front"
F05B034,Frozen,F05,"Frozen Rack 05, Level: B, Position # 034 -  Back"
F05B035,Frozen,F05,"Frozen Rack 05, Level: B, Position # 035 -  Front"
F05B036,Frozen,F05,"Frozen Rack 05, Level: B, Position # 036 -  Back"
F05B037,Frozen,F05,"Frozen Rack 05, Level: B, Position # 037 -  Front"
F05B038,Frozen,F05,"Frozen Rack 05, Level: B, Position # 038 -  Back"
F05B039,Frozen,F05,"Frozen Rack 05, Level: B, Position # 039 -  Front"
F05B040,Frozen,F05,"Frozen Rack 05, Level: B, Position # 040 -  Back"
F05B041,Frozen,F05,"Frozen Rack 05, Level: B, Position # 041 -  Front"
F05B042,Frozen,F05,"Frozen Rack 05, Level: B, Position # 042 -  Back"
F05B043,Frozen,F05,"Frozen Rack 05, Level: B, Position # 043 -  Front"
F05B044,Frozen,F05,"Frozen Rack 05, Level: B, Position # 044 -  Back"
F05B045,Frozen,F05,"Frozen Rack 05, Level: B, Position # 045 -  Front"
F05B046,Frozen,F05,"Frozen Rack 05, Level: B, Position # 046 -  Back"
F05B047,Frozen,F05,"Frozen Rack 05, Level: B, Position # 047 -  Front"
F05B048,Frozen,F05,"Frozen Rack 05, Level: B, Position # 048 -  Back"
F05B049,Frozen,F05,"Frozen Rack 05, Level: B, Position # 049 -  Front"
F05B050,Frozen,F05,"Frozen Rack 05, Level: B, Position # 050 -  Back"
F05B051,Frozen,F05,"Frozen Rack 05, Level: B, Position # 051 -  Front"
F05B052,Frozen,F05,"Frozen Rack 05, Level: B, Position # 052 -  Back"
F05B053,Frozen,F05,"Frozen Rack 05, Level: B, Position # 053 -  Front"
F05B054,Frozen,F05,"Frozen Rack 05, Level: B, Position # 054 -  Back"
F05B061,Frozen,F05,"Frozen Rack 05, Level: B, Position # 061 -  Front"
F05B062,Frozen,F05,"Frozen Rack 05, Level: B, Position # 062 -  Back"
F05B063,Frozen,F05,"Frozen Rack 05, Level: B, Position # 063 -  Front"
F05B064,Frozen,F05,"Frozen Rack 05, Level: B, Position # 064 -  Back"
F05B065,Frozen,F05,"Frozen Rack 05, Level: B, Position # 065 -  Front"
F05B066,Frozen,F05,"Frozen Rack 05, Level: B, Position # 066 -  Back"
F05B067,Frozen,F05,"Frozen Rack 05, Level: B, Position # 067 -  Front"
F05B068,Frozen,F05,"Frozen Rack 05, Level: B, Position # 068 -  Back"
F05B069,Frozen,F05,"Frozen Rack 05, Level: B, Position # 069 -  Front"
F05B070,Frozen,F05,"Frozen Rack 05, Level: B, Position # 070 -  Back"
F05B071,Frozen,F05,"Frozen Rack 05, Level: B, Position # 071 -  Front"
F05B072,Frozen,F05,"Frozen Rack 05, Level: B, Position # 072 -  Back"
F05B073,Frozen,F05,"Frozen Rack 05, Level: B, Position # 073 -  Front"
F05B074,Frozen,F05,"Frozen Rack 05, Level: B, Position # 074 -  Back"
F05B075,Frozen,F05,"Frozen Rack 05, Level: B, Position # 075 -  Front"
F05B076,Frozen,F05,"Frozen Rack 05, Level: B, Position # 076 -  Back"
F05B077,Frozen,F05,"Frozen Rack 05, Level: B, Position # 077 -  Front"
F05B078,Frozen,F05,"Frozen Rack 05, Level: B, Position # 078 -  Back"
F05B079,Frozen,F05,"Frozen Rack 05, Level: B, Position # 079 -  Front"
F05B080,Frozen,F05,"Frozen Rack 05, Level: B, Position # 080 -  Back"
F05B081,Frozen,F05,"Frozen Rack 05, Level: B, Position # 081 -  Front"
F05B082,Frozen,F05,"Frozen Rack 05, Level: B, Position # 082 -  Back"
F05B083,Frozen,F05,"Frozen Rack 05, Level: B, Position # 083 -  Front"
F05B084,Frozen,F05,"Frozen Rack 05, Level: B, Position # 084 -  Back"
F05B085,Frozen,F05,"Frozen Rack 05, Level: B, Position # 085 -  Front"
F05B086,Frozen,F05,"Frozen Rack 05, Level: B, Position # 086 -  Back"
F05B087,Frozen,F05,"Frozen Rack 05, Level: B, Position # 087 -  Front"
F05B088,Frozen,F05,"Frozen Rack 05, Level: B, Position # 088 -  Back"
F05B089,Frozen,F05,"Frozen Rack 05, Level: B, Position # 089 -  Front"
F05B090,Frozen,F05,"Frozen Rack 05, Level: B, Position # 090 -  Back"
F05B091,Frozen,F05,"Frozen Rack 05, Level: B, Position # 091 -  Front"
F05B092,Frozen,F05,"Frozen Rack 05, Level: B, Position # 092 -  Back"
F05B093,Frozen,F05,"Frozen Rack 05, Level: B, Position # 093 -  Front"
F05B094,Frozen,F05,"Frozen Rack 05, Level: B, Position # 094 -  Back"
F05B095,Frozen,F05,"Frozen Rack 05, Level: B, Position # 095 -  Front"
F05B096,Frozen,F05,"Frozen Rack 05, Level: B, Position # 096 -  Back"
F05B103,Frozen,F05,"Frozen Rack 05, Level: B, Position # 103 -  Front"
F05B104,Frozen,F05,"Frozen Rack 05, Level: B, Position # 104 -  Back"
F05B105,Frozen,F05,"Frozen Rack 05, Level: B, Position # 105 -  Front"
F05B106,Frozen,F05,"Frozen Rack 05, Level: B, Position # 106 -  Back"
F05B107,Frozen,F05,"Frozen Rack 05, Level: B, Position # 107 -  Front"
F05B108,Frozen,F05,"Frozen Rack 05, Level: B, Position # 108 -  Back"
F05B109,Frozen,F05,"Frozen Rack 05, Level: B, Position # 109 -  Front"
F05B110,Frozen,F05,"Frozen Rack 05, Level: B, Position # 110 -  Back"
F05B111,Frozen,F05,"Frozen Rack 05, Level: B, Position # 111 -  Front"
F05B112,Frozen,F05,"Frozen Rack 05, Level: B, Position # 112 -  Back"
F05C001,Frozen,F05,"Frozen Rack 05, Level: C, Position # 001 -  Front"
F05C002,Frozen,F05,"Frozen Rack 05, Level: C, Position # 002 -  Back"
F05C003,Frozen,F05,"Frozen Rack 05, Level: C, Position # 003 -  Front"
F05C004,Frozen,F05,"Frozen Rack 05, Level: C, Position # 004 -  Back"
F05C005,Frozen,F05,"Frozen Rack 05, Level: C, Position # 005 -  Front"
F05C006,Frozen,F05,"Frozen Rack 05, Level: C, Position # 006 -  Back"
F05C007,Frozen,F05,"Frozen Rack 05, Level: C, Position # 007 -  Front"
F05C008,Frozen,F05,"Frozen Rack 05, Level: C, Position # 008 -  Back"
F05C009,Frozen,F05,"Frozen Rack 05, Level: C, Position # 009 -  Front"
F05C010,Frozen,F05,"Frozen Rack 05, Level: C, Position # 010 -  Back"
F05C011,Frozen,F05,"Frozen Rack 05, Level: C, Position # 011 -  Front"
F05C012,Frozen,F05,"Frozen Rack 05, Level: C, Position # 012 -  Back"
F05C019,Frozen,F05,"Frozen Rack 05, Level: C, Position # 019 -  Front"
F05C020,Frozen,F05,"Frozen Rack 05, Level: C, Position # 020 -  Back"
F05C021,Frozen,F05,"Frozen Rack 05, Level: C, Position # 021 -  Front"
F05C022,Frozen,F05,"Frozen Rack 05, Level: C, Position # 022 -  Back"
F05C023,Frozen,F05,"Frozen Rack 05, Level: C, Position # 023 -  Front"
F05C024,Frozen,F05,"Frozen Rack 05, Level: C, Position # 024 -  Back"
F05C025,Frozen,F05,"Frozen Rack 05, Level: C, Position # 025 -  Front"
F05C026,Frozen,F05,"Frozen Rack 05, Level: C, Position # 026 -  Back"
F05C027,Frozen,F05,"Frozen Rack 05, Level: C, Position # 027 -  Front"
F05C028,Frozen,F05,"Frozen Rack 05, Level: C, Position # 028 -  Back"
F05C029,Frozen,F05,"Frozen Rack 05, Level: C, Position # 029 -  Front"
F05C030,Frozen,F05,"Frozen Rack 05, Level: C, Position # 030 -  Back"
F05C031,Frozen,F05,"Frozen Rack 05, Level: C, Position # 031 -  Front"
F05C032,Frozen,F05,"Frozen Rack 05, Level: C, Position # 032 -  Back"
F05C033,Frozen,F05,"Frozen Rack 05, Level: C, Position # 033 -  Front"
F05C034,Frozen,F05,"Frozen Rack 05, Level: C, Position # 034 -  Back"
F05C035,Frozen,F05,"Frozen Rack 05, Level: C, Position # 035 -  Front"
F05C036,Frozen,F05,"Frozen Rack 05, Level: C, Position # 036 -  Back"
F05C037,Frozen,F05,"Frozen Rack 05, Level: C, Position # 037 -  Front"
F05C038,Frozen,F05,"Frozen Rack 05, Level: C, Position # 038 -  Back"
F05C039,Frozen,F05,"Frozen Rack 05, Level: C, Position # 039 -  Front"
F05C040,Frozen,F05,"Frozen Rack 05, Level: C, Position # 040 -  Back"
F05C041,Frozen,F05,"Frozen Rack 05, Level: C, Position # 041 -  Front"
F05C042,Frozen,F05,"Frozen Rack 05, Level: C, Position # 042 -  Back"
F05C043,Frozen,F05,"Frozen Rack 05, Level: C, Position # 043 -  Front"
F05C044,Frozen,F05,"Frozen Rack 05, Level: C, Position # 044 -  Back"
F05C045,Frozen,F05,"Frozen Rack 05, Level: C, Position # 045 -  Front"
F05C046,Frozen,F05,"Frozen Rack 05, Level: C, Position # 046 -  Back"
F05C047,Frozen,F05,"Frozen Rack 05, Level: C, Position # 047 -  Front"
F05C048,Frozen,F05,"Frozen Rack 05, Level: C, Position # 048 -  Back"
F05C049,Frozen,F05,"Frozen Rack 05, Level: C, Position # 049 -  Front"
F05C050,Frozen,F05,"Frozen Rack 05, Level: C, Position # 050 -  Back"
F05C051,Frozen,F05,"Frozen Rack 05, Level: C, Position # 051 -  Front"
F05C052,Frozen,F05,"Frozen Rack 05, Level: C, Position # 052 -  Back"
F05C053,Frozen,F05,"Frozen Rack 05, Level: C, Position # 053 -  Front"
F05C054,Frozen,F05,"Frozen Rack 05, Level: C, Position # 054 -  Back"
F05C061,Frozen,F05,"Frozen Rack 05, Level: C, Position # 061 -  Front"
F05C062,Frozen,F05,"Frozen Rack 05, Level: C, Position # 062 -  Back"
F05C063,Frozen,F05,"Frozen Rack 05, Level: C, Position # 063 -  Front"
F05C064,Frozen,F05,"Frozen Rack 05, Level: C, Position # 064 -  Back"
F05C065,Frozen,F05,"Frozen Rack 05, Level: C, Position # 065 -  Front"
F05C066,Frozen,F05,"Frozen Rack 05, Level: C, Position # 066 -  Back"
F05C067,Frozen,F05,"Frozen Rack 05, Level: C, Position # 067 -  Front"
F05C068,Frozen,F05,"Frozen Rack 05, Level: C, Position # 068 -  Back"
F05C069,Frozen,F05,"Frozen Rack 05, Level: C, Position # 069 -  Front"
F05C070,Frozen,F05,"Frozen Rack 05, Level: C, Position # 070 -  Back"
F05C071,Frozen,F05,"Frozen Rack 05, Level: C, Position # 071 -  Front"
F05C072,Frozen,F05,"Frozen Rack 05, Level: C, Position # 072 -  Back"
F05C073,Frozen,F05,"Frozen Rack 05, Level: C, Position # 073 -  Front"
F05C074,Frozen,F05,"Frozen Rack 05, Level: C, Position # 074 -  Back"
F05C075,Frozen,F05,"Frozen Rack 05, Level: C, Position # 075 -  Front"
F05C076,Frozen,F05,"Frozen Rack 05, Level: C, Position # 076 -  Back"
F05C077,Frozen,F05,"Frozen Rack 05, Level: C, Position # 077 -  Front"
F05C078,Frozen,F05,"Frozen Rack 05, Level: C, Position # 078 -  Back"
F05C079,Frozen,F05,"Frozen Rack 05, Level: C, Position # 079 -  Front"
F05C080,Frozen,F05,"Frozen Rack 05, Level: C, Position # 080 -  Back"
F05C081,Frozen,F05,"Frozen Rack 05, Level: C, Position # 081 -  Front"
F05C082,Frozen,F05,"Frozen Rack 05, Level: C, Position # 082 -  Back"
F05C083,Frozen,F05,"Frozen Rack 05, Level: C, Position # 083 -  Front"
F05C084,Frozen,F05,"Frozen Rack 05, Level: C, Position # 084 -  Back"
F05C085,Frozen,F05,"Frozen Rack 05, Level: C, Position # 085 -  Front"
F05C086,Frozen,F05,"Frozen Rack 05, Level: C, Position # 086 -  Back"
F05C087,Frozen,F05,"Frozen Rack 05, Level: C, Position # 087 -  Front"
F05C088,Frozen,F05,"Frozen Rack 05, Level: C, Position # 088 -  Back"
F05C089,Frozen,F05,"Frozen Rack 05, Level: C, Position # 089 -  Front"
F05C090,Frozen,F05,"Frozen Rack 05, Level: C, Position # 090 -  Back"
F05C091,Frozen,F05,"Frozen Rack 05, Level: C, Position # 091 -  Front"
F05C092,Frozen,F05,"Frozen Rack 05, Level: C, Position # 092 -  Back"
F05C093,Frozen,F05,"Frozen Rack 05, Level: C, Position # 093 -  Front"
F05C094,Frozen,F05,"Frozen Rack 05, Level: C, Position # 094 -  Back"
F05C095,Frozen,F05,"Frozen Rack 05, Level: C, Position # 095 -  Front"
F05C096,Frozen,F05,"Frozen Rack 05, Level: C, Position # 096 -  Back"
F05C103,Frozen,F05,"Frozen Rack 05, Level: C, Position # 103 -  Front"
F05C104,Frozen,F05,"Frozen Rack 05, Level: C, Position # 104 -  Back"
F05C105,Frozen,F05,"Frozen Rack 05, Level: C, Position # 105 -  Front"
F05C106,Frozen,F05,"Frozen Rack 05, Level: C, Position # 106 -  Back"
F05C107,Frozen,F05,"Frozen Rack 05, Level: C, Position # 107 -  Front"
F05C108,Frozen,F05,"Frozen Rack 05, Level: C, Position # 108 -  Back"
F05C109,Frozen,F05,"Frozen Rack 05, Level: C, Position # 109 -  Front"
F05C110,Frozen,F05,"Frozen Rack 05, Level: C, Position # 110 -  Back"
F05C111,Frozen,F05,"Frozen Rack 05, Level: C, Position # 111 -  Front"
F05C112,Frozen,F05,"Frozen Rack 05, Level: C, Position # 112 -  Back"
F05D001,Frozen,F05,"Frozen Rack 05, Level: D, Position # 001 -  Front"
F05D002,Frozen,F05,"Frozen Rack 05, Level: D, Position # 002 -  Back"
F05D003,Frozen,F05,"Frozen Rack 05, Level: D, Position # 003 -  Front"
F05D004,Frozen,F05,"Frozen Rack 05, Level: D, Position # 004 -  Back"
F05D005,Frozen,F05,"Frozen Rack 05, Level: D, Position # 005 -  Front"
F05D006,Frozen,F05,"Frozen Rack 05, Level: D, Position # 006 -  Back"
F05D007,Frozen,F05,"Frozen Rack 05, Level: D, Position # 007 -  Front"
F05D008,Frozen,F05,"Frozen Rack 05, Level: D, Position # 008 -  Back"
F05D009,Frozen,F05,"Frozen Rack 05, Level: D, Position # 009 -  Front"
F05D010,Frozen,F05,"Frozen Rack 05, Level: D, Position # 010 -  Back"
F05D011,Frozen,F05,"Frozen Rack 05, Level: D, Position # 011 -  Front"
F05D012,Frozen,F05,"Frozen Rack 05, Level: D, Position # 012 -  Back"
F05D013,Frozen,F05,"Frozen Rack 05, Level: D, Position # 013 -  Front"
F05D014,Frozen,F05,"Frozen Rack 05, Level: D, Position # 014 -  Back"
F05D015,Frozen,F05,"Frozen Rack 05, Level: D, Position # 015 -  Front"
F05D016,Frozen,F05,"Frozen Rack 05, Level: D, Position # 016 -  Back"
F05D017,Frozen,F05,"Frozen Rack 05, Level: D, Position # 017 -  Front"
F05D018,Frozen,F05,"Frozen Rack 05, Level: D, Position # 018 -  Back"
F05D019,Frozen,F05,"Frozen Rack 05, Level: D, Position # 019 -  Front"
F05D020,Frozen,F05,"Frozen Rack 05, Level: D, Position # 020 -  Back"
F05D021,Frozen,F05,"Frozen Rack 05, Level: D, Position # 021 -  Front"
F05D022,Frozen,F05,"Frozen Rack 05, Level: D, Position # 022 -  Back"
F05D023,Frozen,F05,"Frozen Rack 05, Level: D, Position # 023 -  Front"
F05D024,Frozen,F05,"Frozen Rack 05, Level: D, Position # 024 -  Back"
F05D025,Frozen,F05,"Frozen Rack 05, Level: D, Position # 025 -  Front"
F05D026,Frozen,F05,"Frozen Rack 05, Level: D, Position # 026 -  Back"
F05D027,Frozen,F05,"Frozen Rack 05, Level: D, Position # 027 -  Front"
F05D028,Frozen,F05,"Frozen Rack 05, Level: D, Position # 028 -  Back"
F05D029,Frozen,F05,"Frozen Rack 05, Level: D, Position # 029 -  Front"
F05D030,Frozen,F05,"Frozen Rack 05, Level: D, Position # 030 -  Back"
F05D031,Frozen,F05,"Frozen Rack 05, Level: D, Position # 031 -  Front"
F05D032,Frozen,F05,"Frozen Rack 05, Level: D, Position # 032 -  Back"
F05D033,Frozen,F05,"Frozen Rack 05, Level: D, Position # 033 -  Front"
F05D034,Frozen,F05,"Frozen Rack 05, Level: D, Position # 034 -  Back"
F05D035,Frozen,F05,"Frozen Rack 05, Level: D, Position # 035 -  Front"
F05D036,Frozen,F05,"Frozen Rack 05, Level: D, Position # 036 -  Back"
F05D037,Frozen,F05,"Frozen Rack 05, Level: D, Position # 037 -  Front"
F05D038,Frozen,F05,"Frozen Rack 05, Level: D, Position # 038 -  Back"
F05D039,Frozen,F05,"Frozen Rack 05, Level: D, Position # 039 -  Front"
F05D040,Frozen,F05,"Frozen Rack 05, Level: D, Position # 040 -  Back"
F05D041,Frozen,F05,"Frozen Rack 05, Level: D, Position # 041 -  Front"
F05D042,Frozen,F05,"Frozen Rack 05, Level: D, Position # 042 -  Back"
F05D043,Frozen,F05,"Frozen Rack 05, Level: D, Position # 043 -  Front"
F05D044,Frozen,F05,"Frozen Rack 05, Level: D, Position # 044 -  Back"
F05D045,Frozen,F05,"Frozen Rack 05, Level: D, Position # 045 -  Front"
F05D046,Frozen,F05,"Frozen Rack 05, Level: D, Position # 046 -  Back"
F05D047,Frozen,F05,"Frozen Rack 05, Level: D, Position # 047 -  Front"
F05D048,Frozen,F05,"Frozen Rack 05, Level: D, Position # 048 -  Back"
F05D049,Frozen,F05,"Frozen Rack 05, Level: D, Position # 049 -  Front"
F05D050,Frozen,F05,"Frozen Rack 05, Level: D, Position # 050 -  Back"
F05D051,Frozen,F05,"Frozen Rack 05, Level: D, Position # 051 -  Front"
F05D052,Frozen,F05,"Frozen Rack 05, Level: D, Position # 052 -  Back"
F05D053,Frozen,F05,"Frozen Rack 05, Level: D, Position # 053 -  Front"
F05D054,Frozen,F05,"Frozen Rack 05, Level: D, Position # 054 -  Back"
F05D055,Frozen,F05,"Frozen Rack 05, Level: D, Position # 055 -  Front"
F05D056,Frozen,F05,"Frozen Rack 05, Level: D, Position # 056 -  Back"
F05D057,Frozen,F05,"Frozen Rack 05, Level: D, Position # 057 -  Front"
F05D058,Frozen,F05,"Frozen Rack 05, Level: D, Position # 058 -  Back"
F05D059,Frozen,F05,"Frozen Rack 05, Level: D, Position # 059 -  Front"
F05D060,Frozen,F05,"Frozen Rack 05, Level: D, Position # 060 -  Back"
F05D061,Frozen,F05,"Frozen Rack 05, Level: D, Position # 061 -  Front"
F05D062,Frozen,F05,"Frozen Rack 05, Level: D, Position # 062 -  Back"
F05D063,Frozen,F05,"Frozen Rack 05, Level: D, Position # 063 -  Front"
F05D064,Frozen,F05,"Frozen Rack 05, Level: D, Position # 064 -  Back"
F05D065,Frozen,F05,"Frozen Rack 05, Level: D, Position # 065 -  Front"
F05D066,Frozen,F05,"Frozen Rack 05, Level: D, Position # 066 -  Back"
F05D067,Frozen,F05,"Frozen Rack 05, Level: D, Position # 067 -  Front"
F05D068,Frozen,F05,"Frozen Rack 05, Level: D, Position # 068 -  Back"
F05D069,Frozen,F05,"Frozen Rack 05, Level: D, Position # 069 -  Front"
F05D070,Frozen,F05,"Frozen Rack 05, Level: D, Position # 070 -  Back"
F05D071,Frozen,F05,"Frozen Rack 05, Level: D, Position # 071 -  Front"
F05D072,Frozen,F05,"Frozen Rack 05, Level: D, Position # 072 -  Back"
F05D073,Frozen,F05,"Frozen Rack 05, Level: D, Position # 073 -  Front"
F05D074,Frozen,F05,"Frozen Rack 05, Level: D, Position # 074 -  Back"
F05D075,Frozen,F05,"Frozen Rack 05, Level: D, Position # 075 -  Front"
F05D076,Frozen,F05,"Frozen Rack 05, Level: D, Position # 076 -  Back"
F05D077,Frozen,F05,"Frozen Rack 05, Level: D, Position # 077 -  Front"
F05D078,Frozen,F05,"Frozen Rack 05, Level: D, Position # 078 -  Back"
F05D079,Frozen,F05,"Frozen Rack 05, Level: D, Position # 079 -  Front"
F05D080,Frozen,F05,"Frozen Rack 05, Level: D, Position # 080 -  Back"
F05D081,Frozen,F05,"Frozen Rack 05, Level: D, Position # 081 -  Front"
F05D082,Frozen,F05,"Frozen Rack 05, Level: D, Position # 082 -  Back"
F05D083,Frozen,F05,"Frozen Rack 05, Level: D, Position # 083 -  Front"
F05D084,Frozen,F05,"Frozen Rack 05, Level: D, Position # 084 -  Back"
F05D085,Frozen,F05,"Frozen Rack 05, Level: D, Position # 085 -  Front"
F05D086,Frozen,F05,"Frozen Rack 05, Level: D, Position # 086 -  Back"
F05D087,Frozen,F05,"Frozen Rack 05, Level: D, Position # 087 -  Front"
F05D088,Frozen,F05,"Frozen Rack 05, Level: D, Position # 088 -  Back"
F05D089,Frozen,F05,"Frozen Rack 05, Level: D, Position # 089 -  Front"
F05D090,Frozen,F05,"Frozen Rack 05, Level: D, Position # 090 -  Back"
F05D091,Frozen,F05,"Frozen Rack 05, Level: D, Position # 091 -  Front"
F05D092,Frozen,F05,"Frozen Rack 05, Level: D, Position # 092 -  Back"
F05D093,Frozen,F05,"Frozen Rack 05, Level: D, Position # 093 -  Front"
F05D094,Frozen,F05,"Frozen Rack 05, Level: D, Position # 094 -  Back"
F05D095,Frozen,F05,"Frozen Rack 05, Level: D, Position # 095 -  Front"
F05D096,Frozen,F05,"Frozen Rack 05, Level: D, Position # 096 -  Back"
F05D097,Frozen,F05,"Frozen Rack 05, Level: D, Position # 097 -  Front"
F05D098,Frozen,F05,"Frozen Rack 05, Level: D, Position # 098 -  Back"
F05D099,Frozen,F05,"Frozen Rack 05, Level: D, Position # 099 -  Front"
F05D100,Frozen,F05,"Frozen Rack 05, Level: D, Position # 100 -  Back"
F05D101,Frozen,F05,"Frozen Rack 05, Level: D, Position # 101 -  Front"
F05D102,Frozen,F05,"Frozen Rack 05, Level: D, Position # 102 -  Back"
F05D103,Frozen,F05,"Frozen Rack 05, Level: D, Position # 103 -  Front"
F05D104,Frozen,F05,"Frozen Rack 05, Level: D, Position # 104 -  Back"
F05D105,Frozen,F05,"Frozen Rack 05, Level: D, Position # 105 -  Front"
F05D106,Frozen,F05,"Frozen Rack 05, Level: D, Position # 106 -  Back"
F05D107,Frozen,F05,"Frozen Rack 05, Level: D, Position # 107 -  Front"
F05D108,Frozen,F05,"Frozen Rack 05, Level: D, Position # 108 -  Back"
F05D109,Frozen,F05,"Frozen Rack 05, Level: D, Position # 109 -  Front"
F05D110,Frozen,F05,"Frozen Rack 05, Level: D, Position # 110 -  Back"
F05D111,Frozen,F05,"Frozen Rack 05, Level: D, Position # 111 -  Front"
F05D112,Frozen,F05,"Frozen Rack 05, Level: D, Position # 112 -  Back"
F05E001,Frozen,F05,"Frozen Rack 05, Level: E, Position # 001 -  Front"
F05E002,Frozen,F05,"Frozen Rack 05, Level: E, Position # 002 -  Back"
F05E003,Frozen,F05,"Frozen Rack 05, Level: E, Position # 003 -  Front"
F05E004,Frozen,F05,"Frozen Rack 05, Level: E, Position # 004 -  Back"
F05E005,Frozen,F05,"Frozen Rack 05, Level: E, Position # 005 -  Front"
F05E006,Frozen,F05,"Frozen Rack 05, Level: E, Position # 006 -  Back"
F05E007,Frozen,F05,"Frozen Rack 05, Level: E, Position # 007 -  Front"
F05E008,Frozen,F05,"Frozen Rack 05, Level: E, Position # 008 -  Back"
F05E009,Frozen,F05,"Frozen Rack 05, Level: E, Position # 009 -  Front"
F05E010,Frozen,F05,"Frozen Rack 05, Level: E, Position # 010 -  Back"
F05E011,Frozen,F05,"Frozen Rack 05, Level: E, Position # 011 -  Front"
F05E012,Frozen,F05,"Frozen Rack 05, Level: E, Position # 012 -  Back"
F05E013,Frozen,F05,"Frozen Rack 05, Level: E, Position # 013 -  Front"
F05E014,Frozen,F05,"Frozen Rack 05, Level: E, Position # 014 -  Back"
F05E015,Frozen,F05,"Frozen Rack 05, Level: E, Position # 015 -  Front"
F05E016,Frozen,F05,"Frozen Rack 05, Level: E, Position # 016 -  Back"
F05E017,Frozen,F05,"Frozen Rack 05, Level: E, Position # 017 -  Front"
F05E018,Frozen,F05,"Frozen Rack 05, Level: E, Position # 018 -  Back"
F05E019,Frozen,F05,"Frozen Rack 05, Level: E, Position # 019 -  Front"
F05E020,Frozen,F05,"Frozen Rack 05, Level: E, Position # 020 -  Back"
F05E021,Frozen,F05,"Frozen Rack 05, Level: E, Position # 021 -  Front"
F05E022,Frozen,F05,"Frozen Rack 05, Level: E, Position # 022 -  Back"
F05E023,Frozen,F05,"Frozen Rack 05, Level: E, Position # 023 -  Front"
F05E024,Frozen,F05,"Frozen Rack 05, Level: E, Position # 024 -  Back"
F05E025,Frozen,F05,"Frozen Rack 05, Level: E, Position # 025 -  Front"
F05E026,Frozen,F05,"Frozen Rack 05, Level: E, Position # 026 -  Back"
F05E027,Frozen,F05,"Frozen Rack 05, Level: E, Position # 027 -  Front"
F05E028,Frozen,F05,"Frozen Rack 05, Level: E, Position # 028 -  Back"
F05E029,Frozen,F05,"Frozen Rack 05, Level: E, Position # 029 -  Front"
F05E030,Frozen,F05,"Frozen Rack 05, Level: E, Position # 030 -  Back"
F05E031,Frozen,F05,"Frozen Rack 05, Level: E, Position # 031 -  Front"
F05E032,Frozen,F05,"Frozen Rack 05, Level: E, Position # 032 -  Back"
F05E033,Frozen,F05,"Frozen Rack 05, Level: E, Position # 033 -  Front"
F05E034,Frozen,F05,"Frozen Rack 05, Level: E, Position # 034 -  Back"
F05E035,Frozen,F05,"Frozen Rack 05, Level: E, Position # 035 -  Front"
F05E036,Frozen,F05,"Frozen Rack 05, Level: E, Position # 036 -  Back"
F05E037,Frozen,F05,"Frozen Rack 05, Level: E, Position # 037 -  Front"
F05E038,Frozen,F05,"Frozen Rack 05, Level: E, Position # 038 -  Back"
F05E039,Frozen,F05,"Frozen Rack 05, Level: E, Position # 039 -  Front"
F05E040,Frozen,F05,"Frozen Rack 05, Level: E, Position # 040 -  Back"
F05E041,Frozen,F05,"Frozen Rack 05, Level: E, Position # 041 -  Front"
F05E042,Frozen,F05,"Frozen Rack 05, Level: E, Position # 042 -  Back"
F05E043,Frozen,F05,"Frozen Rack 05, Level: E, Position # 043 -  Front"
F05E044,Frozen,F05,"Frozen Rack 05, Level: E, Position # 044 -  Back"
F05E045,Frozen,F05,"Frozen Rack 05, Level: E, Position # 045 -  Front"
F05E046,Frozen,F05,"Frozen Rack 05, Level: E, Position # 046 -  Back"
F05E047,Frozen,F05,"Frozen Rack 05, Level: E, Position # 047 -  Front"
F05E048,Frozen,F05,"Frozen Rack 05, Level: E, Position # 048 -  Back"
F05E049,Frozen,F05,"Frozen Rack 05, Level: E, Position # 049 -  Front"
F05E050,Frozen,F05,"Frozen Rack 05, Level: E, Position # 050 -  Back"
F05E051,Frozen,F05,"Frozen Rack 05, Level: E, Position # 051 -  Front"
F05E052,Frozen,F05,"Frozen Rack 05, Level: E, Position # 052 -  Back"
F05E053,Frozen,F05,"Frozen Rack 05, Level: E, Position # 053 -  Front"
F05E054,Frozen,F05,"Frozen Rack 05, Level: E, Position # 054 -  Back"
F05E055,Frozen,F05,"Frozen Rack 05, Level: E, Position # 055 -  Front"
F05E056,Frozen,F05,"Frozen Rack 05, Level: E, Position # 056 -  Back"
F05E057,Frozen,F05,"Frozen Rack 05, Level: E, Position # 057 -  Front"
F05E058,Frozen,F05,"Frozen Rack 05, Level: E, Position # 058 -  Back"
F05E059,Frozen,F05,"Frozen Rack 05, Level: E, Position # 059 -  Front"
F05E060,Frozen,F05,"Frozen Rack 05, Level: E, Position # 060 -  Back"
F05E061,Frozen,F05,"Frozen Rack 05, Level: E, Position # 061 -  Front"
F05E062,Frozen,F05,"Frozen Rack 05, Level: E, Position # 062 -  Back"
F05E063,Frozen,F05,"Frozen Rack 05, Level: E, Position # 063 -  Front"
F05E064,Frozen,F05,"Frozen Rack 05, Level: E, Position # 064 -  Back"
F05E065,Frozen,F05,"Frozen Rack 05, Level: E, Position # 065 -  Front"
F05E066,Frozen,F05,"Frozen Rack 05, Level: E, Position # 066 -  Back"
F05E067,Frozen,F05,"Frozen Rack 05, Level: E, Position # 067 -  Front"
F05E068,Frozen,F05,"Frozen Rack 05, Level: E, Position # 068 -  Back"
F05E069,Frozen,F05,"Frozen Rack 05, Level: E, Position # 069 -  Front"
F05E070,Frozen,F05,"Frozen Rack 05, Level: E, Position # 070 -  Back"
F05E071,Frozen,F05,"Frozen Rack 05, Level: E, Position # 071 -  Front"
F05E072,Frozen,F05,"Frozen Rack 05, Level: E, Position # 072 -  Back"
F05E073,Frozen,F05,"Frozen Rack 05, Level: E, Position # 073 -  Front"
F05E074,Frozen,F05,"Frozen Rack 05, Level: E, Position # 074 -  Back"
F05E075,Frozen,F05,"Frozen Rack 05, Level: E, Position # 075 -  Front"
F05E076,Frozen,F05,"Frozen Rack 05, Level: E, Position # 076 -  Back"
F05E077,Frozen,F05,"Frozen Rack 05, Level: E, Position # 077 -  Front"
F05E078,Frozen,F05,"Frozen Rack 05, Level: E, Position # 078 -  Back"
F05E079,Frozen,F05,"Frozen Rack 05, Level: E, Position # 079 -  Front"
F05E080,Frozen,F05,"Frozen Rack 05, Level: E, Position # 080 -  Back"
F05E081,Frozen,F05,"Frozen Rack 05, Level: E, Position # 081 -  Front"
F05E082,Frozen,F05,"Frozen Rack 05, Level: E, Position # 082 -  Back"
F05E083,Frozen,F05,"Frozen Rack 05, Level: E, Position # 083 -  Front"
F05E084,Frozen,F05,"Frozen Rack 05, Level: E, Position # 084 -  Back"
F05E085,Frozen,F05,"Frozen Rack 05, Level: E, Position # 085 -  Front"
F05E086,Frozen,F05,"Frozen Rack 05, Level: E, Position # 086 -  Back"
F05E087,Frozen,F05,"Frozen Rack 05, Level: E, Position # 087 -  Front"
F05E088,Frozen,F05,"Frozen Rack 05, Level: E, Position # 088 -  Back"
F05E089,Frozen,F05,"Frozen Rack 05, Level: E, Position # 089 -  Front"
F05E090,Frozen,F05,"Frozen Rack 05, Level: E, Position # 090 -  Back"
F05E091,Frozen,F05,"Frozen Rack 05, Level: E, Position # 091 -  Front"
F05E092,Frozen,F05,"Frozen Rack 05, Level: E, Position # 092 -  Back"
F05E093,Frozen,F05,"Frozen Rack 05, Level: E, Position # 093 -  Front"
F05E094,Frozen,F05,"Frozen Rack 05, Level: E, Position # 094 -  Back"
F05E095,Frozen,F05,"Frozen Rack 05, Level: E, Position # 095 -  Front"
F05E096,Frozen,F05,"Frozen Rack 05, Level: E, Position # 096 -  Back"
F05E097,Frozen,F05,"Frozen Rack 05, Level: E, Position # 097 -  Front"
F05E098,Frozen,F05,"Frozen Rack 05, Level: E, Position # 098 -  Back"
F05E099,Frozen,F05,"Frozen Rack 05, Level: E, Position # 099 -  Front"
F05E100,Frozen,F05,"Frozen Rack 05, Level: E, Position # 100 -  Back"
F05E101,Frozen,F05,"Frozen Rack 05, Level: E, Position # 101 -  Front"
F05E102,Frozen,F05,"Frozen Rack 05, Level: E, Position # 102 -  Back"
F05E103,Frozen,F05,"Frozen Rack 05, Level: E, Position # 103 -  Front"
F05E104,Frozen,F05,"Frozen Rack 05, Level: E, Position # 104 -  Back"
F05E105,Frozen,F05,"Frozen Rack 05, Level: E, Position # 105 -  Front"
F05E106,Frozen,F05,"Frozen Rack 05, Level: E, Position # 106 -  Back"
F05E107,Frozen,F05,"Frozen Rack 05, Level: E, Position # 107 -  Front"
F05E108,Frozen,F05,"Frozen Rack 05, Level: E, Position # 108 -  Back"
F05E109,Frozen,F05,"Frozen Rack 05, Level: E, Position # 109 -  Front"
F05E110,Frozen,F05,"Frozen Rack 05, Level: E, Position # 110 -  Back"
F05E111,Frozen,F05,"Frozen Rack 05, Level: E, Position # 111 -  Front"
F05E112,Frozen,F05,"Frozen Rack 05, Level: E, Position # 112 -  Back"
F05F001,Frozen,F05,"Frozen Rack 05, Level: F, Position # 001 -  Front"
F05F002,Frozen,F05,"Frozen Rack 05, Level: F, Position # 002 -  Back"
F05F003,Frozen,F05,"Frozen Rack 05, Level: F, Position # 003 -  Front"
F05F004,Frozen,F05,"Frozen Rack 05, Level: F, Position # 004 -  Back"
F05F005,Frozen,F05,"Frozen Rack 05, Level: F, Position # 005 -  Front"
F05F006,Frozen,F05,"Frozen Rack 05, Level: F, Position # 006 -  Back"
F05F007,Frozen,F05,"Frozen Rack 05, Level: F, Position # 007 -  Front"
F05F008,Frozen,F05,"Frozen Rack 05, Level: F, Position # 008 -  Back"
F05F009,Frozen,F05,"Frozen Rack 05, Level: F, Position # 009 -  Front"
F05F010,Frozen,F05,"Frozen Rack 05, Level: F, Position # 010 -  Back"
F05F011,Frozen,F05,"Frozen Rack 05, Level: F, Position # 011 -  Front"
F05F012,Frozen,F05,"Frozen Rack 05, Level: F, Position # 012 -  Back"
F05F013,Frozen,F05,"Frozen Rack 05, Level: F, Position # 013 -  Front"
F05F014,Frozen,F05,"Frozen Rack 05, Level: F, Position # 014 -  Back"
F05F015,Frozen,F05,"Frozen Rack 05, Level: F, Position # 015 -  Front"
F05F016,Frozen,F05,"Frozen Rack 05, Level: F, Position # 016 -  Back"
F05F017,Frozen,F05,"Frozen Rack 05, Level: F, Position # 017 -  Front"
F05F018,Frozen,F05,"Frozen Rack 05, Level: F, Position # 018 -  Back"
F05F019,Frozen,F05,"Frozen Rack 05, Level: F, Position # 019 -  Front"
F05F020,Frozen,F05,"Frozen Rack 05, Level: F, Position # 020 -  Back"
F05F021,Frozen,F05,"Frozen Rack 05, Level: F, Position # 021 -  Front"
F05F022,Frozen,F05,"Frozen Rack 05, Level: F, Position # 022 -  Back"
F05F023,Frozen,F05,"Frozen Rack 05, Level: F, Position # 023 -  Front"
F05F024,Frozen,F05,"Frozen Rack 05, Level: F, Position # 024 -  Back"
F05F025,Frozen,F05,"Frozen Rack 05, Level: F, Position # 025 -  Front"
F05F026,Frozen,F05,"Frozen Rack 05, Level: F, Position # 026 -  Back"
F05F027,Frozen,F05,"Frozen Rack 05, Level: F, Position # 027 -  Front"
F05F028,Frozen,F05,"Frozen Rack 05, Level: F, Position # 028 -  Back"
F05F029,Frozen,F05,"Frozen Rack 05, Level: F, Position # 029 -  Front"
F05F030,Frozen,F05,"Frozen Rack 05, Level: F, Position # 030 -  Back"
F05F031,Frozen,F05,"Frozen Rack 05, Level: F, Position # 031 -  Front"
F05F032,Frozen,F05,"Frozen Rack 05, Level: F, Position # 032 -  Back"
F05F033,Frozen,F05,"Frozen Rack 05, Level: F, Position # 033 -  Front"
F05F034,Frozen,F05,"Frozen Rack 05, Level: F, Position # 034 -  Back"
F05F035,Frozen,F05,"Frozen Rack 05, Level: F, Position # 035 -  Front"
F05F036,Frozen,F05,"Frozen Rack 05, Level: F, Position # 036 -  Back"
F05F037,Frozen,F05,"Frozen Rack 05, Level: F, Position # 037 -  Front"
F05F038,Frozen,F05,"Frozen Rack 05, Level: F, Position # 038 -  Back"
F05F039,Frozen,F05,"Frozen Rack 05, Level: F, Position # 039 -  Front"
F05F040,Frozen,F05,"Frozen Rack 05, Level: F, Position # 040 -  Back"
F05F041,Frozen,F05,"Frozen Rack 05, Level: F, Position # 041 -  Front"
F05F042,Frozen,F05,"Frozen Rack 05, Level: F, Position # 042 -  Back"
F05F043,Frozen,F05,"Frozen Rack 05, Level: F, Position # 043 -  Front"
F05F044,Frozen,F05,"Frozen Rack 05, Level: F, Position # 044 -  Back"
F05F045,Frozen,F05,"Frozen Rack 05, Level: F, Position # 045 -  Front"
F05F046,Frozen,F05,"Frozen Rack 05, Level: F, Position # 046 -  Back"
F05F047,Frozen,F05,"Frozen Rack 05, Level: F, Position # 047 -  Front"
F05F048,Frozen,F05,"Frozen Rack 05, Level: F, Position # 048 -  Back"
F05F049,Frozen,F05,"Frozen Rack 05, Level: F, Position # 049 -  Front"
F05F050,Frozen,F05,"Frozen Rack 05, Level: F, Position # 050 -  Back"
F05F051,Frozen,F05,"Frozen Rack 05, Level: F, Position # 051 -  Front"
F05F052,Frozen,F05,"Frozen Rack 05, Level: F, Position # 052 -  Back"
F05F053,Frozen,F05,"Frozen Rack 05, Level: F, Position # 053 -  Front"
F05F054,Frozen,F05,"Frozen Rack 05, Level: F, Position # 054 -  Back"
F05F055,Frozen,F05,"Frozen Rack 05, Level: F, Position # 055 -  Front"
F05F056,Frozen,F05,"Frozen Rack 05, Level: F, Position # 056 -  Back"
F05F057,Frozen,F05,"Frozen Rack 05, Level: F, Position # 057 -  Front"
F05F058,Frozen,F05,"Frozen Rack 05, Level: F, Position # 058 -  Back"
F05F059,Frozen,F05,"Frozen Rack 05, Level: F, Position # 059 -  Front"
F05F060,Frozen,F05,"Frozen Rack 05, Level: F, Position # 060 -  Back"
F05F061,Frozen,F05,"Frozen Rack 05, Level: F, Position # 061 -  Front"
F05F062,Frozen,F05,"Frozen Rack 05, Level: F, Position # 062 -  Back"
F05F063,Frozen,F05,"Frozen Rack 05, Level: F, Position # 063 -  Front"
F05F064,Frozen,F05,"Frozen Rack 05, Level: F, Position # 064 -  Back"
F05F065,Frozen,F05,"Frozen Rack 05, Level: F, Position # 065 -  Front"
F05F066,Frozen,F05,"Frozen Rack 05, Level: F, Position # 066 -  Back"
F05F067,Frozen,F05,"Frozen Rack 05, Level: F, Position # 067 -  Front"
F05F068,Frozen,F05,"Frozen Rack 05, Level: F, Position # 068 -  Back"
F05F069,Frozen,F05,"Frozen Rack 05, Level: F, Position # 069 -  Front"
F05F070,Frozen,F05,"Frozen Rack 05, Level: F, Position # 070 -  Back"
F05F071,Frozen,F05,"Frozen Rack 05, Level: F, Position # 071 -  Front"
F05F072,Frozen,F05,"Frozen Rack 05, Level: F, Position # 072 -  Back"
F05F073,Frozen,F05,"Frozen Rack 05, Level: F, Position # 073 -  Front"
F05F074,Frozen,F05,"Frozen Rack 05, Level: F, Position # 074 -  Back"
F05F075,Frozen,F05,"Frozen Rack 05, Level: F, Position # 075 -  Front"
F05F076,Frozen,F05,"Frozen Rack 05, Level: F, Position # 076 -  Back"
F05F077,Frozen,F05,"Frozen Rack 05, Level: F, Position # 077 -  Front"
F05F078,Frozen,F05,"Frozen Rack 05, Level: F, Position # 078 -  Back"
F05F079,Frozen,F05,"Frozen Rack 05, Level: F, Position # 079 -  Front"
F05F080,Frozen,F05,"Frozen Rack 05, Level: F, Position # 080 -  Back"
F05F081,Frozen,F05,"Frozen Rack 05, Level: F, Position # 081 -  Front"
F05F082,Frozen,F05,"Frozen Rack 05, Level: F, Position # 082 -  Back"
F05F083,Frozen,F05,"Frozen Rack 05, Level: F, Position # 083 -  Front"
F05F084,Frozen,F05,"Frozen Rack 05, Level: F, Position # 084 -  Back"
F05F085,Frozen,F05,"Frozen Rack 05, Level: F, Position # 085 -  Front"
F05F086,Frozen,F05,"Frozen Rack 05, Level: F, Position # 086 -  Back"
F05F087,Frozen,F05,"Frozen Rack 05, Level: F, Position # 087 -  Front"
F05F088,Frozen,F05,"Frozen Rack 05, Level: F, Position # 088 -  Back"
F05F089,Frozen,F05,"Frozen Rack 05, Level: F, Position # 089 -  Front"
F05F090,Frozen,F05,"Frozen Rack 05, Level: F, Position # 090 -  Back"
F05F091,Frozen,F05,"Frozen Rack 05, Level: F, Position # 091 -  Front"
F05F092,Frozen,F05,"Frozen Rack 05, Level: F, Position # 092 -  Back"
F05F093,Frozen,F05,"Frozen Rack 05, Level: F, Position # 093 -  Front"
F05F094,Frozen,F05,"Frozen Rack 05, Level: F, Position # 094 -  Back"
F05F095,Frozen,F05,"Frozen Rack 05, Level: F, Position # 095 -  Front"
F05F096,Frozen,F05,"Frozen Rack 05, Level: F, Position # 096 -  Back"
F05F097,Frozen,F05,"Frozen Rack 05, Level: F, Position # 097 -  Front"
F05F098,Frozen,F05,"Frozen Rack 05, Level: F, Position # 098 -  Back"
F05F099,Frozen,F05,"Frozen Rack 05, Level: F, Position # 099 -  Front"
F05F100,Frozen,F05,"Frozen Rack 05, Level: F, Position # 100 -  Back"
F05F101,Frozen,F05,"Frozen Rack 05, Level: F, Position # 101 -  Front"
F05F102,Frozen,F05,"Frozen Rack 05, Level: F, Position # 102 -  Back"
F05F103,Frozen,F05,"Frozen Rack 05, Level: F, Position # 103 -  Front"
F05F104,Frozen,F05,"Frozen Rack 05, Level: F, Position # 104 -  Back"
F05F105,Frozen,F05,"Frozen Rack 05, Level: F, Position # 105 -  Front"
F05F106,Frozen,F05,"Frozen Rack 05, Level: F, Position # 106 -  Back"
F05F107,Frozen,F05,"Frozen Rack 05, Level: F, Position # 107 -  Front"
F05F108,Frozen,F05,"Frozen Rack 05, Level: F, Position # 108 -  Back"
F05F109,Frozen,F05,"Frozen Rack 05, Level: F, Position # 109 -  Front"
F05F110,Frozen,F05,"Frozen Rack 05, Level: F, Position # 110 -  Back"
F05F111,Frozen,F05,"Frozen Rack 05, Level: F, Position # 111 -  Front"
F05F112,Frozen,F05,"Frozen Rack 05, Level: F, Position # 112 -  Back"
F06A001,Frozen,F06,"Frozen Rack 06, Level: A, Position # 001 -  Front"
F06A002,Frozen,F06,"Frozen Rack 06, Level: A, Position # 002 -  Back"
F06A003,Frozen,F06,"Frozen Rack 06, Level: A, Position # 003 -  Front"
F06A004,Frozen,F06,"Frozen Rack 06, Level: A, Position # 004 -  Back"
F06A005,Frozen,F06,"Frozen Rack 06, Level: A, Position # 005 -  Front"
F06A006,Frozen,F06,"Frozen Rack 06, Level: A, Position # 006 -  Back"
F06A007,Frozen,F06,"Frozen Rack 06, Level: A, Position # 007 -  Front"
F06A008,Frozen,F06,"Frozen Rack 06, Level: A, Position # 008 -  Back"
F06A009,Frozen,F06,"Frozen Rack 06, Level: A, Position # 009 -  Front"
F06A010,Frozen,F06,"Frozen Rack 06, Level: A, Position # 010 -  Back"
F06A011,Frozen,F06,"Frozen Rack 06, Level: A, Position # 011 -  Front"
F06A012,Frozen,F06,"Frozen Rack 06, Level: A, Position # 012 -  Back"
F06A019,Frozen,F06,"Frozen Rack 06, Level: A, Position # 019 -  Front"
F06A020,Frozen,F06,"Frozen Rack 06, Level: A, Position # 020 -  Back"
F06A021,Frozen,F06,"Frozen Rack 06, Level: A, Position # 021 -  Front"
F06A022,Frozen,F06,"Frozen Rack 06, Level: A, Position # 022 -  Back"
F06A023,Frozen,F06,"Frozen Rack 06, Level: A, Position # 023 -  Front"
F06A024,Frozen,F06,"Frozen Rack 06, Level: A, Position # 024 -  Back"
F06A025,Frozen,F06,"Frozen Rack 06, Level: A, Position # 025 -  Front"
F06A026,Frozen,F06,"Frozen Rack 06, Level: A, Position # 026 -  Back"
F06A027,Frozen,F06,"Frozen Rack 06, Level: A, Position # 027 -  Front"
F06A028,Frozen,F06,"Frozen Rack 06, Level: A, Position # 028 -  Back"
F06A029,Frozen,F06,"Frozen Rack 06, Level: A, Position # 029 -  Front"
F06A030,Frozen,F06,"Frozen Rack 06, Level: A, Position # 030 -  Back"
F06A031,Frozen,F06,"Frozen Rack 06, Level: A, Position # 031 -  Front"
F06A032,Frozen,F06,"Frozen Rack 06, Level: A, Position # 032 -  Back"
F06A033,Frozen,F06,"Frozen Rack 06, Level: A, Position # 033 -  Front"
F06A034,Frozen,F06,"Frozen Rack 06, Level: A, Position # 034 -  Back"
F06A035,Frozen,F06,"Frozen Rack 06, Level: A, Position # 035 -  Front"
F06A036,Frozen,F06,"Frozen Rack 06, Level: A, Position # 036 -  Back"
F06A037,Frozen,F06,"Frozen Rack 06, Level: A, Position # 037 -  Front"
F06A038,Frozen,F06,"Frozen Rack 06, Level: A, Position # 038 -  Back"
F06A039,Frozen,F06,"Frozen Rack 06, Level: A, Position # 039 -  Front"
F06A040,Frozen,F06,"Frozen Rack 06, Level: A, Position # 040 -  Back"
F06A041,Frozen,F06,"Frozen Rack 06, Level: A, Position # 041 -  Front"
F06A042,Frozen,F06,"Frozen Rack 06, Level: A, Position # 042 -  Back"
F06A043,Frozen,F06,"Frozen Rack 06, Level: A, Position # 043 -  Front"
F06A044,Frozen,F06,"Frozen Rack 06, Level: A, Position # 044 -  Back"
F06A045,Frozen,F06,"Frozen Rack 06, Level: A, Position # 045 -  Front"
F06A046,Frozen,F06,"Frozen Rack 06, Level: A, Position # 046 -  Back"
F06A047,Frozen,F06,"Frozen Rack 06, Level: A, Position # 047 -  Front"
F06A048,Frozen,F06,"Frozen Rack 06, Level: A, Position # 048 -  Back"
F06A049,Frozen,F06,"Frozen Rack 06, Level: A, Position # 049 -  Front"
F06A050,Frozen,F06,"Frozen Rack 06, Level: A, Position # 050 -  Back"
F06A051,Frozen,F06,"Frozen Rack 06, Level: A, Position # 051 -  Front"
F06A052,Frozen,F06,"Frozen Rack 06, Level: A, Position # 052 -  Back"
F06A053,Frozen,F06,"Frozen Rack 06, Level: A, Position # 053 -  Front"
F06A054,Frozen,F06,"Frozen Rack 06, Level: A, Position # 054 -  Back"
F06A061,Frozen,F06,"Frozen Rack 06, Level: A, Position # 061 -  Front"
F06A062,Frozen,F06,"Frozen Rack 06, Level: A, Position # 062 -  Back"
F06A063,Frozen,F06,"Frozen Rack 06, Level: A, Position # 063 -  Front"
F06A064,Frozen,F06,"Frozen Rack 06, Level: A, Position # 064 -  Back"
F06A065,Frozen,F06,"Frozen Rack 06, Level: A, Position # 065 -  Front"
F06A066,Frozen,F06,"Frozen Rack 06, Level: A, Position # 066 -  Back"
F06A067,Frozen,F06,"Frozen Rack 06, Level: A, Position # 067 -  Front"
F06A068,Frozen,F06,"Frozen Rack 06, Level: A, Position # 068 -  Back"
F06A069,Frozen,F06,"Frozen Rack 06, Level: A, Position # 069 -  Front"
F06A070,Frozen,F06,"Frozen Rack 06, Level: A, Position # 070 -  Back"
F06A071,Frozen,F06,"Frozen Rack 06, Level: A, Position # 071 -  Front"
F06A072,Frozen,F06,"Frozen Rack 06, Level: A, Position # 072 -  Back"
F06A073,Frozen,F06,"Frozen Rack 06, Level: A, Position # 073 -  Front"
F06A074,Frozen,F06,"Frozen Rack 06, Level: A, Position # 074 -  Back"
F06A075,Frozen,F06,"Frozen Rack 06, Level: A, Position # 075 -  Front"
F06A076,Frozen,F06,"Frozen Rack 06, Level: A, Position # 076 -  Back"
F06A077,Frozen,F06,"Frozen Rack 06, Level: A, Position # 077 -  Front"
F06A078,Frozen,F06,"Frozen Rack 06, Level: A, Position # 078 -  Back"
F06A079,Frozen,F06,"Frozen Rack 06, Level: A, Position # 079 -  Front"
F06A080,Frozen,F06,"Frozen Rack 06, Level: A, Position # 080 -  Back"
F06A081,Frozen,F06,"Frozen Rack 06, Level: A, Position # 081 -  Front"
F06A082,Frozen,F06,"Frozen Rack 06, Level: A, Position # 082 -  Back"
F06A083,Frozen,F06,"Frozen Rack 06, Level: A, Position # 083 -  Front"
F06A084,Frozen,F06,"Frozen Rack 06, Level: A, Position # 084 -  Back"
F06A085,Frozen,F06,"Frozen Rack 06, Level: A, Position # 085 -  Front"
F06A086,Frozen,F06,"Frozen Rack 06, Level: A, Position # 086 -  Back"
F06A087,Frozen,F06,"Frozen Rack 06, Level: A, Position # 087 -  Front"
F06A088,Frozen,F06,"Frozen Rack 06, Level: A, Position # 088 -  Back"
F06A089,Frozen,F06,"Frozen Rack 06, Level: A, Position # 089 -  Front"
F06A090,Frozen,F06,"Frozen Rack 06, Level: A, Position # 090 -  Back"
F06A091,Frozen,F06,"Frozen Rack 06, Level: A, Position # 091 -  Front"
F06A092,Frozen,F06,"Frozen Rack 06, Level: A, Position # 092 -  Back"
F06A093,Frozen,F06,"Frozen Rack 06, Level: A, Position # 093 -  Front"
F06A094,Frozen,F06,"Frozen Rack 06, Level: A, Position # 094 -  Back"
F06A095,Frozen,F06,"Frozen Rack 06, Level: A, Position # 095 -  Front"
F06A096,Frozen,F06,"Frozen Rack 06, Level: A, Position # 096 -  Back"
F06A103,Frozen,F06,"Frozen Rack 06, Level: A, Position # 103 -  Front"
F06A104,Frozen,F06,"Frozen Rack 06, Level: A, Position # 104 -  Back"
F06A105,Frozen,F06,"Frozen Rack 06, Level: A, Position # 105 -  Front"
F06A106,Frozen,F06,"Frozen Rack 06, Level: A, Position # 106 -  Back"
F06A107,Frozen,F06,"Frozen Rack 06, Level: A, Position # 107 -  Front"
F06A108,Frozen,F06,"Frozen Rack 06, Level: A, Position # 108 -  Back"
F06A109,Frozen,F06,"Frozen Rack 06, Level: A, Position # 109 -  Front"
F06A110,Frozen,F06,"Frozen Rack 06, Level: A, Position # 110 -  Back"
F06A111,Frozen,F06,"Frozen Rack 06, Level: A, Position # 111 -  Front"
F06A112,Frozen,F06,"Frozen Rack 06, Level: A, Position # 112 -  Back"
F06B001,Frozen,F06,"Frozen Rack 06, Level: B, Position # 001 -  Front"
F06B002,Frozen,F06,"Frozen Rack 06, Level: B, Position # 002 -  Back"
F06B003,Frozen,F06,"Frozen Rack 06, Level: B, Position # 003 -  Front"
F06B004,Frozen,F06,"Frozen Rack 06, Level: B, Position # 004 -  Back"
F06B005,Frozen,F06,"Frozen Rack 06, Level: B, Position # 005 -  Front"
F06B006,Frozen,F06,"Frozen Rack 06, Level: B, Position # 006 -  Back"
F06B007,Frozen,F06,"Frozen Rack 06, Level: B, Position # 007 -  Front"
F06B008,Frozen,F06,"Frozen Rack 06, Level: B, Position # 008 -  Back"
F06B009,Frozen,F06,"Frozen Rack 06, Level: B, Position # 009 -  Front"
F06B010,Frozen,F06,"Frozen Rack 06, Level: B, Position # 010 -  Back"
F06B011,Frozen,F06,"Frozen Rack 06, Level: B, Position # 011 -  Front"
F06B012,Frozen,F06,"Frozen Rack 06, Level: B, Position # 012 -  Back"
F06B019,Frozen,F06,"Frozen Rack 06, Level: B, Position # 019 -  Front"
F06B020,Frozen,F06,"Frozen Rack 06, Level: B, Position # 020 -  Back"
F06B021,Frozen,F06,"Frozen Rack 06, Level: B, Position # 021 -  Front"
F06B022,Frozen,F06,"Frozen Rack 06, Level: B, Position # 022 -  Back"
F06B023,Frozen,F06,"Frozen Rack 06, Level: B, Position # 023 -  Front"
F06B024,Frozen,F06,"Frozen Rack 06, Level: B, Position # 024 -  Back"
F06B025,Frozen,F06,"Frozen Rack 06, Level: B, Position # 025 -  Front"
F06B026,Frozen,F06,"Frozen Rack 06, Level: B, Position # 026 -  Back"
F06B027,Frozen,F06,"Frozen Rack 06, Level: B, Position # 027 -  Front"
F06B028,Frozen,F06,"Frozen Rack 06, Level: B, Position # 028 -  Back"
F06B029,Frozen,F06,"Frozen Rack 06, Level: B, Position # 029 -  Front"
F06B030,Frozen,F06,"Frozen Rack 06, Level: B, Position # 030 -  Back"
F06B031,Frozen,F06,"Frozen Rack 06, Level: B, Position # 031 -  Front"
F06B032,Frozen,F06,"Frozen Rack 06, Level: B, Position # 032 -  Back"
F06B033,Frozen,F06,"Frozen Rack 06, Level: B, Position # 033 -  Front"
F06B034,Frozen,F06,"Frozen Rack 06, Level: B, Position # 034 -  Back"
F06B035,Frozen,F06,"Frozen Rack 06, Level: B, Position # 035 -  Front"
F06B036,Frozen,F06,"Frozen Rack 06, Level: B, Position # 036 -  Back"
F06B037,Frozen,F06,"Frozen Rack 06, Level: B, Position # 037 -  Front"
F06B038,Frozen,F06,"Frozen Rack 06, Level: B, Position # 038 -  Back"
F06B039,Frozen,F06,"Frozen Rack 06, Level: B, Position # 039 -  Front"
F06B040,Frozen,F06,"Frozen Rack 06, Level: B, Position # 040 -  Back"
F06B041,Frozen,F06,"Frozen Rack 06, Level: B, Position # 041 -  Front"
F06B042,Frozen,F06,"Frozen Rack 06, Level: B, Position # 042 -  Back"
F06B043,Frozen,F06,"Frozen Rack 06, Level: B, Position # 043 -  Front"
F06B044,Frozen,F06,"Frozen Rack 06, Level: B, Position # 044 -  Back"
F06B045,Frozen,F06,"Frozen Rack 06, Level: B, Position # 045 -  Front"
F06B046,Frozen,F06,"Frozen Rack 06, Level: B, Position # 046 -  Back"
F06B047,Frozen,F06,"Frozen Rack 06, Level: B, Position # 047 -  Front"
F06B048,Frozen,F06,"Frozen Rack 06, Level: B, Position # 048 -  Back"
F06B049,Frozen,F06,"Frozen Rack 06, Level: B, Position # 049 -  Front"
F06B050,Frozen,F06,"Frozen Rack 06, Level: B, Position # 050 -  Back"
F06B051,Frozen,F06,"Frozen Rack 06, Level: B, Position # 051 -  Front"
F06B052,Frozen,F06,"Frozen Rack 06, Level: B, Position # 052 -  Back"
F06B053,Frozen,F06,"Frozen Rack 06, Level: B, Position # 053 -  Front"
F06B054,Frozen,F06,"Frozen Rack 06, Level: B, Position # 054 -  Back"
F06B061,Frozen,F06,"Frozen Rack 06, Level: B, Position # 061 -  Front"
F06B062,Frozen,F06,"Frozen Rack 06, Level: B, Position # 062 -  Back"
F06B063,Frozen,F06,"Frozen Rack 06, Level: B, Position # 063 -  Front"
F06B064,Frozen,F06,"Frozen Rack 06, Level: B, Position # 064 -  Back"
F06B065,Frozen,F06,"Frozen Rack 06, Level: B, Position # 065 -  Front"
F06B066,Frozen,F06,"Frozen Rack 06, Level: B, Position # 066 -  Back"
F06B067,Frozen,F06,"Frozen Rack 06, Level: B, Position # 067 -  Front"
F06B068,Frozen,F06,"Frozen Rack 06, Level: B, Position # 068 -  Back"
F06B069,Frozen,F06,"Frozen Rack 06, Level: B, Position # 069 -  Front"
F06B070,Frozen,F06,"Frozen Rack 06, Level: B, Position # 070 -  Back"
F06B071,Frozen,F06,"Frozen Rack 06, Level: B, Position # 071 -  Front"
F06B072,Frozen,F06,"Frozen Rack 06, Level: B, Position # 072 -  Back"
F06B073,Frozen,F06,"Frozen Rack 06, Level: B, Position # 073 -  Front"
F06B074,Frozen,F06,"Frozen Rack 06, Level: B, Position # 074 -  Back"
F06B075,Frozen,F06,"Frozen Rack 06, Level: B, Position # 075 -  Front"
F06B076,Frozen,F06,"Frozen Rack 06, Level: B, Position # 076 -  Back"
F06B077,Frozen,F06,"Frozen Rack 06, Level: B, Position # 077 -  Front"
F06B078,Frozen,F06,"Frozen Rack 06, Level: B, Position # 078 -  Back"
F06B079,Frozen,F06,"Frozen Rack 06, Level: B, Position # 079 -  Front"
F06B080,Frozen,F06,"Frozen Rack 06, Level: B, Position # 080 -  Back"
F06B081,Frozen,F06,"Frozen Rack 06, Level: B, Position # 081 -  Front"
F06B082,Frozen,F06,"Frozen Rack 06, Level: B, Position # 082 -  Back"
F06B083,Frozen,F06,"Frozen Rack 06, Level: B, Position # 083 -  Front"
F06B084,Frozen,F06,"Frozen Rack 06, Level: B, Position # 084 -  Back"
F06B085,Frozen,F06,"Frozen Rack 06, Level: B, Position # 085 -  Front"
F06B086,Frozen,F06,"Frozen Rack 06, Level: B, Position # 086 -  Back"
F06B087,Frozen,F06,"Frozen Rack 06, Level: B, Position # 087 -  Front"
F06B088,Frozen,F06,"Frozen Rack 06, Level: B, Position # 088 -  Back"
F06B089,Frozen,F06,"Frozen Rack 06, Level: B, Position # 089 -  Front"
F06B090,Frozen,F06,"Frozen Rack 06, Level: B, Position # 090 -  Back"
F06B091,Frozen,F06,"Frozen Rack 06, Level: B, Position # 091 -  Front"
F06B092,Frozen,F06,"Frozen Rack 06, Level: B, Position # 092 -  Back"
F06B093,Frozen,F06,"Frozen Rack 06, Level: B, Position # 093 -  Front"
F06B094,Frozen,F06,"Frozen Rack 06, Level: B, Position # 094 -  Back"
F06B095,Frozen,F06,"Frozen Rack 06, Level: B, Position # 095 -  Front"
F06B096,Frozen,F06,"Frozen Rack 06, Level: B, Position # 096 -  Back"
F06B103,Frozen,F06,"Frozen Rack 06, Level: B, Position # 103 -  Front"
F06B104,Frozen,F06,"Frozen Rack 06, Level: B, Position # 104 -  Back"
F06B105,Frozen,F06,"Frozen Rack 06, Level: B, Position # 105 -  Front"
F06B106,Frozen,F06,"Frozen Rack 06, Level: B, Position # 106 -  Back"
F06B107,Frozen,F06,"Frozen Rack 06, Level: B, Position # 107 -  Front"
F06B108,Frozen,F06,"Frozen Rack 06, Level: B, Position # 108 -  Back"
F06B109,Frozen,F06,"Frozen Rack 06, Level: B, Position # 109 -  Front"
F06B110,Frozen,F06,"Frozen Rack 06, Level: B, Position # 110 -  Back"
F06B111,Frozen,F06,"Frozen Rack 06, Level: B, Position # 111 -  Front"
F06B112,Frozen,F06,"Frozen Rack 06, Level: B, Position # 112 -  Back"
F06C001,Frozen,F06,"Frozen Rack 06, Level: C, Position # 001 -  Front"
F06C002,Frozen,F06,"Frozen Rack 06, Level: C, Position # 002 -  Back"
F06C003,Frozen,F06,"Frozen Rack 06, Level: C, Position # 003 -  Front"
F06C004,Frozen,F06,"Frozen Rack 06, Level: C, Position # 004 -  Back"
F06C005,Frozen,F06,"Frozen Rack 06, Level: C, Position # 005 -  Front"
F06C006,Frozen,F06,"Frozen Rack 06, Level: C, Position # 006 -  Back"
F06C007,Frozen,F06,"Frozen Rack 06, Level: C, Position # 007 -  Front"
F06C008,Frozen,F06,"Frozen Rack 06, Level: C, Position # 008 -  Back"
F06C009,Frozen,F06,"Frozen Rack 06, Level: C, Position # 009 -  Front"
F06C010,Frozen,F06,"Frozen Rack 06, Level: C, Position # 010 -  Back"
F06C011,Frozen,F06,"Frozen Rack 06, Level: C, Position # 011 -  Front"
F06C012,Frozen,F06,"Frozen Rack 06, Level: C, Position # 012 -  Back"
F06C019,Frozen,F06,"Frozen Rack 06, Level: C, Position # 019 -  Front"
F06C020,Frozen,F06,"Frozen Rack 06, Level: C, Position # 020 -  Back"
F06C021,Frozen,F06,"Frozen Rack 06, Level: C, Position # 021 -  Front"
F06C022,Frozen,F06,"Frozen Rack 06, Level: C, Position # 022 -  Back"
F06C023,Frozen,F06,"Frozen Rack 06, Level: C, Position # 023 -  Front"
F06C024,Frozen,F06,"Frozen Rack 06, Level: C, Position # 024 -  Back"
F06C025,Frozen,F06,"Frozen Rack 06, Level: C, Position # 025 -  Front"
F06C026,Frozen,F06,"Frozen Rack 06, Level: C, Position # 026 -  Back"
F06C027,Frozen,F06,"Frozen Rack 06, Level: C, Position # 027 -  Front"
F06C028,Frozen,F06,"Frozen Rack 06, Level: C, Position # 028 -  Back"
F06C029,Frozen,F06,"Frozen Rack 06, Level: C, Position # 029 -  Front"
F06C030,Frozen,F06,"Frozen Rack 06, Level: C, Position # 030 -  Back"
F06C031,Frozen,F06,"Frozen Rack 06, Level: C, Position # 031 -  Front"
F06C032,Frozen,F06,"Frozen Rack 06, Level: C, Position # 032 -  Back"
F06C033,Frozen,F06,"Frozen Rack 06, Level: C, Position # 033 -  Front"
F06C034,Frozen,F06,"Frozen Rack 06, Level: C, Position # 034 -  Back"
F06C035,Frozen,F06,"Frozen Rack 06, Level: C, Position # 035 -  Front"
F06C036,Frozen,F06,"Frozen Rack 06, Level: C, Position # 036 -  Back"
F06C037,Frozen,F06,"Frozen Rack 06, Level: C, Position # 037 -  Front"
F06C038,Frozen,F06,"Frozen Rack 06, Level: C, Position # 038 -  Back"
F06C039,Frozen,F06,"Frozen Rack 06, Level: C, Position # 039 -  Front"
F06C040,Frozen,F06,"Frozen Rack 06, Level: C, Position # 040 -  Back"
F06C041,Frozen,F06,"Frozen Rack 06, Level: C, Position # 041 -  Front"
F06C042,Frozen,F06,"Frozen Rack 06, Level: C, Position # 042 -  Back"
F06C043,Frozen,F06,"Frozen Rack 06, Level: C, Position # 043 -  Front"
F06C044,Frozen,F06,"Frozen Rack 06, Level: C, Position # 044 -  Back"
F06C045,Frozen,F06,"Frozen Rack 06, Level: C, Position # 045 -  Front"
F06C046,Frozen,F06,"Frozen Rack 06, Level: C, Position # 046 -  Back"
F06C047,Frozen,F06,"Frozen Rack 06, Level: C, Position # 047 -  Front"
F06C048,Frozen,F06,"Frozen Rack 06, Level: C, Position # 048 -  Back"
F06C049,Frozen,F06,"Frozen Rack 06, Level: C, Position # 049 -  Front"
F06C050,Frozen,F06,"Frozen Rack 06, Level: C, Position # 050 -  Back"
F06C051,Frozen,F06,"Frozen Rack 06, Level: C, Position # 051 -  Front"
F06C052,Frozen,F06,"Frozen Rack 06, Level: C, Position # 052 -  Back"
F06C053,Frozen,F06,"Frozen Rack 06, Level: C, Position # 053 -  Front"
F06C054,Frozen,F06,"Frozen Rack 06, Level: C, Position # 054 -  Back"
F06C061,Frozen,F06,"Frozen Rack 06, Level: C, Position # 061 -  Front"
F06C062,Frozen,F06,"Frozen Rack 06, Level: C, Position # 062 -  Back"
F06C063,Frozen,F06,"Frozen Rack 06, Level: C, Position # 063 -  Front"
F06C064,Frozen,F06,"Frozen Rack 06, Level: C, Position # 064 -  Back"
F06C065,Frozen,F06,"Frozen Rack 06, Level: C, Position # 065 -  Front"
F06C066,Frozen,F06,"Frozen Rack 06, Level: C, Position # 066 -  Back"
F06C067,Frozen,F06,"Frozen Rack 06, Level: C, Position # 067 -  Front"
F06C068,Frozen,F06,"Frozen Rack 06, Level: C, Position # 068 -  Back"
F06C069,Frozen,F06,"Frozen Rack 06, Level: C, Position # 069 -  Front"
F06C070,Frozen,F06,"Frozen Rack 06, Level: C, Position # 070 -  Back"
F06C071,Frozen,F06,"Frozen Rack 06, Level: C, Position # 071 -  Front"
F06C072,Frozen,F06,"Frozen Rack 06, Level: C, Position # 072 -  Back"
F06C073,Frozen,F06,"Frozen Rack 06, Level: C, Position # 073 -  Front"
F06C074,Frozen,F06,"Frozen Rack 06, Level: C, Position # 074 -  Back"
F06C075,Frozen,F06,"Frozen Rack 06, Level: C, Position # 075 -  Front"
F06C076,Frozen,F06,"Frozen Rack 06, Level: C, Position # 076 -  Back"
F06C077,Frozen,F06,"Frozen Rack 06, Level: C, Position # 077 -  Front"
F06C078,Frozen,F06,"Frozen Rack 06, Level: C, Position # 078 -  Back"
F06C079,Frozen,F06,"Frozen Rack 06, Level: C, Position # 079 -  Front"
F06C080,Frozen,F06,"Frozen Rack 06, Level: C, Position # 080 -  Back"
F06C081,Frozen,F06,"Frozen Rack 06, Level: C, Position # 081 -  Front"
F06C082,Frozen,F06,"Frozen Rack 06, Level: C, Position # 082 -  Back"
F06C083,Frozen,F06,"Frozen Rack 06, Level: C, Position # 083 -  Front"
F06C084,Frozen,F06,"Frozen Rack 06, Level: C, Position # 084 -  Back"
F06C085,Frozen,F06,"Frozen Rack 06, Level: C, Position # 085 -  Front"
F06C086,Frozen,F06,"Frozen Rack 06, Level: C, Position # 086 -  Back"
F06C087,Frozen,F06,"Frozen Rack 06, Level: C, Position # 087 -  Front"
F06C088,Frozen,F06,"Frozen Rack 06, Level: C, Position # 088 -  Back"
F06C089,Frozen,F06,"Frozen Rack 06, Level: C, Position # 089 -  Front"
F06C090,Frozen,F06,"Frozen Rack 06, Level: C, Position # 090 -  Back"
F06C091,Frozen,F06,"Frozen Rack 06, Level: C, Position # 091 -  Front"
F06C092,Frozen,F06,"Frozen Rack 06, Level: C, Position # 092 -  Back"
F06C093,Frozen,F06,"Frozen Rack 06, Level: C, Position # 093 -  Front"
F06C094,Frozen,F06,"Frozen Rack 06, Level: C, Position # 094 -  Back"
F06C095,Frozen,F06,"Frozen Rack 06, Level: C, Position # 095 -  Front"
F06C096,Frozen,F06,"Frozen Rack 06, Level: C, Position # 096 -  Back"
F06C103,Frozen,F06,"Frozen Rack 06, Level: C, Position # 103 -  Front"
F06C104,Frozen,F06,"Frozen Rack 06, Level: C, Position # 104 -  Back"
F06C105,Frozen,F06,"Frozen Rack 06, Level: C, Position # 105 -  Front"
F06C106,Frozen,F06,"Frozen Rack 06, Level: C, Position # 106 -  Back"
F06C107,Frozen,F06,"Frozen Rack 06, Level: C, Position # 107 -  Front"
F06C108,Frozen,F06,"Frozen Rack 06, Level: C, Position # 108 -  Back"
F06C109,Frozen,F06,"Frozen Rack 06, Level: C, Position # 109 -  Front"
F06C110,Frozen,F06,"Frozen Rack 06, Level: C, Position # 110 -  Back"
F06C111,Frozen,F06,"Frozen Rack 06, Level: C, Position # 111 -  Front"
F06C112,Frozen,F06,"Frozen Rack 06, Level: C, Position # 112 -  Back"
F06D001,Frozen,F06,"Frozen Rack 06, Level: D, Position # 001 -  Front"
F06D002,Frozen,F06,"Frozen Rack 06, Level: D, Position # 002 -  Back"
F06D003,Frozen,F06,"Frozen Rack 06, Level: D, Position # 003 -  Front"
F06D004,Frozen,F06,"Frozen Rack 06, Level: D, Position # 004 -  Back"
F06D005,Frozen,F06,"Frozen Rack 06, Level: D, Position # 005 -  Front"
F06D006,Frozen,F06,"Frozen Rack 06, Level: D, Position # 006 -  Back"
F06D007,Frozen,F06,"Frozen Rack 06, Level: D, Position # 007 -  Front"
F06D008,Frozen,F06,"Frozen Rack 06, Level: D, Position # 008 -  Back"
F06D009,Frozen,F06,"Frozen Rack 06, Level: D, Position # 009 -  Front"
F06D010,Frozen,F06,"Frozen Rack 06, Level: D, Position # 010 -  Back"
F06D011,Frozen,F06,"Frozen Rack 06, Level: D, Position # 011 -  Front"
F06D012,Frozen,F06,"Frozen Rack 06, Level: D, Position # 012 -  Back"
F06D013,Frozen,F06,"Frozen Rack 06, Level: D, Position # 013 -  Front"
F06D014,Frozen,F06,"Frozen Rack 06, Level: D, Position # 014 -  Back"
F06D015,Frozen,F06,"Frozen Rack 06, Level: D, Position # 015 -  Front"
F06D016,Frozen,F06,"Frozen Rack 06, Level: D, Position # 016 -  Back"
F06D017,Frozen,F06,"Frozen Rack 06, Level: D, Position # 017 -  Front"
F06D018,Frozen,F06,"Frozen Rack 06, Level: D, Position # 018 -  Back"
F06D019,Frozen,F06,"Frozen Rack 06, Level: D, Position # 019 -  Front"
F06D020,Frozen,F06,"Frozen Rack 06, Level: D, Position # 020 -  Back"
F06D021,Frozen,F06,"Frozen Rack 06, Level: D, Position # 021 -  Front"
F06D022,Frozen,F06,"Frozen Rack 06, Level: D, Position # 022 -  Back"
F06D023,Frozen,F06,"Frozen Rack 06, Level: D, Position # 023 -  Front"
F06D024,Frozen,F06,"Frozen Rack 06, Level: D, Position # 024 -  Back"
F06D025,Frozen,F06,"Frozen Rack 06, Level: D, Position # 025 -  Front"
F06D026,Frozen,F06,"Frozen Rack 06, Level: D, Position # 026 -  Back"
F06D027,Frozen,F06,"Frozen Rack 06, Level: D, Position # 027 -  Front"
F06D028,Frozen,F06,"Frozen Rack 06, Level: D, Position # 028 -  Back"
F06D029,Frozen,F06,"Frozen Rack 06, Level: D, Position # 029 -  Front"
F06D030,Frozen,F06,"Frozen Rack 06, Level: D, Position # 030 -  Back"
F06D031,Frozen,F06,"Frozen Rack 06, Level: D, Position # 031 -  Front"
F06D032,Frozen,F06,"Frozen Rack 06, Level: D, Position # 032 -  Back"
F06D033,Frozen,F06,"Frozen Rack 06, Level: D, Position # 033 -  Front"
F06D034,Frozen,F06,"Frozen Rack 06, Level: D, Position # 034 -  Back"
F06D035,Frozen,F06,"Frozen Rack 06, Level: D, Position # 035 -  Front"
F06D036,Frozen,F06,"Frozen Rack 06, Level: D, Position # 036 -  Back"
F06D037,Frozen,F06,"Frozen Rack 06, Level: D, Position # 037 -  Front"
F06D038,Frozen,F06,"Frozen Rack 06, Level: D, Position # 038 -  Back"
F06D039,Frozen,F06,"Frozen Rack 06, Level: D, Position # 039 -  Front"
F06D040,Frozen,F06,"Frozen Rack 06, Level: D, Position # 040 -  Back"
F06D041,Frozen,F06,"Frozen Rack 06, Level: D, Position # 041 -  Front"
F06D042,Frozen,F06,"Frozen Rack 06, Level: D, Position # 042 -  Back"
F06D043,Frozen,F06,"Frozen Rack 06, Level: D, Position # 043 -  Front"
F06D044,Frozen,F06,"Frozen Rack 06, Level: D, Position # 044 -  Back"
F06D045,Frozen,F06,"Frozen Rack 06, Level: D, Position # 045 -  Front"
F06D046,Frozen,F06,"Frozen Rack 06, Level: D, Position # 046 -  Back"
F06D047,Frozen,F06,"Frozen Rack 06, Level: D, Position # 047 -  Front"
F06D048,Frozen,F06,"Frozen Rack 06, Level: D, Position # 048 -  Back"
F06D049,Frozen,F06,"Frozen Rack 06, Level: D, Position # 049 -  Front"
F06D050,Frozen,F06,"Frozen Rack 06, Level: D, Position # 050 -  Back"
F06D051,Frozen,F06,"Frozen Rack 06, Level: D, Position # 051 -  Front"
F06D052,Frozen,F06,"Frozen Rack 06, Level: D, Position # 052 -  Back"
F06D053,Frozen,F06,"Frozen Rack 06, Level: D, Position # 053 -  Front"
F06D054,Frozen,F06,"Frozen Rack 06, Level: D, Position # 054 -  Back"
F06D055,Frozen,F06,"Frozen Rack 06, Level: D, Position # 055 -  Front"
F06D056,Frozen,F06,"Frozen Rack 06, Level: D, Position # 056 -  Back"
F06D057,Frozen,F06,"Frozen Rack 06, Level: D, Position # 057 -  Front"
F06D058,Frozen,F06,"Frozen Rack 06, Level: D, Position # 058 -  Back"
F06D059,Frozen,F06,"Frozen Rack 06, Level: D, Position # 059 -  Front"
F06D060,Frozen,F06,"Frozen Rack 06, Level: D, Position # 060 -  Back"
F06D061,Frozen,F06,"Frozen Rack 06, Level: D, Position # 061 -  Front"
F06D062,Frozen,F06,"Frozen Rack 06, Level: D, Position # 062 -  Back"
F06D063,Frozen,F06,"Frozen Rack 06, Level: D, Position # 063 -  Front"
F06D064,Frozen,F06,"Frozen Rack 06, Level: D, Position # 064 -  Back"
F06D065,Frozen,F06,"Frozen Rack 06, Level: D, Position # 065 -  Front"
F06D066,Frozen,F06,"Frozen Rack 06, Level: D, Position # 066 -  Back"
F06D067,Frozen,F06,"Frozen Rack 06, Level: D, Position # 067 -  Front"
F06D068,Frozen,F06,"Frozen Rack 06, Level: D, Position # 068 -  Back"
F06D069,Frozen,F06,"Frozen Rack 06, Level: D, Position # 069 -  Front"
F06D070,Frozen,F06,"Frozen Rack 06, Level: D, Position # 070 -  Back"
F06D071,Frozen,F06,"Frozen Rack 06, Level: D, Position # 071 -  Front"
F06D072,Frozen,F06,"Frozen Rack 06, Level: D, Position # 072 -  Back"
F06D073,Frozen,F06,"Frozen Rack 06, Level: D, Position # 073 -  Front"
F06D074,Frozen,F06,"Frozen Rack 06, Level: D, Position # 074 -  Back"
F06D075,Frozen,F06,"Frozen Rack 06, Level: D, Position # 075 -  Front"
F06D076,Frozen,F06,"Frozen Rack 06, Level: D, Position # 076 -  Back"
F06D077,Frozen,F06,"Frozen Rack 06, Level: D, Position # 077 -  Front"
F06D078,Frozen,F06,"Frozen Rack 06, Level: D, Position # 078 -  Back"
F06D079,Frozen,F06,"Frozen Rack 06, Level: D, Position # 079 -  Front"
F06D080,Frozen,F06,"Frozen Rack 06, Level: D, Position # 080 -  Back"
F06D081,Frozen,F06,"Frozen Rack 06, Level: D, Position # 081 -  Front"
F06D082,Frozen,F06,"Frozen Rack 06, Level: D, Position # 082 -  Back"
F06D083,Frozen,F06,"Frozen Rack 06, Level: D, Position # 083 -  Front"
F06D084,Frozen,F06,"Frozen Rack 06, Level: D, Position # 084 -  Back"
F06D085,Frozen,F06,"Frozen Rack 06, Level: D, Position # 085 -  Front"
F06D086,Frozen,F06,"Frozen Rack 06, Level: D, Position # 086 -  Back"
F06D087,Frozen,F06,"Frozen Rack 06, Level: D, Position # 087 -  Front"
F06D088,Frozen,F06,"Frozen Rack 06, Level: D, Position # 088 -  Back"
F06D089,Frozen,F06,"Frozen Rack 06, Level: D, Position # 089 -  Front"
F06D090,Frozen,F06,"Frozen Rack 06, Level: D, Position # 090 -  Back"
F06D091,Frozen,F06,"Frozen Rack 06, Level: D, Position # 091 -  Front"
F06D092,Frozen,F06,"Frozen Rack 06, Level: D, Position # 092 -  Back"
F06D093,Frozen,F06,"Frozen Rack 06, Level: D, Position # 093 -  Front"
F06D094,Frozen,F06,"Frozen Rack 06, Level: D, Position # 094 -  Back"
F06D095,Frozen,F06,"Frozen Rack 06, Level: D, Position # 095 -  Front"
F06D096,Frozen,F06,"Frozen Rack 06, Level: D, Position # 096 -  Back"
F06D097,Frozen,F06,"Frozen Rack 06, Level: D, Position # 097 -  Front"
F06D098,Frozen,F06,"Frozen Rack 06, Level: D, Position # 098 -  Back"
F06D099,Frozen,F06,"Frozen Rack 06, Level: D, Position # 099 -  Front"
F06D100,Frozen,F06,"Frozen Rack 06, Level: D, Position # 100 -  Back"
F06D101,Frozen,F06,"Frozen Rack 06, Level: D, Position # 101 -  Front"
F06D102,Frozen,F06,"Frozen Rack 06, Level: D, Position # 102 -  Back"
F06D103,Frozen,F06,"Frozen Rack 06, Level: D, Position # 103 -  Front"
F06D104,Frozen,F06,"Frozen Rack 06, Level: D, Position # 104 -  Back"
F06D105,Frozen,F06,"Frozen Rack 06, Level: D, Position # 105 -  Front"
F06D106,Frozen,F06,"Frozen Rack 06, Level: D, Position # 106 -  Back"
F06D107,Frozen,F06,"Frozen Rack 06, Level: D, Position # 107 -  Front"
F06D108,Frozen,F06,"Frozen Rack 06, Level: D, Position # 108 -  Back"
F06D109,Frozen,F06,"Frozen Rack 06, Level: D, Position # 109 -  Front"
F06D110,Frozen,F06,"Frozen Rack 06, Level: D, Position # 110 -  Back"
F06D111,Frozen,F06,"Frozen Rack 06, Level: D, Position # 111 -  Front"
F06D112,Frozen,F06,"Frozen Rack 06, Level: D, Position # 112 -  Back"
F06E001,Frozen,F06,"Frozen Rack 06, Level: E, Position # 001 -  Front"
F06E002,Frozen,F06,"Frozen Rack 06, Level: E, Position # 002 -  Back"
F06E003,Frozen,F06,"Frozen Rack 06, Level: E, Position # 003 -  Front"
F06E004,Frozen,F06,"Frozen Rack 06, Level: E, Position # 004 -  Back"
F06E005,Frozen,F06,"Frozen Rack 06, Level: E, Position # 005 -  Front"
F06E006,Frozen,F06,"Frozen Rack 06, Level: E, Position # 006 -  Back"
F06E007,Frozen,F06,"Frozen Rack 06, Level: E, Position # 007 -  Front"
F06E008,Frozen,F06,"Frozen Rack 06, Level: E, Position # 008 -  Back"
F06E009,Frozen,F06,"Frozen Rack 06, Level: E, Position # 009 -  Front"
F06E010,Frozen,F06,"Frozen Rack 06, Level: E, Position # 010 -  Back"
F06E011,Frozen,F06,"Frozen Rack 06, Level: E, Position # 011 -  Front"
F06E012,Frozen,F06,"Frozen Rack 06, Level: E, Position # 012 -  Back"
F06E013,Frozen,F06,"Frozen Rack 06, Level: E, Position # 013 -  Front"
F06E014,Frozen,F06,"Frozen Rack 06, Level: E, Position # 014 -  Back"
F06E015,Frozen,F06,"Frozen Rack 06, Level: E, Position # 015 -  Front"
F06E016,Frozen,F06,"Frozen Rack 06, Level: E, Position # 016 -  Back"
F06E017,Frozen,F06,"Frozen Rack 06, Level: E, Position # 017 -  Front"
F06E018,Frozen,F06,"Frozen Rack 06, Level: E, Position # 018 -  Back"
F06E019,Frozen,F06,"Frozen Rack 06, Level: E, Position # 019 -  Front"
F06E020,Frozen,F06,"Frozen Rack 06, Level: E, Position # 020 -  Back"
F06E021,Frozen,F06,"Frozen Rack 06, Level: E, Position # 021 -  Front"
F06E022,Frozen,F06,"Frozen Rack 06, Level: E, Position # 022 -  Back"
F06E023,Frozen,F06,"Frozen Rack 06, Level: E, Position # 023 -  Front"
F06E024,Frozen,F06,"Frozen Rack 06, Level: E, Position # 024 -  Back"
F06E025,Frozen,F06,"Frozen Rack 06, Level: E, Position # 025 -  Front"
F06E026,Frozen,F06,"Frozen Rack 06, Level: E, Position # 026 -  Back"
F06E027,Frozen,F06,"Frozen Rack 06, Level: E, Position # 027 -  Front"
F06E028,Frozen,F06,"Frozen Rack 06, Level: E, Position # 028 -  Back"
F06E029,Frozen,F06,"Frozen Rack 06, Level: E, Position # 029 -  Front"
F06E030,Frozen,F06,"Frozen Rack 06, Level: E, Position # 030 -  Back"
F06E031,Frozen,F06,"Frozen Rack 06, Level: E, Position # 031 -  Front"
F06E032,Frozen,F06,"Frozen Rack 06, Level: E, Position # 032 -  Back"
F06E033,Frozen,F06,"Frozen Rack 06, Level: E, Position # 033 -  Front"
F06E034,Frozen,F06,"Frozen Rack 06, Level: E, Position # 034 -  Back"
F06E035,Frozen,F06,"Frozen Rack 06, Level: E, Position # 035 -  Front"
F06E036,Frozen,F06,"Frozen Rack 06, Level: E, Position # 036 -  Back"
F06E037,Frozen,F06,"Frozen Rack 06, Level: E, Position # 037 -  Front"
F06E038,Frozen,F06,"Frozen Rack 06, Level: E, Position # 038 -  Back"
F06E039,Frozen,F06,"Frozen Rack 06, Level: E, Position # 039 -  Front"
F06E040,Frozen,F06,"Frozen Rack 06, Level: E, Position # 040 -  Back"
F06E041,Frozen,F06,"Frozen Rack 06, Level: E, Position # 041 -  Front"
F06E042,Frozen,F06,"Frozen Rack 06, Level: E, Position # 042 -  Back"
F06E043,Frozen,F06,"Frozen Rack 06, Level: E, Position # 043 -  Front"
F06E044,Frozen,F06,"Frozen Rack 06, Level: E, Position # 044 -  Back"
F06E045,Frozen,F06,"Frozen Rack 06, Level: E, Position # 045 -  Front"
F06E046,Frozen,F06,"Frozen Rack 06, Level: E, Position # 046 -  Back"
F06E047,Frozen,F06,"Frozen Rack 06, Level: E, Position # 047 -  Front"
F06E048,Frozen,F06,"Frozen Rack 06, Level: E, Position # 048 -  Back"
F06E049,Frozen,F06,"Frozen Rack 06, Level: E, Position # 049 -  Front"
F06E050,Frozen,F06,"Frozen Rack 06, Level: E, Position # 050 -  Back"
F06E051,Frozen,F06,"Frozen Rack 06, Level: E, Position # 051 -  Front"
F06E052,Frozen,F06,"Frozen Rack 06, Level: E, Position # 052 -  Back"
F06E053,Frozen,F06,"Frozen Rack 06, Level: E, Position # 053 -  Front"
F06E054,Frozen,F06,"Frozen Rack 06, Level: E, Position # 054 -  Back"
F06E055,Frozen,F06,"Frozen Rack 06, Level: E, Position # 055 -  Front"
F06E056,Frozen,F06,"Frozen Rack 06, Level: E, Position # 056 -  Back"
F06E057,Frozen,F06,"Frozen Rack 06, Level: E, Position # 057 -  Front"
F06E058,Frozen,F06,"Frozen Rack 06, Level: E, Position # 058 -  Back"
F06E059,Frozen,F06,"Frozen Rack 06, Level: E, Position # 059 -  Front"
F06E060,Frozen,F06,"Frozen Rack 06, Level: E, Position # 060 -  Back"
F06E061,Frozen,F06,"Frozen Rack 06, Level: E, Position # 061 -  Front"
F06E062,Frozen,F06,"Frozen Rack 06, Level: E, Position # 062 -  Back"
F06E063,Frozen,F06,"Frozen Rack 06, Level: E, Position # 063 -  Front"
F06E064,Frozen,F06,"Frozen Rack 06, Level: E, Position # 064 -  Back"
F06E065,Frozen,F06,"Frozen Rack 06, Level: E, Position # 065 -  Front"
F06E066,Frozen,F06,"Frozen Rack 06, Level: E, Position # 066 -  Back"
F06E067,Frozen,F06,"Frozen Rack 06, Level: E, Position # 067 -  Front"
F06E068,Frozen,F06,"Frozen Rack 06, Level: E, Position # 068 -  Back"
F06E069,Frozen,F06,"Frozen Rack 06, Level: E, Position # 069 -  Front"
F06E070,Frozen,F06,"Frozen Rack 06, Level: E, Position # 070 -  Back"
F06E071,Frozen,F06,"Frozen Rack 06, Level: E, Position # 071 -  Front"
F06E072,Frozen,F06,"Frozen Rack 06, Level: E, Position # 072 -  Back"
F06E073,Frozen,F06,"Frozen Rack 06, Level: E, Position # 073 -  Front"
F06E074,Frozen,F06,"Frozen Rack 06, Level: E, Position # 074 -  Back"
F06E075,Frozen,F06,"Frozen Rack 06, Level: E, Position # 075 -  Front"
F06E076,Frozen,F06,"Frozen Rack 06, Level: E, Position # 076 -  Back"
F06E077,Frozen,F06,"Frozen Rack 06, Level: E, Position # 077 -  Front"
F06E078,Frozen,F06,"Frozen Rack 06, Level: E, Position # 078 -  Back"
F06E079,Frozen,F06,"Frozen Rack 06, Level: E, Position # 079 -  Front"
F06E080,Frozen,F06,"Frozen Rack 06, Level: E, Position # 080 -  Back"
F06E081,Frozen,F06,"Frozen Rack 06, Level: E, Position # 081 -  Front"
F06E082,Frozen,F06,"Frozen Rack 06, Level: E, Position # 082 -  Back"
F06E083,Frozen,F06,"Frozen Rack 06, Level: E, Position # 083 -  Front"
F06E084,Frozen,F06,"Frozen Rack 06, Level: E, Position # 084 -  Back"
F06E085,Frozen,F06,"Frozen Rack 06, Level: E, Position # 085 -  Front"
F06E086,Frozen,F06,"Frozen Rack 06, Level: E, Position # 086 -  Back"
F06E087,Frozen,F06,"Frozen Rack 06, Level: E, Position # 087 -  Front"
F06E088,Frozen,F06,"Frozen Rack 06, Level: E, Position # 088 -  Back"
F06E089,Frozen,F06,"Frozen Rack 06, Level: E, Position # 089 -  Front"
F06E090,Frozen,F06,"Frozen Rack 06, Level: E, Position # 090 -  Back"
F06E091,Frozen,F06,"Frozen Rack 06, Level: E, Position # 091 -  Front"
F06E092,Frozen,F06,"Frozen Rack 06, Level: E, Position # 092 -  Back"
F06E093,Frozen,F06,"Frozen Rack 06, Level: E, Position # 093 -  Front"
F06E094,Frozen,F06,"Frozen Rack 06, Level: E, Position # 094 -  Back"
F06E095,Frozen,F06,"Frozen Rack 06, Level: E, Position # 095 -  Front"
F06E096,Frozen,F06,"Frozen Rack 06, Level: E, Position # 096 -  Back"
F06E097,Frozen,F06,"Frozen Rack 06, Level: E, Position # 097 -  Front"
F06E098,Frozen,F06,"Frozen Rack 06, Level: E, Position # 098 -  Back"
F06E099,Frozen,F06,"Frozen Rack 06, Level: E, Position # 099 -  Front"
F06E100,Frozen,F06,"Frozen Rack 06, Level: E, Position # 100 -  Back"
F06E101,Frozen,F06,"Frozen Rack 06, Level: E, Position # 101 -  Front"
F06E102,Frozen,F06,"Frozen Rack 06, Level: E, Position # 102 -  Back"
F06E103,Frozen,F06,"Frozen Rack 06, Level: E, Position # 103 -  Front"
F06E104,Frozen,F06,"Frozen Rack 06, Level: E, Position # 104 -  Back"
F06E105,Frozen,F06,"Frozen Rack 06, Level: E, Position # 105 -  Front"
F06E106,Frozen,F06,"Frozen Rack 06, Level: E, Position # 106 -  Back"
F06E107,Frozen,F06,"Frozen Rack 06, Level: E, Position # 107 -  Front"
F06E108,Frozen,F06,"Frozen Rack 06, Level: E, Position # 108 -  Back"
F06E109,Frozen,F06,"Frozen Rack 06, Level: E, Position # 109 -  Front"
F06E110,Frozen,F06,"Frozen Rack 06, Level: E, Position # 110 -  Back"
F06E111,Frozen,F06,"Frozen Rack 06, Level: E, Position # 111 -  Front"
F06E112,Frozen,F06,"Frozen Rack 06, Level: E, Position # 112 -  Back"
F06F001,Frozen,F06,"Frozen Rack 06, Level: F, Position # 001 -  Front"
F06F002,Frozen,F06,"Frozen Rack 06, Level: F, Position # 002 -  Back"
F06F003,Frozen,F06,"Frozen Rack 06, Level: F, Position # 003 -  Front"
F06F004,Frozen,F06,"Frozen Rack 06, Level: F, Position # 004 -  Back"
F06F005,Frozen,F06,"Frozen Rack 06, Level: F, Position # 005 -  Front"
F06F006,Frozen,F06,"Frozen Rack 06, Level: F, Position # 006 -  Back"
F06F007,Frozen,F06,"Frozen Rack 06, Level: F, Position # 007 -  Front"
F06F008,Frozen,F06,"Frozen Rack 06, Level: F, Position # 008 -  Back"
F06F009,Frozen,F06,"Frozen Rack 06, Level: F, Position # 009 -  Front"
F06F010,Frozen,F06,"Frozen Rack 06, Level: F, Position # 010 -  Back"
F06F011,Frozen,F06,"Frozen Rack 06, Level: F, Position # 011 -  Front"
F06F012,Frozen,F06,"Frozen Rack 06, Level: F, Position # 012 -  Back"
F06F013,Frozen,F06,"Frozen Rack 06, Level: F, Position # 013 -  Front"
F06F014,Frozen,F06,"Frozen Rack 06, Level: F, Position # 014 -  Back"
F06F015,Frozen,F06,"Frozen Rack 06, Level: F, Position # 015 -  Front"
F06F016,Frozen,F06,"Frozen Rack 06, Level: F, Position # 016 -  Back"
F06F017,Frozen,F06,"Frozen Rack 06, Level: F, Position # 017 -  Front"
F06F018,Frozen,F06,"Frozen Rack 06, Level: F, Position # 018 -  Back"
F06F019,Frozen,F06,"Frozen Rack 06, Level: F, Position # 019 -  Front"
F06F020,Frozen,F06,"Frozen Rack 06, Level: F, Position # 020 -  Back"
F06F021,Frozen,F06,"Frozen Rack 06, Level: F, Position # 021 -  Front"
F06F022,Frozen,F06,"Frozen Rack 06, Level: F, Position # 022 -  Back"
F06F023,Frozen,F06,"Frozen Rack 06, Level: F, Position # 023 -  Front"
F06F024,Frozen,F06,"Frozen Rack 06, Level: F, Position # 024 -  Back"
F06F025,Frozen,F06,"Frozen Rack 06, Level: F, Position # 025 -  Front"
F06F026,Frozen,F06,"Frozen Rack 06, Level: F, Position # 026 -  Back"
F06F027,Frozen,F06,"Frozen Rack 06, Level: F, Position # 027 -  Front"
F06F028,Frozen,F06,"Frozen Rack 06, Level: F, Position # 028 -  Back"
F06F029,Frozen,F06,"Frozen Rack 06, Level: F, Position # 029 -  Front"
F06F030,Frozen,F06,"Frozen Rack 06, Level: F, Position # 030 -  Back"
F06F031,Frozen,F06,"Frozen Rack 06, Level: F, Position # 031 -  Front"
F06F032,Frozen,F06,"Frozen Rack 06, Level: F, Position # 032 -  Back"
F06F033,Frozen,F06,"Frozen Rack 06, Level: F, Position # 033 -  Front"
F06F034,Frozen,F06,"Frozen Rack 06, Level: F, Position # 034 -  Back"
F06F035,Frozen,F06,"Frozen Rack 06, Level: F, Position # 035 -  Front"
F06F036,Frozen,F06,"Frozen Rack 06, Level: F, Position # 036 -  Back"
F06F037,Frozen,F06,"Frozen Rack 06, Level: F, Position # 037 -  Front"
F06F038,Frozen,F06,"Frozen Rack 06, Level: F, Position # 038 -  Back"
F06F039,Frozen,F06,"Frozen Rack 06, Level: F, Position # 039 -  Front"
F06F040,Frozen,F06,"Frozen Rack 06, Level: F, Position # 040 -  Back"
F06F041,Frozen,F06,"Frozen Rack 06, Level: F, Position # 041 -  Front"
F06F042,Frozen,F06,"Frozen Rack 06, Level: F, Position # 042 -  Back"
F06F043,Frozen,F06,"Frozen Rack 06, Level: F, Position # 043 -  Front"
F06F044,Frozen,F06,"Frozen Rack 06, Level: F, Position # 044 -  Back"
F06F045,Frozen,F06,"Frozen Rack 06, Level: F, Position # 045 -  Front"
F06F046,Frozen,F06,"Frozen Rack 06, Level: F, Position # 046 -  Back"
F06F047,Frozen,F06,"Frozen Rack 06, Level: F, Position # 047 -  Front"
F06F048,Frozen,F06,"Frozen Rack 06, Level: F, Position # 048 -  Back"
F06F049,Frozen,F06,"Frozen Rack 06, Level: F, Position # 049 -  Front"
F06F050,Frozen,F06,"Frozen Rack 06, Level: F, Position # 050 -  Back"
F06F051,Frozen,F06,"Frozen Rack 06, Level: F, Position # 051 -  Front"
F06F052,Frozen,F06,"Frozen Rack 06, Level: F, Position # 052 -  Back"
F06F053,Frozen,F06,"Frozen Rack 06, Level: F, Position # 053 -  Front"
F06F054,Frozen,F06,"Frozen Rack 06, Level: F, Position # 054 -  Back"
F06F055,Frozen,F06,"Frozen Rack 06, Level: F, Position # 055 -  Front"
F06F056,Frozen,F06,"Frozen Rack 06, Level: F, Position # 056 -  Back"
F06F057,Frozen,F06,"Frozen Rack 06, Level: F, Position # 057 -  Front"
F06F058,Frozen,F06,"Frozen Rack 06, Level: F, Position # 058 -  Back"
F06F059,Frozen,F06,"Frozen Rack 06, Level: F, Position # 059 -  Front"
F06F060,Frozen,F06,"Frozen Rack 06, Level: F, Position # 060 -  Back"
F06F061,Frozen,F06,"Frozen Rack 06, Level: F, Position # 061 -  Front"
F06F062,Frozen,F06,"Frozen Rack 06, Level: F, Position # 062 -  Back"
F06F063,Frozen,F06,"Frozen Rack 06, Level: F, Position # 063 -  Front"
F06F064,Frozen,F06,"Frozen Rack 06, Level: F, Position # 064 -  Back"
F06F065,Frozen,F06,"Frozen Rack 06, Level: F, Position # 065 -  Front"
F06F066,Frozen,F06,"Frozen Rack 06, Level: F, Position # 066 -  Back"
F06F067,Frozen,F06,"Frozen Rack 06, Level: F, Position # 067 -  Front"
F06F068,Frozen,F06,"Frozen Rack 06, Level: F, Position # 068 -  Back"
F06F069,Frozen,F06,"Frozen Rack 06, Level: F, Position # 069 -  Front"
F06F070,Frozen,F06,"Frozen Rack 06, Level: F, Position # 070 -  Back"
F06F071,Frozen,F06,"Frozen Rack 06, Level: F, Position # 071 -  Front"
F06F072,Frozen,F06,"Frozen Rack 06, Level: F, Position # 072 -  Back"
F06F073,Frozen,F06,"Frozen Rack 06, Level: F, Position # 073 -  Front"
F06F074,Frozen,F06,"Frozen Rack 06, Level: F, Position # 074 -  Back"
F06F075,Frozen,F06,"Frozen Rack 06, Level: F, Position # 075 -  Front"
F06F076,Frozen,F06,"Frozen Rack 06, Level: F, Position # 076 -  Back"
F06F077,Frozen,F06,"Frozen Rack 06, Level: F, Position # 077 -  Front"
F06F078,Frozen,F06,"Frozen Rack 06, Level: F, Position # 078 -  Back"
F06F079,Frozen,F06,"Frozen Rack 06, Level: F, Position # 079 -  Front"
F06F080,Frozen,F06,"Frozen Rack 06, Level: F, Position # 080 -  Back"
F06F081,Frozen,F06,"Frozen Rack 06, Level: F, Position # 081 -  Front"
F06F082,Frozen,F06,"Frozen Rack 06, Level: F, Position # 082 -  Back"
F06F083,Frozen,F06,"Frozen Rack 06, Level: F, Position # 083 -  Front"
F06F084,Frozen,F06,"Frozen Rack 06, Level: F, Position # 084 -  Back"
F06F085,Frozen,F06,"Frozen Rack 06, Level: F, Position # 085 -  Front"
F06F086,Frozen,F06,"Frozen Rack 06, Level: F, Position # 086 -  Back"
F06F087,Frozen,F06,"Frozen Rack 06, Level: F, Position # 087 -  Front"
F06F088,Frozen,F06,"Frozen Rack 06, Level: F, Position # 088 -  Back"
F06F089,Frozen,F06,"Frozen Rack 06, Level: F, Position # 089 -  Front"
F06F090,Frozen,F06,"Frozen Rack 06, Level: F, Position # 090 -  Back"
F06F091,Frozen,F06,"Frozen Rack 06, Level: F, Position # 091 -  Front"
F06F092,Frozen,F06,"Frozen Rack 06, Level: F, Position # 092 -  Back"
F06F093,Frozen,F06,"Frozen Rack 06, Level: F, Position # 093 -  Front"
F06F094,Frozen,F06,"Frozen Rack 06, Level: F, Position # 094 -  Back"
F06F095,Frozen,F06,"Frozen Rack 06, Level: F, Position # 095 -  Front"
F06F096,Frozen,F06,"Frozen Rack 06, Level: F, Position # 096 -  Back"
F06F097,Frozen,F06,"Frozen Rack 06, Level: F, Position # 097 -  Front"
F06F098,Frozen,F06,"Frozen Rack 06, Level: F, Position # 098 -  Back"
F06F099,Frozen,F06,"Frozen Rack 06, Level: F, Position # 099 -  Front"
F06F100,Frozen,F06,"Frozen Rack 06, Level: F, Position # 100 -  Back"
F06F101,Frozen,F06,"Frozen Rack 06, Level: F, Position # 101 -  Front"
F06F102,Frozen,F06,"Frozen Rack 06, Level: F, Position # 102 -  Back"
F06F103,Frozen,F06,"Frozen Rack 06, Level: F, Position # 103 -  Front"
F06F104,Frozen,F06,"Frozen Rack 06, Level: F, Position # 104 -  Back"
F06F105,Frozen,F06,"Frozen Rack 06, Level: F, Position # 105 -  Front"
F06F106,Frozen,F06,"Frozen Rack 06, Level: F, Position # 106 -  Back"
F06F111,Frozen,F06,"Frozen Rack 06, Level: F, Position # 111 -  Front"
F06F112,Frozen,F06,"Frozen Rack 06, Level: F, Position # 112 -  Back"
F07A001,Frozen,F07,"Frozen Rack 07, Level: A, Position # 001 -  Front"
F07A002,Frozen,F07,"Frozen Rack 07, Level: A, Position # 002 -  Back"
F07A003,Frozen,F07,"Frozen Rack 07, Level: A, Position # 003 -  Front"
F07A004,Frozen,F07,"Frozen Rack 07, Level: A, Position # 004 -  Back"
F07A005,Frozen,F07,"Frozen Rack 07, Level: A, Position # 005 -  Front"
F07A006,Frozen,F07,"Frozen Rack 07, Level: A, Position # 006 -  Back"
F07A007,Frozen,F07,"Frozen Rack 07, Level: A, Position # 007 -  Front"
F07A008,Frozen,F07,"Frozen Rack 07, Level: A, Position # 008 -  Back"
F07A009,Frozen,F07,"Frozen Rack 07, Level: A, Position # 009 -  Front"
F07A010,Frozen,F07,"Frozen Rack 07, Level: A, Position # 010 -  Back"
F07A011,Frozen,F07,"Frozen Rack 07, Level: A, Position # 011 -  Front"
F07A012,Frozen,F07,"Frozen Rack 07, Level: A, Position # 012 -  Back"
F07A019,Frozen,F07,"Frozen Rack 07, Level: A, Position # 019 -  Front"
F07A020,Frozen,F07,"Frozen Rack 07, Level: A, Position # 020 -  Back"
F07A021,Frozen,F07,"Frozen Rack 07, Level: A, Position # 021 -  Front"
F07A022,Frozen,F07,"Frozen Rack 07, Level: A, Position # 022 -  Back"
F07A023,Frozen,F07,"Frozen Rack 07, Level: A, Position # 023 -  Front"
F07A024,Frozen,F07,"Frozen Rack 07, Level: A, Position # 024 -  Back"
F07A025,Frozen,F07,"Frozen Rack 07, Level: A, Position # 025 -  Front"
F07A026,Frozen,F07,"Frozen Rack 07, Level: A, Position # 026 -  Back"
F07A027,Frozen,F07,"Frozen Rack 07, Level: A, Position # 027 -  Front"
F07A028,Frozen,F07,"Frozen Rack 07, Level: A, Position # 028 -  Back"
F07A029,Frozen,F07,"Frozen Rack 07, Level: A, Position # 029 -  Front"
F07A030,Frozen,F07,"Frozen Rack 07, Level: A, Position # 030 -  Back"
F07A031,Frozen,F07,"Frozen Rack 07, Level: A, Position # 031 -  Front"
F07A032,Frozen,F07,"Frozen Rack 07, Level: A, Position # 032 -  Back"
F07A033,Frozen,F07,"Frozen Rack 07, Level: A, Position # 033 -  Front"
F07A034,Frozen,F07,"Frozen Rack 07, Level: A, Position # 034 -  Back"
F07A035,Frozen,F07,"Frozen Rack 07, Level: A, Position # 035 -  Front"
F07A036,Frozen,F07,"Frozen Rack 07, Level: A, Position # 036 -  Back"
F07A037,Frozen,F07,"Frozen Rack 07, Level: A, Position # 037 -  Front"
F07A038,Frozen,F07,"Frozen Rack 07, Level: A, Position # 038 -  Back"
F07A039,Frozen,F07,"Frozen Rack 07, Level: A, Position # 039 -  Front"
F07A040,Frozen,F07,"Frozen Rack 07, Level: A, Position # 040 -  Back"
F07A041,Frozen,F07,"Frozen Rack 07, Level: A, Position # 041 -  Front"
F07A042,Frozen,F07,"Frozen Rack 07, Level: A, Position # 042 -  Back"
F07A043,Frozen,F07,"Frozen Rack 07, Level: A, Position # 043 -  Front"
F07A044,Frozen,F07,"Frozen Rack 07, Level: A, Position # 044 -  Back"
F07A045,Frozen,F07,"Frozen Rack 07, Level: A, Position # 045 -  Front"
F07A046,Frozen,F07,"Frozen Rack 07, Level: A, Position # 046 -  Back"
F07A047,Frozen,F07,"Frozen Rack 07, Level: A, Position # 047 -  Front"
F07A048,Frozen,F07,"Frozen Rack 07, Level: A, Position # 048 -  Back"
F07A049,Frozen,F07,"Frozen Rack 07, Level: A, Position # 049 -  Front"
F07A050,Frozen,F07,"Frozen Rack 07, Level: A, Position # 050 -  Back"
F07A051,Frozen,F07,"Frozen Rack 07, Level: A, Position # 051 -  Front"
F07A052,Frozen,F07,"Frozen Rack 07, Level: A, Position # 052 -  Back"
F07A053,Frozen,F07,"Frozen Rack 07, Level: A, Position # 053 -  Front"
F07A054,Frozen,F07,"Frozen Rack 07, Level: A, Position # 054 -  Back"
F07A061,Frozen,F07,"Frozen Rack 07, Level: A, Position # 061 -  Front"
F07A062,Frozen,F07,"Frozen Rack 07, Level: A, Position # 062 -  Back"
F07A063,Frozen,F07,"Frozen Rack 07, Level: A, Position # 063 -  Front"
F07A064,Frozen,F07,"Frozen Rack 07, Level: A, Position # 064 -  Back"
F07A065,Frozen,F07,"Frozen Rack 07, Level: A, Position # 065 -  Front"
F07A066,Frozen,F07,"Frozen Rack 07, Level: A, Position # 066 -  Back"
F07A067,Frozen,F07,"Frozen Rack 07, Level: A, Position # 067 -  Front"
F07A068,Frozen,F07,"Frozen Rack 07, Level: A, Position # 068 -  Back"
F07A069,Frozen,F07,"Frozen Rack 07, Level: A, Position # 069 -  Front"
F07A070,Frozen,F07,"Frozen Rack 07, Level: A, Position # 070 -  Back"
F07A071,Frozen,F07,"Frozen Rack 07, Level: A, Position # 071 -  Front"
F07A072,Frozen,F07,"Frozen Rack 07, Level: A, Position # 072 -  Back"
F07A073,Frozen,F07,"Frozen Rack 07, Level: A, Position # 073 -  Front"
F07A074,Frozen,F07,"Frozen Rack 07, Level: A, Position # 074 -  Back"
F07A075,Frozen,F07,"Frozen Rack 07, Level: A, Position # 075 -  Front"
F07A076,Frozen,F07,"Frozen Rack 07, Level: A, Position # 076 -  Back"
F07A077,Frozen,F07,"Frozen Rack 07, Level: A, Position # 077 -  Front"
F07A078,Frozen,F07,"Frozen Rack 07, Level: A, Position # 078 -  Back"
F07A079,Frozen,F07,"Frozen Rack 07, Level: A, Position # 079 -  Front"
F07A080,Frozen,F07,"Frozen Rack 07, Level: A, Position # 080 -  Back"
F07A081,Frozen,F07,"Frozen Rack 07, Level: A, Position # 081 -  Front"
F07A082,Frozen,F07,"Frozen Rack 07, Level: A, Position # 082 -  Back"
F07A083,Frozen,F07,"Frozen Rack 07, Level: A, Position # 083 -  Front"
F07A084,Frozen,F07,"Frozen Rack 07, Level: A, Position # 084 -  Back"
F07A085,Frozen,F07,"Frozen Rack 07, Level: A, Position # 085 -  Front"
F07A086,Frozen,F07,"Frozen Rack 07, Level: A, Position # 086 -  Back"
F07A087,Frozen,F07,"Frozen Rack 07, Level: A, Position # 087 -  Front"
F07A088,Frozen,F07,"Frozen Rack 07, Level: A, Position # 088 -  Back"
F07A089,Frozen,F07,"Frozen Rack 07, Level: A, Position # 089 -  Front"
F07A090,Frozen,F07,"Frozen Rack 07, Level: A, Position # 090 -  Back"
F07A091,Frozen,F07,"Frozen Rack 07, Level: A, Position # 091 -  Front"
F07A092,Frozen,F07,"Frozen Rack 07, Level: A, Position # 092 -  Back"
F07A093,Frozen,F07,"Frozen Rack 07, Level: A, Position # 093 -  Front"
F07A094,Frozen,F07,"Frozen Rack 07, Level: A, Position # 094 -  Back"
F07A095,Frozen,F07,"Frozen Rack 07, Level: A, Position # 095 -  Front"
F07A096,Frozen,F07,"Frozen Rack 07, Level: A, Position # 096 -  Back"
F07A103,Frozen,F07,"Frozen Rack 07, Level: A, Position # 103 -  Front"
F07A104,Frozen,F07,"Frozen Rack 07, Level: A, Position # 104 -  Back"
F07A105,Frozen,F07,"Frozen Rack 07, Level: A, Position # 105 -  Front"
F07A106,Frozen,F07,"Frozen Rack 07, Level: A, Position # 106 -  Back"
F07A107,Frozen,F07,"Frozen Rack 07, Level: A, Position # 107 -  Front"
F07A108,Frozen,F07,"Frozen Rack 07, Level: A, Position # 108 -  Back"
F07A109,Frozen,F07,"Frozen Rack 07, Level: A, Position # 109 -  Front"
F07A110,Frozen,F07,"Frozen Rack 07, Level: A, Position # 110 -  Back"
F07A111,Frozen,F07,"Frozen Rack 07, Level: A, Position # 111 -  Front"
F07A112,Frozen,F07,"Frozen Rack 07, Level: A, Position # 112 -  Back"
F07B001,Frozen,F07,"Frozen Rack 07, Level: B, Position # 001 -  Front"
F07B002,Frozen,F07,"Frozen Rack 07, Level: B, Position # 002 -  Back"
F07B003,Frozen,F07,"Frozen Rack 07, Level: B, Position # 003 -  Front"
F07B004,Frozen,F07,"Frozen Rack 07, Level: B, Position # 004 -  Back"
F07B005,Frozen,F07,"Frozen Rack 07, Level: B, Position # 005 -  Front"
F07B006,Frozen,F07,"Frozen Rack 07, Level: B, Position # 006 -  Back"
F07B007,Frozen,F07,"Frozen Rack 07, Level: B, Position # 007 -  Front"
F07B008,Frozen,F07,"Frozen Rack 07, Level: B, Position # 008 -  Back"
F07B009,Frozen,F07,"Frozen Rack 07, Level: B, Position # 009 -  Front"
F07B010,Frozen,F07,"Frozen Rack 07, Level: B, Position # 010 -  Back"
F07B011,Frozen,F07,"Frozen Rack 07, Level: B, Position # 011 -  Front"
F07B012,Frozen,F07,"Frozen Rack 07, Level: B, Position # 012 -  Back"
F07B019,Frozen,F07,"Frozen Rack 07, Level: B, Position # 019 -  Front"
F07B020,Frozen,F07,"Frozen Rack 07, Level: B, Position # 020 -  Back"
F07B021,Frozen,F07,"Frozen Rack 07, Level: B, Position # 021 -  Front"
F07B022,Frozen,F07,"Frozen Rack 07, Level: B, Position # 022 -  Back"
F07B023,Frozen,F07,"Frozen Rack 07, Level: B, Position # 023 -  Front"
F07B024,Frozen,F07,"Frozen Rack 07, Level: B, Position # 024 -  Back"
F07B025,Frozen,F07,"Frozen Rack 07, Level: B, Position # 025 -  Front"
F07B026,Frozen,F07,"Frozen Rack 07, Level: B, Position # 026 -  Back"
F07B027,Frozen,F07,"Frozen Rack 07, Level: B, Position # 027 -  Front"
F07B028,Frozen,F07,"Frozen Rack 07, Level: B, Position # 028 -  Back"
F07B029,Frozen,F07,"Frozen Rack 07, Level: B, Position # 029 -  Front"
F07B030,Frozen,F07,"Frozen Rack 07, Level: B, Position # 030 -  Back"
F07B031,Frozen,F07,"Frozen Rack 07, Level: B, Position # 031 -  Front"
F07B032,Frozen,F07,"Frozen Rack 07, Level: B, Position # 032 -  Back"
F07B033,Frozen,F07,"Frozen Rack 07, Level: B, Position # 033 -  Front"
F07B034,Frozen,F07,"Frozen Rack 07, Level: B, Position # 034 -  Back"
F07B035,Frozen,F07,"Frozen Rack 07, Level: B, Position # 035 -  Front"
F07B036,Frozen,F07,"Frozen Rack 07, Level: B, Position # 036 -  Back"
F07B037,Frozen,F07,"Frozen Rack 07, Level: B, Position # 037 -  Front"
F07B038,Frozen,F07,"Frozen Rack 07, Level: B, Position # 038 -  Back"
F07B039,Frozen,F07,"Frozen Rack 07, Level: B, Position # 039 -  Front"
F07B040,Frozen,F07,"Frozen Rack 07, Level: B, Position # 040 -  Back"
F07B041,Frozen,F07,"Frozen Rack 07, Level: B, Position # 041 -  Front"
F07B042,Frozen,F07,"Frozen Rack 07, Level: B, Position # 042 -  Back"
F07B043,Frozen,F07,"Frozen Rack 07, Level: B, Position # 043 -  Front"
F07B044,Frozen,F07,"Frozen Rack 07, Level: B, Position # 044 -  Back"
F07B045,Frozen,F07,"Frozen Rack 07, Level: B, Position # 045 -  Front"
F07B046,Frozen,F07,"Frozen Rack 07, Level: B, Position # 046 -  Back"
F07B047,Frozen,F07,"Frozen Rack 07, Level: B, Position # 047 -  Front"
F07B048,Frozen,F07,"Frozen Rack 07, Level: B, Position # 048 -  Back"
F07B049,Frozen,F07,"Frozen Rack 07, Level: B, Position # 049 -  Front"
F07B050,Frozen,F07,"Frozen Rack 07, Level: B, Position # 050 -  Back"
F07B051,Frozen,F07,"Frozen Rack 07, Level: B, Position # 051 -  Front"
F07B052,Frozen,F07,"Frozen Rack 07, Level: B, Position # 052 -  Back"
F07B053,Frozen,F07,"Frozen Rack 07, Level: B, Position # 053 -  Front"
F07B054,Frozen,F07,"Frozen Rack 07, Level: B, Position # 054 -  Back"
F07B061,Frozen,F07,"Frozen Rack 07, Level: B, Position # 061 -  Front"
F07B062,Frozen,F07,"Frozen Rack 07, Level: B, Position # 062 -  Back"
F07B063,Frozen,F07,"Frozen Rack 07, Level: B, Position # 063 -  Front"
F07B064,Frozen,F07,"Frozen Rack 07, Level: B, Position # 064 -  Back"
F07B065,Frozen,F07,"Frozen Rack 07, Level: B, Position # 065 -  Front"
F07B066,Frozen,F07,"Frozen Rack 07, Level: B, Position # 066 -  Back"
F07B067,Frozen,F07,"Frozen Rack 07, Level: B, Position # 067 -  Front"
F07B068,Frozen,F07,"Frozen Rack 07, Level: B, Position # 068 -  Back"
F07B069,Frozen,F07,"Frozen Rack 07, Level: B, Position # 069 -  Front"
F07B070,Frozen,F07,"Frozen Rack 07, Level: B, Position # 070 -  Back"
F07B071,Frozen,F07,"Frozen Rack 07, Level: B, Position # 071 -  Front"
F07B072,Frozen,F07,"Frozen Rack 07, Level: B, Position # 072 -  Back"
F07B073,Frozen,F07,"Frozen Rack 07, Level: B, Position # 073 -  Front"
F07B074,Frozen,F07,"Frozen Rack 07, Level: B, Position # 074 -  Back"
F07B075,Frozen,F07,"Frozen Rack 07, Level: B, Position # 075 -  Front"
F07B076,Frozen,F07,"Frozen Rack 07, Level: B, Position # 076 -  Back"
F07B077,Frozen,F07,"Frozen Rack 07, Level: B, Position # 077 -  Front"
F07B078,Frozen,F07,"Frozen Rack 07, Level: B, Position # 078 -  Back"
F07B079,Frozen,F07,"Frozen Rack 07, Level: B, Position # 079 -  Front"
F07B080,Frozen,F07,"Frozen Rack 07, Level: B, Position # 080 -  Back"
F07B081,Frozen,F07,"Frozen Rack 07, Level: B, Position # 081 -  Front"
F07B082,Frozen,F07,"Frozen Rack 07, Level: B, Position # 082 -  Back"
F07B083,Frozen,F07,"Frozen Rack 07, Level: B, Position # 083 -  Front"
F07B084,Frozen,F07,"Frozen Rack 07, Level: B, Position # 084 -  Back"
F07B085,Frozen,F07,"Frozen Rack 07, Level: B, Position # 085 -  Front"
F07B086,Frozen,F07,"Frozen Rack 07, Level: B, Position # 086 -  Back"
F07B087,Frozen,F07,"Frozen Rack 07, Level: B, Position # 087 -  Front"
F07B088,Frozen,F07,"Frozen Rack 07, Level: B, Position # 088 -  Back"
F07B089,Frozen,F07,"Frozen Rack 07, Level: B, Position # 089 -  Front"
F07B090,Frozen,F07,"Frozen Rack 07, Level: B, Position # 090 -  Back"
F07B091,Frozen,F07,"Frozen Rack 07, Level: B, Position # 091 -  Front"
F07B092,Frozen,F07,"Frozen Rack 07, Level: B, Position # 092 -  Back"
F07B093,Frozen,F07,"Frozen Rack 07, Level: B, Position # 093 -  Front"
F07B094,Frozen,F07,"Frozen Rack 07, Level: B, Position # 094 -  Back"
F07B095,Frozen,F07,"Frozen Rack 07, Level: B, Position # 095 -  Front"
F07B096,Frozen,F07,"Frozen Rack 07, Level: B, Position # 096 -  Back"
F07B103,Frozen,F07,"Frozen Rack 07, Level: B, Position # 103 -  Front"
F07B104,Frozen,F07,"Frozen Rack 07, Level: B, Position # 104 -  Back"
F07B105,Frozen,F07,"Frozen Rack 07, Level: B, Position # 105 -  Front"
F07B106,Frozen,F07,"Frozen Rack 07, Level: B, Position # 106 -  Back"
F07B107,Frozen,F07,"Frozen Rack 07, Level: B, Position # 107 -  Front"
F07B108,Frozen,F07,"Frozen Rack 07, Level: B, Position # 108 -  Back"
F07B109,Frozen,F07,"Frozen Rack 07, Level: B, Position # 109 -  Front"
F07B110,Frozen,F07,"Frozen Rack 07, Level: B, Position # 110 -  Back"
F07B111,Frozen,F07,"Frozen Rack 07, Level: B, Position # 111 -  Front"
F07B112,Frozen,F07,"Frozen Rack 07, Level: B, Position # 112 -  Back"
F07C001,Frozen,F07,"Frozen Rack 07, Level: C, Position # 001 -  Front"
F07C002,Frozen,F07,"Frozen Rack 07, Level: C, Position # 002 -  Back"
F07C003,Frozen,F07,"Frozen Rack 07, Level: C, Position # 003 -  Front"
F07C004,Frozen,F07,"Frozen Rack 07, Level: C, Position # 004 -  Back"
F07C005,Frozen,F07,"Frozen Rack 07, Level: C, Position # 005 -  Front"
F07C006,Frozen,F07,"Frozen Rack 07, Level: C, Position # 006 -  Back"
F07C007,Frozen,F07,"Frozen Rack 07, Level: C, Position # 007 -  Front"
F07C008,Frozen,F07,"Frozen Rack 07, Level: C, Position # 008 -  Back"
F07C009,Frozen,F07,"Frozen Rack 07, Level: C, Position # 009 -  Front"
F07C010,Frozen,F07,"Frozen Rack 07, Level: C, Position # 010 -  Back"
F07C011,Frozen,F07,"Frozen Rack 07, Level: C, Position # 011 -  Front"
F07C012,Frozen,F07,"Frozen Rack 07, Level: C, Position # 012 -  Back"
F07C019,Frozen,F07,"Frozen Rack 07, Level: C, Position # 019 -  Front"
F07C020,Frozen,F07,"Frozen Rack 07, Level: C, Position # 020 -  Back"
F07C021,Frozen,F07,"Frozen Rack 07, Level: C, Position # 021 -  Front"
F07C022,Frozen,F07,"Frozen Rack 07, Level: C, Position # 022 -  Back"
F07C023,Frozen,F07,"Frozen Rack 07, Level: C, Position # 023 -  Front"
F07C024,Frozen,F07,"Frozen Rack 07, Level: C, Position # 024 -  Back"
F07C025,Frozen,F07,"Frozen Rack 07, Level: C, Position # 025 -  Front"
F07C026,Frozen,F07,"Frozen Rack 07, Level: C, Position # 026 -  Back"
F07C027,Frozen,F07,"Frozen Rack 07, Level: C, Position # 027 -  Front"
F07C028,Frozen,F07,"Frozen Rack 07, Level: C, Position # 028 -  Back"
F07C029,Frozen,F07,"Frozen Rack 07, Level: C, Position # 029 -  Front"
F07C030,Frozen,F07,"Frozen Rack 07, Level: C, Position # 030 -  Back"
F07C031,Frozen,F07,"Frozen Rack 07, Level: C, Position # 031 -  Front"
F07C032,Frozen,F07,"Frozen Rack 07, Level: C, Position # 032 -  Back"
F07C033,Frozen,F07,"Frozen Rack 07, Level: C, Position # 033 -  Front"
F07C034,Frozen,F07,"Frozen Rack 07, Level: C, Position # 034 -  Back"
F07C035,Frozen,F07,"Frozen Rack 07, Level: C, Position # 035 -  Front"
F07C036,Frozen,F07,"Frozen Rack 07, Level: C, Position # 036 -  Back"
F07C037,Frozen,F07,"Frozen Rack 07, Level: C, Position # 037 -  Front"
F07C038,Frozen,F07,"Frozen Rack 07, Level: C, Position # 038 -  Back"
F07C039,Frozen,F07,"Frozen Rack 07, Level: C, Position # 039 -  Front"
F07C040,Frozen,F07,"Frozen Rack 07, Level: C, Position # 040 -  Back"
F07C041,Frozen,F07,"Frozen Rack 07, Level: C, Position # 041 -  Front"
F07C042,Frozen,F07,"Frozen Rack 07, Level: C, Position # 042 -  Back"
F07C043,Frozen,F07,"Frozen Rack 07, Level: C, Position # 043 -  Front"
F07C044,Frozen,F07,"Frozen Rack 07, Level: C, Position # 044 -  Back"
F07C045,Frozen,F07,"Frozen Rack 07, Level: C, Position # 045 -  Front"
F07C046,Frozen,F07,"Frozen Rack 07, Level: C, Position # 046 -  Back"
F07C047,Frozen,F07,"Frozen Rack 07, Level: C, Position # 047 -  Front"
F07C048,Frozen,F07,"Frozen Rack 07, Level: C, Position # 048 -  Back"
F07C049,Frozen,F07,"Frozen Rack 07, Level: C, Position # 049 -  Front"
F07C050,Frozen,F07,"Frozen Rack 07, Level: C, Position # 050 -  Back"
F07C051,Frozen,F07,"Frozen Rack 07, Level: C, Position # 051 -  Front"
F07C052,Frozen,F07,"Frozen Rack 07, Level: C, Position # 052 -  Back"
F07C053,Frozen,F07,"Frozen Rack 07, Level: C, Position # 053 -  Front"
F07C054,Frozen,F07,"Frozen Rack 07, Level: C, Position # 054 -  Back"
F07C061,Frozen,F07,"Frozen Rack 07, Level: C, Position # 061 -  Front"
F07C062,Frozen,F07,"Frozen Rack 07, Level: C, Position # 062 -  Back"
F07C063,Frozen,F07,"Frozen Rack 07, Level: C, Position # 063 -  Front"
F07C064,Frozen,F07,"Frozen Rack 07, Level: C, Position # 064 -  Back"
F07C065,Frozen,F07,"Frozen Rack 07, Level: C, Position # 065 -  Front"
F07C066,Frozen,F07,"Frozen Rack 07, Level: C, Position # 066 -  Back"
F07C067,Frozen,F07,"Frozen Rack 07, Level: C, Position # 067 -  Front"
F07C068,Frozen,F07,"Frozen Rack 07, Level: C, Position # 068 -  Back"
F07C069,Frozen,F07,"Frozen Rack 07, Level: C, Position # 069 -  Front"
F07C070,Frozen,F07,"Frozen Rack 07, Level: C, Position # 070 -  Back"
F07C071,Frozen,F07,"Frozen Rack 07, Level: C, Position # 071 -  Front"
F07C072,Frozen,F07,"Frozen Rack 07, Level: C, Position # 072 -  Back"
F07C073,Frozen,F07,"Frozen Rack 07, Level: C, Position # 073 -  Front"
F07C074,Frozen,F07,"Frozen Rack 07, Level: C, Position # 074 -  Back"
F07C075,Frozen,F07,"Frozen Rack 07, Level: C, Position # 075 -  Front"
F07C076,Frozen,F07,"Frozen Rack 07, Level: C, Position # 076 -  Back"
F07C077,Frozen,F07,"Frozen Rack 07, Level: C, Position # 077 -  Front"
F07C078,Frozen,F07,"Frozen Rack 07, Level: C, Position # 078 -  Back"
F07C079,Frozen,F07,"Frozen Rack 07, Level: C, Position # 079 -  Front"
F07C080,Frozen,F07,"Frozen Rack 07, Level: C, Position # 080 -  Back"
F07C081,Frozen,F07,"Frozen Rack 07, Level: C, Position # 081 -  Front"
F07C082,Frozen,F07,"Frozen Rack 07, Level: C, Position # 082 -  Back"
F07C083,Frozen,F07,"Frozen Rack 07, Level: C, Position # 083 -  Front"
F07C084,Frozen,F07,"Frozen Rack 07, Level: C, Position # 084 -  Back"
F07C085,Frozen,F07,"Frozen Rack 07, Level: C, Position # 085 -  Front"
F07C086,Frozen,F07,"Frozen Rack 07, Level: C, Position # 086 -  Back"
F07C087,Frozen,F07,"Frozen Rack 07, Level: C, Position # 087 -  Front"
F07C088,Frozen,F07,"Frozen Rack 07, Level: C, Position # 088 -  Back"
F07C089,Frozen,F07,"Frozen Rack 07, Level: C, Position # 089 -  Front"
F07C090,Frozen,F07,"Frozen Rack 07, Level: C, Position # 090 -  Back"
F07C091,Frozen,F07,"Frozen Rack 07, Level: C, Position # 091 -  Front"
F07C092,Frozen,F07,"Frozen Rack 07, Level: C, Position # 092 -  Back"
F07C093,Frozen,F07,"Frozen Rack 07, Level: C, Position # 093 -  Front"
F07C094,Frozen,F07,"Frozen Rack 07, Level: C, Position # 094 -  Back"
F07C095,Frozen,F07,"Frozen Rack 07, Level: C, Position # 095 -  Front"
F07C096,Frozen,F07,"Frozen Rack 07, Level: C, Position # 096 -  Back"
F07C103,Frozen,F07,"Frozen Rack 07, Level: C, Position # 103 -  Front"
F07C104,Frozen,F07,"Frozen Rack 07, Level: C, Position # 104 -  Back"
F07C105,Frozen,F07,"Frozen Rack 07, Level: C, Position # 105 -  Front"
F07C106,Frozen,F07,"Frozen Rack 07, Level: C, Position # 106 -  Back"
F07C107,Frozen,F07,"Frozen Rack 07, Level: C, Position # 107 -  Front"
F07C108,Frozen,F07,"Frozen Rack 07, Level: C, Position # 108 -  Back"
F07C109,Frozen,F07,"Frozen Rack 07, Level: C, Position # 109 -  Front"
F07C110,Frozen,F07,"Frozen Rack 07, Level: C, Position # 110 -  Back"
F07C111,Frozen,F07,"Frozen Rack 07, Level: C, Position # 111 -  Front"
F07C112,Frozen,F07,"Frozen Rack 07, Level: C, Position # 112 -  Back"
F07D001,Frozen,F07,"Frozen Rack 07, Level: D, Position # 001 -  Front"
F07D002,Frozen,F07,"Frozen Rack 07, Level: D, Position # 002 -  Back"
F07D003,Frozen,F07,"Frozen Rack 07, Level: D, Position # 003 -  Front"
F07D004,Frozen,F07,"Frozen Rack 07, Level: D, Position # 004 -  Back"
F07D005,Frozen,F07,"Frozen Rack 07, Level: D, Position # 005 -  Front"
F07D006,Frozen,F07,"Frozen Rack 07, Level: D, Position # 006 -  Back"
F07D007,Frozen,F07,"Frozen Rack 07, Level: D, Position # 007 -  Front"
F07D008,Frozen,F07,"Frozen Rack 07, Level: D, Position # 008 -  Back"
F07D009,Frozen,F07,"Frozen Rack 07, Level: D, Position # 009 -  Front"
F07D010,Frozen,F07,"Frozen Rack 07, Level: D, Position # 010 -  Back"
F07D011,Frozen,F07,"Frozen Rack 07, Level: D, Position # 011 -  Front"
F07D012,Frozen,F07,"Frozen Rack 07, Level: D, Position # 012 -  Back"
F07D013,Frozen,F07,"Frozen Rack 07, Level: D, Position # 013 -  Front"
F07D014,Frozen,F07,"Frozen Rack 07, Level: D, Position # 014 -  Back"
F07D015,Frozen,F07,"Frozen Rack 07, Level: D, Position # 015 -  Front"
F07D016,Frozen,F07,"Frozen Rack 07, Level: D, Position # 016 -  Back"
F07D017,Frozen,F07,"Frozen Rack 07, Level: D, Position # 017 -  Front"
F07D018,Frozen,F07,"Frozen Rack 07, Level: D, Position # 018 -  Back"
F07D019,Frozen,F07,"Frozen Rack 07, Level: D, Position # 019 -  Front"
F07D020,Frozen,F07,"Frozen Rack 07, Level: D, Position # 020 -  Back"
F07D021,Frozen,F07,"Frozen Rack 07, Level: D, Position # 021 -  Front"
F07D022,Frozen,F07,"Frozen Rack 07, Level: D, Position # 022 -  Back"
F07D023,Frozen,F07,"Frozen Rack 07, Level: D, Position # 023 -  Front"
F07D024,Frozen,F07,"Frozen Rack 07, Level: D, Position # 024 -  Back"
F07D025,Frozen,F07,"Frozen Rack 07, Level: D, Position # 025 -  Front"
F07D026,Frozen,F07,"Frozen Rack 07, Level: D, Position # 026 -  Back"
F07D027,Frozen,F07,"Frozen Rack 07, Level: D, Position # 027 -  Front"
F07D028,Frozen,F07,"Frozen Rack 07, Level: D, Position # 028 -  Back"
F07D029,Frozen,F07,"Frozen Rack 07, Level: D, Position # 029 -  Front"
F07D030,Frozen,F07,"Frozen Rack 07, Level: D, Position # 030 -  Back"
F07D031,Frozen,F07,"Frozen Rack 07, Level: D, Position # 031 -  Front"
F07D032,Frozen,F07,"Frozen Rack 07, Level: D, Position # 032 -  Back"
F07D033,Frozen,F07,"Frozen Rack 07, Level: D, Position # 033 -  Front"
F07D034,Frozen,F07,"Frozen Rack 07, Level: D, Position # 034 -  Back"
F07D035,Frozen,F07,"Frozen Rack 07, Level: D, Position # 035 -  Front"
F07D036,Frozen,F07,"Frozen Rack 07, Level: D, Position # 036 -  Back"
F07D037,Frozen,F07,"Frozen Rack 07, Level: D, Position # 037 -  Front"
F07D038,Frozen,F07,"Frozen Rack 07, Level: D, Position # 038 -  Back"
F07D039,Frozen,F07,"Frozen Rack 07, Level: D, Position # 039 -  Front"
F07D040,Frozen,F07,"Frozen Rack 07, Level: D, Position # 040 -  Back"
F07D041,Frozen,F07,"Frozen Rack 07, Level: D, Position # 041 -  Front"
F07D042,Frozen,F07,"Frozen Rack 07, Level: D, Position # 042 -  Back"
F07D043,Frozen,F07,"Frozen Rack 07, Level: D, Position # 043 -  Front"
F07D044,Frozen,F07,"Frozen Rack 07, Level: D, Position # 044 -  Back"
F07D045,Frozen,F07,"Frozen Rack 07, Level: D, Position # 045 -  Front"
F07D046,Frozen,F07,"Frozen Rack 07, Level: D, Position # 046 -  Back"
F07D047,Frozen,F07,"Frozen Rack 07, Level: D, Position # 047 -  Front"
F07D048,Frozen,F07,"Frozen Rack 07, Level: D, Position # 048 -  Back"
F07D049,Frozen,F07,"Frozen Rack 07, Level: D, Position # 049 -  Front"
F07D050,Frozen,F07,"Frozen Rack 07, Level: D, Position # 050 -  Back"
F07D051,Frozen,F07,"Frozen Rack 07, Level: D, Position # 051 -  Front"
F07D052,Frozen,F07,"Frozen Rack 07, Level: D, Position # 052 -  Back"
F07D053,Frozen,F07,"Frozen Rack 07, Level: D, Position # 053 -  Front"
F07D054,Frozen,F07,"Frozen Rack 07, Level: D, Position # 054 -  Back"
F07D055,Frozen,F07,"Frozen Rack 07, Level: D, Position # 055 -  Front"
F07D056,Frozen,F07,"Frozen Rack 07, Level: D, Position # 056 -  Back"
F07D057,Frozen,F07,"Frozen Rack 07, Level: D, Position # 057 -  Front"
F07D058,Frozen,F07,"Frozen Rack 07, Level: D, Position # 058 -  Back"
F07D059,Frozen,F07,"Frozen Rack 07, Level: D, Position # 059 -  Front"
F07D060,Frozen,F07,"Frozen Rack 07, Level: D, Position # 060 -  Back"
F07D061,Frozen,F07,"Frozen Rack 07, Level: D, Position # 061 -  Front"
F07D062,Frozen,F07,"Frozen Rack 07, Level: D, Position # 062 -  Back"
F07D063,Frozen,F07,"Frozen Rack 07, Level: D, Position # 063 -  Front"
F07D064,Frozen,F07,"Frozen Rack 07, Level: D, Position # 064 -  Back"
F07D065,Frozen,F07,"Frozen Rack 07, Level: D, Position # 065 -  Front"
F07D066,Frozen,F07,"Frozen Rack 07, Level: D, Position # 066 -  Back"
F07D067,Frozen,F07,"Frozen Rack 07, Level: D, Position # 067 -  Front"
F07D068,Frozen,F07,"Frozen Rack 07, Level: D, Position # 068 -  Back"
F07D069,Frozen,F07,"Frozen Rack 07, Level: D, Position # 069 -  Front"
F07D070,Frozen,F07,"Frozen Rack 07, Level: D, Position # 070 -  Back"
F07D071,Frozen,F07,"Frozen Rack 07, Level: D, Position # 071 -  Front"
F07D072,Frozen,F07,"Frozen Rack 07, Level: D, Position # 072 -  Back"
F07D073,Frozen,F07,"Frozen Rack 07, Level: D, Position # 073 -  Front"
F07D074,Frozen,F07,"Frozen Rack 07, Level: D, Position # 074 -  Back"
F07D075,Frozen,F07,"Frozen Rack 07, Level: D, Position # 075 -  Front"
F07D076,Frozen,F07,"Frozen Rack 07, Level: D, Position # 076 -  Back"
F07D077,Frozen,F07,"Frozen Rack 07, Level: D, Position # 077 -  Front"
F07D078,Frozen,F07,"Frozen Rack 07, Level: D, Position # 078 -  Back"
F07D079,Frozen,F07,"Frozen Rack 07, Level: D, Position # 079 -  Front"
F07D080,Frozen,F07,"Frozen Rack 07, Level: D, Position # 080 -  Back"
F07D081,Frozen,F07,"Frozen Rack 07, Level: D, Position # 081 -  Front"
F07D082,Frozen,F07,"Frozen Rack 07, Level: D, Position # 082 -  Back"
F07D083,Frozen,F07,"Frozen Rack 07, Level: D, Position # 083 -  Front"
F07D084,Frozen,F07,"Frozen Rack 07, Level: D, Position # 084 -  Back"
F07D085,Frozen,F07,"Frozen Rack 07, Level: D, Position # 085 -  Front"
F07D086,Frozen,F07,"Frozen Rack 07, Level: D, Position # 086 -  Back"
F07D087,Frozen,F07,"Frozen Rack 07, Level: D, Position # 087 -  Front"
F07D088,Frozen,F07,"Frozen Rack 07, Level: D, Position # 088 -  Back"
F07D089,Frozen,F07,"Frozen Rack 07, Level: D, Position # 089 -  Front"
F07D090,Frozen,F07,"Frozen Rack 07, Level: D, Position # 090 -  Back"
F07D091,Frozen,F07,"Frozen Rack 07, Level: D, Position # 091 -  Front"
F07D092,Frozen,F07,"Frozen Rack 07, Level: D, Position # 092 -  Back"
F07D093,Frozen,F07,"Frozen Rack 07, Level: D, Position # 093 -  Front"
F07D094,Frozen,F07,"Frozen Rack 07, Level: D, Position # 094 -  Back"
F07D095,Frozen,F07,"Frozen Rack 07, Level: D, Position # 095 -  Front"
F07D096,Frozen,F07,"Frozen Rack 07, Level: D, Position # 096 -  Back"
F07D097,Frozen,F07,"Frozen Rack 07, Level: D, Position # 097 -  Front"
F07D098,Frozen,F07,"Frozen Rack 07, Level: D, Position # 098 -  Back"
F07D099,Frozen,F07,"Frozen Rack 07, Level: D, Position # 099 -  Front"
F07D100,Frozen,F07,"Frozen Rack 07, Level: D, Position # 100 -  Back"
F07D101,Frozen,F07,"Frozen Rack 07, Level: D, Position # 101 -  Front"
F07D102,Frozen,F07,"Frozen Rack 07, Level: D, Position # 102 -  Back"
F07D103,Frozen,F07,"Frozen Rack 07, Level: D, Position # 103 -  Front"
F07D104,Frozen,F07,"Frozen Rack 07, Level: D, Position # 104 -  Back"
F07D105,Frozen,F07,"Frozen Rack 07, Level: D, Position # 105 -  Front"
F07D106,Frozen,F07,"Frozen Rack 07, Level: D, Position # 106 -  Back"
F07D107,Frozen,F07,"Frozen Rack 07, Level: D, Position # 107 -  Front"
F07D108,Frozen,F07,"Frozen Rack 07, Level: D, Position # 108 -  Back"
F07D109,Frozen,F07,"Frozen Rack 07, Level: D, Position # 109 -  Front"
F07D110,Frozen,F07,"Frozen Rack 07, Level: D, Position # 110 -  Back"
F07D111,Frozen,F07,"Frozen Rack 07, Level: D, Position # 111 -  Front"
F07D112,Frozen,F07,"Frozen Rack 07, Level: D, Position # 112 -  Back"
F07E001,Frozen,F07,"Frozen Rack 07, Level: E, Position # 001 -  Front"
F07E002,Frozen,F07,"Frozen Rack 07, Level: E, Position # 002 -  Back"
F07E003,Frozen,F07,"Frozen Rack 07, Level: E, Position # 003 -  Front"
F07E004,Frozen,F07,"Frozen Rack 07, Level: E, Position # 004 -  Back"
F07E005,Frozen,F07,"Frozen Rack 07, Level: E, Position # 005 -  Front"
F07E006,Frozen,F07,"Frozen Rack 07, Level: E, Position # 006 -  Back"
F07E007,Frozen,F07,"Frozen Rack 07, Level: E, Position # 007 -  Front"
F07E008,Frozen,F07,"Frozen Rack 07, Level: E, Position # 008 -  Back"
F07E009,Frozen,F07,"Frozen Rack 07, Level: E, Position # 009 -  Front"
F07E010,Frozen,F07,"Frozen Rack 07, Level: E, Position # 010 -  Back"
F07E011,Frozen,F07,"Frozen Rack 07, Level: E, Position # 011 -  Front"
F07E012,Frozen,F07,"Frozen Rack 07, Level: E, Position # 012 -  Back"
F07E013,Frozen,F07,"Frozen Rack 07, Level: E, Position # 013 -  Front"
F07E014,Frozen,F07,"Frozen Rack 07, Level: E, Position # 014 -  Back"
F07E015,Frozen,F07,"Frozen Rack 07, Level: E, Position # 015 -  Front"
F07E016,Frozen,F07,"Frozen Rack 07, Level: E, Position # 016 -  Back"
F07E017,Frozen,F07,"Frozen Rack 07, Level: E, Position # 017 -  Front"
F07E018,Frozen,F07,"Frozen Rack 07, Level: E, Position # 018 -  Back"
F07E019,Frozen,F07,"Frozen Rack 07, Level: E, Position # 019 -  Front"
F07E020,Frozen,F07,"Frozen Rack 07, Level: E, Position # 020 -  Back"
F07E021,Frozen,F07,"Frozen Rack 07, Level: E, Position # 021 -  Front"
F07E022,Frozen,F07,"Frozen Rack 07, Level: E, Position # 022 -  Back"
F07E023,Frozen,F07,"Frozen Rack 07, Level: E, Position # 023 -  Front"
F07E024,Frozen,F07,"Frozen Rack 07, Level: E, Position # 024 -  Back"
F07E025,Frozen,F07,"Frozen Rack 07, Level: E, Position # 025 -  Front"
F07E026,Frozen,F07,"Frozen Rack 07, Level: E, Position # 026 -  Back"
F07E027,Frozen,F07,"Frozen Rack 07, Level: E, Position # 027 -  Front"
F07E028,Frozen,F07,"Frozen Rack 07, Level: E, Position # 028 -  Back"
F07E029,Frozen,F07,"Frozen Rack 07, Level: E, Position # 029 -  Front"
F07E030,Frozen,F07,"Frozen Rack 07, Level: E, Position # 030 -  Back"
F07E031,Frozen,F07,"Frozen Rack 07, Level: E, Position # 031 -  Front"
F07E032,Frozen,F07,"Frozen Rack 07, Level: E, Position # 032 -  Back"
F07E033,Frozen,F07,"Frozen Rack 07, Level: E, Position # 033 -  Front"
F07E034,Frozen,F07,"Frozen Rack 07, Level: E, Position # 034 -  Back"
F07E035,Frozen,F07,"Frozen Rack 07, Level: E, Position # 035 -  Front"
F07E036,Frozen,F07,"Frozen Rack 07, Level: E, Position # 036 -  Back"
F07E037,Frozen,F07,"Frozen Rack 07, Level: E, Position # 037 -  Front"
F07E038,Frozen,F07,"Frozen Rack 07, Level: E, Position # 038 -  Back"
F07E039,Frozen,F07,"Frozen Rack 07, Level: E, Position # 039 -  Front"
F07E040,Frozen,F07,"Frozen Rack 07, Level: E, Position # 040 -  Back"
F07E041,Frozen,F07,"Frozen Rack 07, Level: E, Position # 041 -  Front"
F07E042,Frozen,F07,"Frozen Rack 07, Level: E, Position # 042 -  Back"
F07E043,Frozen,F07,"Frozen Rack 07, Level: E, Position # 043 -  Front"
F07E044,Frozen,F07,"Frozen Rack 07, Level: E, Position # 044 -  Back"
F07E045,Frozen,F07,"Frozen Rack 07, Level: E, Position # 045 -  Front"
F07E046,Frozen,F07,"Frozen Rack 07, Level: E, Position # 046 -  Back"
F07E047,Frozen,F07,"Frozen Rack 07, Level: E, Position # 047 -  Front"
F07E048,Frozen,F07,"Frozen Rack 07, Level: E, Position # 048 -  Back"
F07E049,Frozen,F07,"Frozen Rack 07, Level: E, Position # 049 -  Front"
F07E050,Frozen,F07,"Frozen Rack 07, Level: E, Position # 050 -  Back"
F07E051,Frozen,F07,"Frozen Rack 07, Level: E, Position # 051 -  Front"
F07E052,Frozen,F07,"Frozen Rack 07, Level: E, Position # 052 -  Back"
F07E053,Frozen,F07,"Frozen Rack 07, Level: E, Position # 053 -  Front"
F07E054,Frozen,F07,"Frozen Rack 07, Level: E, Position # 054 -  Back"
F07E055,Frozen,F07,"Frozen Rack 07, Level: E, Position # 055 -  Front"
F07E056,Frozen,F07,"Frozen Rack 07, Level: E, Position # 056 -  Back"
F07E057,Frozen,F07,"Frozen Rack 07, Level: E, Position # 057 -  Front"
F07E058,Frozen,F07,"Frozen Rack 07, Level: E, Position # 058 -  Back"
F07E059,Frozen,F07,"Frozen Rack 07, Level: E, Position # 059 -  Front"
F07E060,Frozen,F07,"Frozen Rack 07, Level: E, Position # 060 -  Back"
F07E061,Frozen,F07,"Frozen Rack 07, Level: E, Position # 061 -  Front"
F07E062,Frozen,F07,"Frozen Rack 07, Level: E, Position # 062 -  Back"
F07E063,Frozen,F07,"Frozen Rack 07, Level: E, Position # 063 -  Front"
F07E064,Frozen,F07,"Frozen Rack 07, Level: E, Position # 064 -  Back"
F07E065,Frozen,F07,"Frozen Rack 07, Level: E, Position # 065 -  Front"
F07E066,Frozen,F07,"Frozen Rack 07, Level: E, Position # 066 -  Back"
F07E067,Frozen,F07,"Frozen Rack 07, Level: E, Position # 067 -  Front"
F07E068,Frozen,F07,"Frozen Rack 07, Level: E, Position # 068 -  Back"
F07E069,Frozen,F07,"Frozen Rack 07, Level: E, Position # 069 -  Front"
F07E070,Frozen,F07,"Frozen Rack 07, Level: E, Position # 070 -  Back"
F07E071,Frozen,F07,"Frozen Rack 07, Level: E, Position # 071 -  Front"
F07E072,Frozen,F07,"Frozen Rack 07, Level: E, Position # 072 -  Back"
F07E073,Frozen,F07,"Frozen Rack 07, Level: E, Position # 073 -  Front"
F07E074,Frozen,F07,"Frozen Rack 07, Level: E, Position # 074 -  Back"
F07E075,Frozen,F07,"Frozen Rack 07, Level: E, Position # 075 -  Front"
F07E076,Frozen,F07,"Frozen Rack 07, Level: E, Position # 076 -  Back"
F07E077,Frozen,F07,"Frozen Rack 07, Level: E, Position # 077 -  Front"
F07E078,Frozen,F07,"Frozen Rack 07, Level: E, Position # 078 -  Back"
F07E079,Frozen,F07,"Frozen Rack 07, Level: E, Position # 079 -  Front"
F07E080,Frozen,F07,"Frozen Rack 07, Level: E, Position # 080 -  Back"
F07E081,Frozen,F07,"Frozen Rack 07, Level: E, Position # 081 -  Front"
F07E082,Frozen,F07,"Frozen Rack 07, Level: E, Position # 082 -  Back"
F07E083,Frozen,F07,"Frozen Rack 07, Level: E, Position # 083 -  Front"
F07E084,Frozen,F07,"Frozen Rack 07, Level: E, Position # 084 -  Back"
F07E085,Frozen,F07,"Frozen Rack 07, Level: E, Position # 085 -  Front"
F07E086,Frozen,F07,"Frozen Rack 07, Level: E, Position # 086 -  Back"
F07E087,Frozen,F07,"Frozen Rack 07, Level: E, Position # 087 -  Front"
F07E088,Frozen,F07,"Frozen Rack 07, Level: E, Position # 088 -  Back"
F07E089,Frozen,F07,"Frozen Rack 07, Level: E, Position # 089 -  Front"
F07E090,Frozen,F07,"Frozen Rack 07, Level: E, Position # 090 -  Back"
F07E091,Frozen,F07,"Frozen Rack 07, Level: E, Position # 091 -  Front"
F07E092,Frozen,F07,"Frozen Rack 07, Level: E, Position # 092 -  Back"
F07E093,Frozen,F07,"Frozen Rack 07, Level: E, Position # 093 -  Front"
F07E094,Frozen,F07,"Frozen Rack 07, Level: E, Position # 094 -  Back"
F07E095,Frozen,F07,"Frozen Rack 07, Level: E, Position # 095 -  Front"
F07E096,Frozen,F07,"Frozen Rack 07, Level: E, Position # 096 -  Back"
F07E097,Frozen,F07,"Frozen Rack 07, Level: E, Position # 097 -  Front"
F07E098,Frozen,F07,"Frozen Rack 07, Level: E, Position # 098 -  Back"
F07E099,Frozen,F07,"Frozen Rack 07, Level: E, Position # 099 -  Front"
F07E100,Frozen,F07,"Frozen Rack 07, Level: E, Position # 100 -  Back"
F07E101,Frozen,F07,"Frozen Rack 07, Level: E, Position # 101 -  Front"
F07E102,Frozen,F07,"Frozen Rack 07, Level: E, Position # 102 -  Back"
F07E103,Frozen,F07,"Frozen Rack 07, Level: E, Position # 103 -  Front"
F07E104,Frozen,F07,"Frozen Rack 07, Level: E, Position # 104 -  Back"
F07E105,Frozen,F07,"Frozen Rack 07, Level: E, Position # 105 -  Front"
F07E106,Frozen,F07,"Frozen Rack 07, Level: E, Position # 106 -  Back"
F07E107,Frozen,F07,"Frozen Rack 07, Level: E, Position # 107 -  Front"
F07E108,Frozen,F07,"Frozen Rack 07, Level: E, Position # 108 -  Back"
F07E109,Frozen,F07,"Frozen Rack 07, Level: E, Position # 109 -  Front"
F07E110,Frozen,F07,"Frozen Rack 07, Level: E, Position # 110 -  Back"
F07E111,Frozen,F07,"Frozen Rack 07, Level: E, Position # 111 -  Front"
F07E112,Frozen,F07,"Frozen Rack 07, Level: E, Position # 112 -  Back"
F07F001,Frozen,F07,"Frozen Rack 07, Level: F, Position # 001 -  Front"
F07F002,Frozen,F07,"Frozen Rack 07, Level: F, Position # 002 -  Back"
F07F003,Frozen,F07,"Frozen Rack 07, Level: F, Position # 003 -  Front"
F07F004,Frozen,F07,"Frozen Rack 07, Level: F, Position # 004 -  Back"
F07F005,Frozen,F07,"Frozen Rack 07, Level: F, Position # 005 -  Front"
F07F006,Frozen,F07,"Frozen Rack 07, Level: F, Position # 006 -  Back"
F07F007,Frozen,F07,"Frozen Rack 07, Level: F, Position # 007 -  Front"
F07F008,Frozen,F07,"Frozen Rack 07, Level: F, Position # 008 -  Back"
F07F009,Frozen,F07,"Frozen Rack 07, Level: F, Position # 009 -  Front"
F07F010,Frozen,F07,"Frozen Rack 07, Level: F, Position # 010 -  Back"
F07F011,Frozen,F07,"Frozen Rack 07, Level: F, Position # 011 -  Front"
F07F012,Frozen,F07,"Frozen Rack 07, Level: F, Position # 012 -  Back"
F07F013,Frozen,F07,"Frozen Rack 07, Level: F, Position # 013 -  Front"
F07F014,Frozen,F07,"Frozen Rack 07, Level: F, Position # 014 -  Back"
F07F015,Frozen,F07,"Frozen Rack 07, Level: F, Position # 015 -  Front"
F07F016,Frozen,F07,"Frozen Rack 07, Level: F, Position # 016 -  Back"
F07F017,Frozen,F07,"Frozen Rack 07, Level: F, Position # 017 -  Front"
F07F018,Frozen,F07,"Frozen Rack 07, Level: F, Position # 018 -  Back"
F07F019,Frozen,F07,"Frozen Rack 07, Level: F, Position # 019 -  Front"
F07F020,Frozen,F07,"Frozen Rack 07, Level: F, Position # 020 -  Back"
F07F021,Frozen,F07,"Frozen Rack 07, Level: F, Position # 021 -  Front"
F07F022,Frozen,F07,"Frozen Rack 07, Level: F, Position # 022 -  Back"
F07F023,Frozen,F07,"Frozen Rack 07, Level: F, Position # 023 -  Front"
F07F024,Frozen,F07,"Frozen Rack 07, Level: F, Position # 024 -  Back"
F07F025,Frozen,F07,"Frozen Rack 07, Level: F, Position # 025 -  Front"
F07F026,Frozen,F07,"Frozen Rack 07, Level: F, Position # 026 -  Back"
F07F027,Frozen,F07,"Frozen Rack 07, Level: F, Position # 027 -  Front"
F07F028,Frozen,F07,"Frozen Rack 07, Level: F, Position # 028 -  Back"
F07F029,Frozen,F07,"Frozen Rack 07, Level: F, Position # 029 -  Front"
F07F030,Frozen,F07,"Frozen Rack 07, Level: F, Position # 030 -  Back"
F07F031,Frozen,F07,"Frozen Rack 07, Level: F, Position # 031 -  Front"
F07F032,Frozen,F07,"Frozen Rack 07, Level: F, Position # 032 -  Back"
F07F033,Frozen,F07,"Frozen Rack 07, Level: F, Position # 033 -  Front"
F07F034,Frozen,F07,"Frozen Rack 07, Level: F, Position # 034 -  Back"
F07F035,Frozen,F07,"Frozen Rack 07, Level: F, Position # 035 -  Front"
F07F036,Frozen,F07,"Frozen Rack 07, Level: F, Position # 036 -  Back"
F07F037,Frozen,F07,"Frozen Rack 07, Level: F, Position # 037 -  Front"
F07F038,Frozen,F07,"Frozen Rack 07, Level: F, Position # 038 -  Back"
F07F039,Frozen,F07,"Frozen Rack 07, Level: F, Position # 039 -  Front"
F07F040,Frozen,F07,"Frozen Rack 07, Level: F, Position # 040 -  Back"
F07F041,Frozen,F07,"Frozen Rack 07, Level: F, Position # 041 -  Front"
F07F042,Frozen,F07,"Frozen Rack 07, Level: F, Position # 042 -  Back"
F07F043,Frozen,F07,"Frozen Rack 07, Level: F, Position # 043 -  Front"
F07F044,Frozen,F07,"Frozen Rack 07, Level: F, Position # 044 -  Back"
F07F045,Frozen,F07,"Frozen Rack 07, Level: F, Position # 045 -  Front"
F07F046,Frozen,F07,"Frozen Rack 07, Level: F, Position # 046 -  Back"
F07F047,Frozen,F07,"Frozen Rack 07, Level: F, Position # 047 -  Front"
F07F048,Frozen,F07,"Frozen Rack 07, Level: F, Position # 048 -  Back"
F07F049,Frozen,F07,"Frozen Rack 07, Level: F, Position # 049 -  Front"
F07F050,Frozen,F07,"Frozen Rack 07, Level: F, Position # 050 -  Back"
F07F051,Frozen,F07,"Frozen Rack 07, Level: F, Position # 051 -  Front"
F07F052,Frozen,F07,"Frozen Rack 07, Level: F, Position # 052 -  Back"
F07F053,Frozen,F07,"Frozen Rack 07, Level: F, Position # 053 -  Front"
F07F054,Frozen,F07,"Frozen Rack 07, Level: F, Position # 054 -  Back"
F07F055,Frozen,F07,"Frozen Rack 07, Level: F, Position # 055 -  Front"
F07F056,Frozen,F07,"Frozen Rack 07, Level: F, Position # 056 -  Back"
F07F057,Frozen,F07,"Frozen Rack 07, Level: F, Position # 057 -  Front"
F07F058,Frozen,F07,"Frozen Rack 07, Level: F, Position # 058 -  Back"
F07F059,Frozen,F07,"Frozen Rack 07, Level: F, Position # 059 -  Front"
F07F060,Frozen,F07,"Frozen Rack 07, Level: F, Position # 060 -  Back"
F07F061,Frozen,F07,"Frozen Rack 07, Level: F, Position # 061 -  Front"
F07F062,Frozen,F07,"Frozen Rack 07, Level: F, Position # 062 -  Back"
F07F063,Frozen,F07,"Frozen Rack 07, Level: F, Position # 063 -  Front"
F07F064,Frozen,F07,"Frozen Rack 07, Level: F, Position # 064 -  Back"
F07F065,Frozen,F07,"Frozen Rack 07, Level: F, Position # 065 -  Front"
F07F066,Frozen,F07,"Frozen Rack 07, Level: F, Position # 066 -  Back"
F07F067,Frozen,F07,"Frozen Rack 07, Level: F, Position # 067 -  Front"
F07F068,Frozen,F07,"Frozen Rack 07, Level: F, Position # 068 -  Back"
F07F069,Frozen,F07,"Frozen Rack 07, Level: F, Position # 069 -  Front"
F07F070,Frozen,F07,"Frozen Rack 07, Level: F, Position # 070 -  Back"
F07F071,Frozen,F07,"Frozen Rack 07, Level: F, Position # 071 -  Front"
F07F072,Frozen,F07,"Frozen Rack 07, Level: F, Position # 072 -  Back"
F07F073,Frozen,F07,"Frozen Rack 07, Level: F, Position # 073 -  Front"
F07F074,Frozen,F07,"Frozen Rack 07, Level: F, Position # 074 -  Back"
F07F075,Frozen,F07,"Frozen Rack 07, Level: F, Position # 075 -  Front"
F07F076,Frozen,F07,"Frozen Rack 07, Level: F, Position # 076 -  Back"
F07F077,Frozen,F07,"Frozen Rack 07, Level: F, Position # 077 -  Front"
F07F078,Frozen,F07,"Frozen Rack 07, Level: F, Position # 078 -  Back"
F07F079,Frozen,F07,"Frozen Rack 07, Level: F, Position # 079 -  Front"
F07F080,Frozen,F07,"Frozen Rack 07, Level: F, Position # 080 -  Back"
F07F081,Frozen,F07,"Frozen Rack 07, Level: F, Position # 081 -  Front"
F07F082,Frozen,F07,"Frozen Rack 07, Level: F, Position # 082 -  Back"
F07F083,Frozen,F07,"Frozen Rack 07, Level: F, Position # 083 -  Front"
F07F084,Frozen,F07,"Frozen Rack 07, Level: F, Position # 084 -  Back"
F07F085,Frozen,F07,"Frozen Rack 07, Level: F, Position # 085 -  Front"
F07F086,Frozen,F07,"Frozen Rack 07, Level: F, Position # 086 -  Back"
F07F087,Frozen,F07,"Frozen Rack 07, Level: F, Position # 087 -  Front"
F07F088,Frozen,F07,"Frozen Rack 07, Level: F, Position # 088 -  Back"
F07F089,Frozen,F07,"Frozen Rack 07, Level: F, Position # 089 -  Front"
F07F090,Frozen,F07,"Frozen Rack 07, Level: F, Position # 090 -  Back"
F07F091,Frozen,F07,"Frozen Rack 07, Level: F, Position # 091 -  Front"
F07F092,Frozen,F07,"Frozen Rack 07, Level: F, Position # 092 -  Back"
F07F093,Frozen,F07,"Frozen Rack 07, Level: F, Position # 093 -  Front"
F07F094,Frozen,F07,"Frozen Rack 07, Level: F, Position # 094 -  Back"
F07F095,Frozen,F07,"Frozen Rack 07, Level: F, Position # 095 -  Front"
F07F096,Frozen,F07,"Frozen Rack 07, Level: F, Position # 096 -  Back"
F07F097,Frozen,F07,"Frozen Rack 07, Level: F, Position # 097 -  Front"
F07F098,Frozen,F07,"Frozen Rack 07, Level: F, Position # 098 -  Back"
F07F099,Frozen,F07,"Frozen Rack 07, Level: F, Position # 099 -  Front"
F07F100,Frozen,F07,"Frozen Rack 07, Level: F, Position # 100 -  Back"
F07F101,Frozen,F07,"Frozen Rack 07, Level: F, Position # 101 -  Front"
F07F102,Frozen,F07,"Frozen Rack 07, Level: F, Position # 102 -  Back"
F07F103,Frozen,F07,"Frozen Rack 07, Level: F, Position # 103 -  Front"
F07F104,Frozen,F07,"Frozen Rack 07, Level: F, Position # 104 -  Back"
F07F105,Frozen,F07,"Frozen Rack 07, Level: F, Position # 105 -  Front"
F07F106,Frozen,F07,"Frozen Rack 07, Level: F, Position # 106 -  Back"
F07F107,Frozen,F07,"Frozen Rack 07, Level: F, Position # 107 -  Front"
F07F108,Frozen,F07,"Frozen Rack 07, Level: F, Position # 108 -  Back"
F07F109,Frozen,F07,"Frozen Rack 07, Level: F, Position # 109 -  Front"
F07F110,Frozen,F07,"Frozen Rack 07, Level: F, Position # 110 -  Back"
F07F111,Frozen,F07,"Frozen Rack 07, Level: F, Position # 111 -  Front"
F07F112,Frozen,F07,"Frozen Rack 07, Level: F, Position # 112 -  Back"
F08A001,Frozen,F08,"Frozen Rack 08, Level: A, Position # 001 -  Front"
F08A002,Frozen,F08,"Frozen Rack 08, Level: A, Position # 002 -  Back"
F08A003,Frozen,F08,"Frozen Rack 08, Level: A, Position # 003 -  Front"
F08A004,Frozen,F08,"Frozen Rack 08, Level: A, Position # 004 -  Back"
F08A005,Frozen,F08,"Frozen Rack 08, Level: A, Position # 005 -  Front"
F08A006,Frozen,F08,"Frozen Rack 08, Level: A, Position # 006 -  Back"
F08A007,Frozen,F08,"Frozen Rack 08, Level: A, Position # 007 -  Front"
F08A008,Frozen,F08,"Frozen Rack 08, Level: A, Position # 008 -  Back"
F08A009,Frozen,F08,"Frozen Rack 08, Level: A, Position # 009 -  Front"
F08A010,Frozen,F08,"Frozen Rack 08, Level: A, Position # 010 -  Back"
F08A011,Frozen,F08,"Frozen Rack 08, Level: A, Position # 011 -  Front"
F08A012,Frozen,F08,"Frozen Rack 08, Level: A, Position # 012 -  Back"
F08A019,Frozen,F08,"Frozen Rack 08, Level: A, Position # 019 -  Front"
F08A020,Frozen,F08,"Frozen Rack 08, Level: A, Position # 020 -  Back"
F08A021,Frozen,F08,"Frozen Rack 08, Level: A, Position # 021 -  Front"
F08A022,Frozen,F08,"Frozen Rack 08, Level: A, Position # 022 -  Back"
F08A023,Frozen,F08,"Frozen Rack 08, Level: A, Position # 023 -  Front"
F08A024,Frozen,F08,"Frozen Rack 08, Level: A, Position # 024 -  Back"
F08A025,Frozen,F08,"Frozen Rack 08, Level: A, Position # 025 -  Front"
F08A026,Frozen,F08,"Frozen Rack 08, Level: A, Position # 026 -  Back"
F08A027,Frozen,F08,"Frozen Rack 08, Level: A, Position # 027 -  Front"
F08A028,Frozen,F08,"Frozen Rack 08, Level: A, Position # 028 -  Back"
F08A029,Frozen,F08,"Frozen Rack 08, Level: A, Position # 029 -  Front"
F08A030,Frozen,F08,"Frozen Rack 08, Level: A, Position # 030 -  Back"
F08A031,Frozen,F08,"Frozen Rack 08, Level: A, Position # 031 -  Front"
F08A032,Frozen,F08,"Frozen Rack 08, Level: A, Position # 032 -  Back"
F08A033,Frozen,F08,"Frozen Rack 08, Level: A, Position # 033 -  Front"
F08A034,Frozen,F08,"Frozen Rack 08, Level: A, Position # 034 -  Back"
F08A035,Frozen,F08,"Frozen Rack 08, Level: A, Position # 035 -  Front"
F08A036,Frozen,F08,"Frozen Rack 08, Level: A, Position # 036 -  Back"
F08A037,Frozen,F08,"Frozen Rack 08, Level: A, Position # 037 -  Front"
F08A038,Frozen,F08,"Frozen Rack 08, Level: A, Position # 038 -  Back"
F08A039,Frozen,F08,"Frozen Rack 08, Level: A, Position # 039 -  Front"
F08A040,Frozen,F08,"Frozen Rack 08, Level: A, Position # 040 -  Back"
F08A041,Frozen,F08,"Frozen Rack 08, Level: A, Position # 041 -  Front"
F08A042,Frozen,F08,"Frozen Rack 08, Level: A, Position # 042 -  Back"
F08A043,Frozen,F08,"Frozen Rack 08, Level: A, Position # 043 -  Front"
F08A044,Frozen,F08,"Frozen Rack 08, Level: A, Position # 044 -  Back"
F08A045,Frozen,F08,"Frozen Rack 08, Level: A, Position # 045 -  Front"
F08A046,Frozen,F08,"Frozen Rack 08, Level: A, Position # 046 -  Back"
F08A047,Frozen,F08,"Frozen Rack 08, Level: A, Position # 047 -  Front"
F08A048,Frozen,F08,"Frozen Rack 08, Level: A, Position # 048 -  Back"
F08A049,Frozen,F08,"Frozen Rack 08, Level: A, Position # 049 -  Front"
F08A050,Frozen,F08,"Frozen Rack 08, Level: A, Position # 050 -  Back"
F08A051,Frozen,F08,"Frozen Rack 08, Level: A, Position # 051 -  Front"
F08A052,Frozen,F08,"Frozen Rack 08, Level: A, Position # 052 -  Back"
F08A053,Frozen,F08,"Frozen Rack 08, Level: A, Position # 053 -  Front"
F08A054,Frozen,F08,"Frozen Rack 08, Level: A, Position # 054 -  Back"
F08A061,Frozen,F08,"Frozen Rack 08, Level: A, Position # 061 -  Front"
F08A062,Frozen,F08,"Frozen Rack 08, Level: A, Position # 062 -  Back"
F08A063,Frozen,F08,"Frozen Rack 08, Level: A, Position # 063 -  Front"
F08A064,Frozen,F08,"Frozen Rack 08, Level: A, Position # 064 -  Back"
F08A065,Frozen,F08,"Frozen Rack 08, Level: A, Position # 065 -  Front"
F08A066,Frozen,F08,"Frozen Rack 08, Level: A, Position # 066 -  Back"
F08A067,Frozen,F08,"Frozen Rack 08, Level: A, Position # 067 -  Front"
F08A068,Frozen,F08,"Frozen Rack 08, Level: A, Position # 068 -  Back"
F08A069,Frozen,F08,"Frozen Rack 08, Level: A, Position # 069 -  Front"
F08A070,Frozen,F08,"Frozen Rack 08, Level: A, Position # 070 -  Back"
F08A071,Frozen,F08,"Frozen Rack 08, Level: A, Position # 071 -  Front"
F08A072,Frozen,F08,"Frozen Rack 08, Level: A, Position # 072 -  Back"
F08A073,Frozen,F08,"Frozen Rack 08, Level: A, Position # 073 -  Front"
F08A074,Frozen,F08,"Frozen Rack 08, Level: A, Position # 074 -  Back"
F08A075,Frozen,F08,"Frozen Rack 08, Level: A, Position # 075 -  Front"
F08A076,Frozen,F08,"Frozen Rack 08, Level: A, Position # 076 -  Back"
F08A077,Frozen,F08,"Frozen Rack 08, Level: A, Position # 077 -  Front"
F08A078,Frozen,F08,"Frozen Rack 08, Level: A, Position # 078 -  Back"
F08A079,Frozen,F08,"Frozen Rack 08, Level: A, Position # 079 -  Front"
F08A080,Frozen,F08,"Frozen Rack 08, Level: A, Position # 080 -  Back"
F08A081,Frozen,F08,"Frozen Rack 08, Level: A, Position # 081 -  Front"
F08A082,Frozen,F08,"Frozen Rack 08, Level: A, Position # 082 -  Back"
F08A083,Frozen,F08,"Frozen Rack 08, Level: A, Position # 083 -  Front"
F08A084,Frozen,F08,"Frozen Rack 08, Level: A, Position # 084 -  Back"
F08A085,Frozen,F08,"Frozen Rack 08, Level: A, Position # 085 -  Front"
F08A086,Frozen,F08,"Frozen Rack 08, Level: A, Position # 086 -  Back"
F08A087,Frozen,F08,"Frozen Rack 08, Level: A, Position # 087 -  Front"
F08A088,Frozen,F08,"Frozen Rack 08, Level: A, Position # 088 -  Back"
F08A089,Frozen,F08,"Frozen Rack 08, Level: A, Position # 089 -  Front"
F08A090,Frozen,F08,"Frozen Rack 08, Level: A, Position # 090 -  Back"
F08A091,Frozen,F08,"Frozen Rack 08, Level: A, Position # 091 -  Front"
F08A092,Frozen,F08,"Frozen Rack 08, Level: A, Position # 092 -  Back"
F08A093,Frozen,F08,"Frozen Rack 08, Level: A, Position # 093 -  Front"
F08A094,Frozen,F08,"Frozen Rack 08, Level: A, Position # 094 -  Back"
F08A095,Frozen,F08,"Frozen Rack 08, Level: A, Position # 095 -  Front"
F08A096,Frozen,F08,"Frozen Rack 08, Level: A, Position # 096 -  Back"
F08A103,Frozen,F08,"Frozen Rack 08, Level: A, Position # 103 -  Front"
F08A104,Frozen,F08,"Frozen Rack 08, Level: A, Position # 104 -  Back"
F08A105,Frozen,F08,"Frozen Rack 08, Level: A, Position # 105 -  Front"
F08A106,Frozen,F08,"Frozen Rack 08, Level: A, Position # 106 -  Back"
F08A107,Frozen,F08,"Frozen Rack 08, Level: A, Position # 107 -  Front"
F08A108,Frozen,F08,"Frozen Rack 08, Level: A, Position # 108 -  Back"
F08A109,Frozen,F08,"Frozen Rack 08, Level: A, Position # 109 -  Front"
F08A110,Frozen,F08,"Frozen Rack 08, Level: A, Position # 110 -  Back"
F08A111,Frozen,F08,"Frozen Rack 08, Level: A, Position # 111 -  Front"
F08A112,Frozen,F08,"Frozen Rack 08, Level: A, Position # 112 -  Back"
F08B001,Frozen,F08,"Frozen Rack 08, Level: B, Position # 001 -  Front"
F08B002,Frozen,F08,"Frozen Rack 08, Level: B, Position # 002 -  Back"
F08B003,Frozen,F08,"Frozen Rack 08, Level: B, Position # 003 -  Front"
F08B004,Frozen,F08,"Frozen Rack 08, Level: B, Position # 004 -  Back"
F08B005,Frozen,F08,"Frozen Rack 08, Level: B, Position # 005 -  Front"
F08B006,Frozen,F08,"Frozen Rack 08, Level: B, Position # 006 -  Back"
F08B007,Frozen,F08,"Frozen Rack 08, Level: B, Position # 007 -  Front"
F08B008,Frozen,F08,"Frozen Rack 08, Level: B, Position # 008 -  Back"
F08B009,Frozen,F08,"Frozen Rack 08, Level: B, Position # 009 -  Front"
F08B010,Frozen,F08,"Frozen Rack 08, Level: B, Position # 010 -  Back"
F08B011,Frozen,F08,"Frozen Rack 08, Level: B, Position # 011 -  Front"
F08B012,Frozen,F08,"Frozen Rack 08, Level: B, Position # 012 -  Back"
F08B019,Frozen,F08,"Frozen Rack 08, Level: B, Position # 019 -  Front"
F08B020,Frozen,F08,"Frozen Rack 08, Level: B, Position # 020 -  Back"
F08B021,Frozen,F08,"Frozen Rack 08, Level: B, Position # 021 -  Front"
F08B022,Frozen,F08,"Frozen Rack 08, Level: B, Position # 022 -  Back"
F08B023,Frozen,F08,"Frozen Rack 08, Level: B, Position # 023 -  Front"
F08B024,Frozen,F08,"Frozen Rack 08, Level: B, Position # 024 -  Back"
F08B025,Frozen,F08,"Frozen Rack 08, Level: B, Position # 025 -  Front"
F08B026,Frozen,F08,"Frozen Rack 08, Level: B, Position # 026 -  Back"
F08B027,Frozen,F08,"Frozen Rack 08, Level: B, Position # 027 -  Front"
F08B028,Frozen,F08,"Frozen Rack 08, Level: B, Position # 028 -  Back"
F08B029,Frozen,F08,"Frozen Rack 08, Level: B, Position # 029 -  Front"
F08B030,Frozen,F08,"Frozen Rack 08, Level: B, Position # 030 -  Back"
F08B031,Frozen,F08,"Frozen Rack 08, Level: B, Position # 031 -  Front"
F08B032,Frozen,F08,"Frozen Rack 08, Level: B, Position # 032 -  Back"
F08B033,Frozen,F08,"Frozen Rack 08, Level: B, Position # 033 -  Front"
F08B034,Frozen,F08,"Frozen Rack 08, Level: B, Position # 034 -  Back"
F08B035,Frozen,F08,"Frozen Rack 08, Level: B, Position # 035 -  Front"
F08B036,Frozen,F08,"Frozen Rack 08, Level: B, Position # 036 -  Back"
F08B037,Frozen,F08,"Frozen Rack 08, Level: B, Position # 037 -  Front"
F08B038,Frozen,F08,"Frozen Rack 08, Level: B, Position # 038 -  Back"
F08B039,Frozen,F08,"Frozen Rack 08, Level: B, Position # 039 -  Front"
F08B040,Frozen,F08,"Frozen Rack 08, Level: B, Position # 040 -  Back"
F08B041,Frozen,F08,"Frozen Rack 08, Level: B, Position # 041 -  Front"
F08B042,Frozen,F08,"Frozen Rack 08, Level: B, Position # 042 -  Back"
F08B043,Frozen,F08,"Frozen Rack 08, Level: B, Position # 043 -  Front"
F08B044,Frozen,F08,"Frozen Rack 08, Level: B, Position # 044 -  Back"
F08B045,Frozen,F08,"Frozen Rack 08, Level: B, Position # 045 -  Front"
F08B046,Frozen,F08,"Frozen Rack 08, Level: B, Position # 046 -  Back"
F08B047,Frozen,F08,"Frozen Rack 08, Level: B, Position # 047 -  Front"
F08B048,Frozen,F08,"Frozen Rack 08, Level: B, Position # 048 -  Back"
F08B049,Frozen,F08,"Frozen Rack 08, Level: B, Position # 049 -  Front"
F08B050,Frozen,F08,"Frozen Rack 08, Level: B, Position # 050 -  Back"
F08B051,Frozen,F08,"Frozen Rack 08, Level: B, Position # 051 -  Front"
F08B052,Frozen,F08,"Frozen Rack 08, Level: B, Position # 052 -  Back"
F08B053,Frozen,F08,"Frozen Rack 08, Level: B, Position # 053 -  Front"
F08B054,Frozen,F08,"Frozen Rack 08, Level: B, Position # 054 -  Back"
F08B061,Frozen,F08,"Frozen Rack 08, Level: B, Position # 061 -  Front"
F08B062,Frozen,F08,"Frozen Rack 08, Level: B, Position # 062 -  Back"
F08B063,Frozen,F08,"Frozen Rack 08, Level: B, Position # 063 -  Front"
F08B064,Frozen,F08,"Frozen Rack 08, Level: B, Position # 064 -  Back"
F08B065,Frozen,F08,"Frozen Rack 08, Level: B, Position # 065 -  Front"
F08B066,Frozen,F08,"Frozen Rack 08, Level: B, Position # 066 -  Back"
F08B067,Frozen,F08,"Frozen Rack 08, Level: B, Position # 067 -  Front"
F08B068,Frozen,F08,"Frozen Rack 08, Level: B, Position # 068 -  Back"
F08B069,Frozen,F08,"Frozen Rack 08, Level: B, Position # 069 -  Front"
F08B070,Frozen,F08,"Frozen Rack 08, Level: B, Position # 070 -  Back"
F08B071,Frozen,F08,"Frozen Rack 08, Level: B, Position # 071 -  Front"
F08B072,Frozen,F08,"Frozen Rack 08, Level: B, Position # 072 -  Back"
F08B073,Frozen,F08,"Frozen Rack 08, Level: B, Position # 073 -  Front"
F08B074,Frozen,F08,"Frozen Rack 08, Level: B, Position # 074 -  Back"
F08B075,Frozen,F08,"Frozen Rack 08, Level: B, Position # 075 -  Front"
F08B076,Frozen,F08,"Frozen Rack 08, Level: B, Position # 076 -  Back"
F08B077,Frozen,F08,"Frozen Rack 08, Level: B, Position # 077 -  Front"
F08B078,Frozen,F08,"Frozen Rack 08, Level: B, Position # 078 -  Back"
F08B079,Frozen,F08,"Frozen Rack 08, Level: B, Position # 079 -  Front"
F08B080,Frozen,F08,"Frozen Rack 08, Level: B, Position # 080 -  Back"
F08B081,Frozen,F08,"Frozen Rack 08, Level: B, Position # 081 -  Front"
F08B082,Frozen,F08,"Frozen Rack 08, Level: B, Position # 082 -  Back"
F08B083,Frozen,F08,"Frozen Rack 08, Level: B, Position # 083 -  Front"
F08B084,Frozen,F08,"Frozen Rack 08, Level: B, Position # 084 -  Back"
F08B085,Frozen,F08,"Frozen Rack 08, Level: B, Position # 085 -  Front"
F08B086,Frozen,F08,"Frozen Rack 08, Level: B, Position # 086 -  Back"
F08B087,Frozen,F08,"Frozen Rack 08, Level: B, Position # 087 -  Front"
F08B088,Frozen,F08,"Frozen Rack 08, Level: B, Position # 088 -  Back"
F08B089,Frozen,F08,"Frozen Rack 08, Level: B, Position # 089 -  Front"
F08B090,Frozen,F08,"Frozen Rack 08, Level: B, Position # 090 -  Back"
F08B091,Frozen,F08,"Frozen Rack 08, Level: B, Position # 091 -  Front"
F08B092,Frozen,F08,"Frozen Rack 08, Level: B, Position # 092 -  Back"
F08B093,Frozen,F08,"Frozen Rack 08, Level: B, Position # 093 -  Front"
F08B094,Frozen,F08,"Frozen Rack 08, Level: B, Position # 094 -  Back"
F08B095,Frozen,F08,"Frozen Rack 08, Level: B, Position # 095 -  Front"
F08B096,Frozen,F08,"Frozen Rack 08, Level: B, Position # 096 -  Back"
F08B103,Frozen,F08,"Frozen Rack 08, Level: B, Position # 103 -  Front"
F08B104,Frozen,F08,"Frozen Rack 08, Level: B, Position # 104 -  Back"
F08B105,Frozen,F08,"Frozen Rack 08, Level: B, Position # 105 -  Front"
F08B106,Frozen,F08,"Frozen Rack 08, Level: B, Position # 106 -  Back"
F08B107,Frozen,F08,"Frozen Rack 08, Level: B, Position # 107 -  Front"
F08B108,Frozen,F08,"Frozen Rack 08, Level: B, Position # 108 -  Back"
F08B109,Frozen,F08,"Frozen Rack 08, Level: B, Position # 109 -  Front"
F08B110,Frozen,F08,"Frozen Rack 08, Level: B, Position # 110 -  Back"
F08B111,Frozen,F08,"Frozen Rack 08, Level: B, Position # 111 -  Front"
F08B112,Frozen,F08,"Frozen Rack 08, Level: B, Position # 112 -  Back"
F08C001,Frozen,F08,"Frozen Rack 08, Level: C, Position # 001 -  Front"
F08C002,Frozen,F08,"Frozen Rack 08, Level: C, Position # 002 -  Back"
F08C003,Frozen,F08,"Frozen Rack 08, Level: C, Position # 003 -  Front"
F08C004,Frozen,F08,"Frozen Rack 08, Level: C, Position # 004 -  Back"
F08C005,Frozen,F08,"Frozen Rack 08, Level: C, Position # 005 -  Front"
F08C006,Frozen,F08,"Frozen Rack 08, Level: C, Position # 006 -  Back"
F08C007,Frozen,F08,"Frozen Rack 08, Level: C, Position # 007 -  Front"
F08C008,Frozen,F08,"Frozen Rack 08, Level: C, Position # 008 -  Back"
F08C009,Frozen,F08,"Frozen Rack 08, Level: C, Position # 009 -  Front"
F08C010,Frozen,F08,"Frozen Rack 08, Level: C, Position # 010 -  Back"
F08C011,Frozen,F08,"Frozen Rack 08, Level: C, Position # 011 -  Front"
F08C012,Frozen,F08,"Frozen Rack 08, Level: C, Position # 012 -  Back"
F08C019,Frozen,F08,"Frozen Rack 08, Level: C, Position # 019 -  Front"
F08C020,Frozen,F08,"Frozen Rack 08, Level: C, Position # 020 -  Back"
F08C021,Frozen,F08,"Frozen Rack 08, Level: C, Position # 021 -  Front"
F08C022,Frozen,F08,"Frozen Rack 08, Level: C, Position # 022 -  Back"
F08C023,Frozen,F08,"Frozen Rack 08, Level: C, Position # 023 -  Front"
F08C024,Frozen,F08,"Frozen Rack 08, Level: C, Position # 024 -  Back"
F08C025,Frozen,F08,"Frozen Rack 08, Level: C, Position # 025 -  Front"
F08C026,Frozen,F08,"Frozen Rack 08, Level: C, Position # 026 -  Back"
F08C027,Frozen,F08,"Frozen Rack 08, Level: C, Position # 027 -  Front"
F08C028,Frozen,F08,"Frozen Rack 08, Level: C, Position # 028 -  Back"
F08C029,Frozen,F08,"Frozen Rack 08, Level: C, Position # 029 -  Front"
F08C030,Frozen,F08,"Frozen Rack 08, Level: C, Position # 030 -  Back"
F08C031,Frozen,F08,"Frozen Rack 08, Level: C, Position # 031 -  Front"
F08C032,Frozen,F08,"Frozen Rack 08, Level: C, Position # 032 -  Back"
F08C033,Frozen,F08,"Frozen Rack 08, Level: C, Position # 033 -  Front"
F08C034,Frozen,F08,"Frozen Rack 08, Level: C, Position # 034 -  Back"
F08C035,Frozen,F08,"Frozen Rack 08, Level: C, Position # 035 -  Front"
F08C036,Frozen,F08,"Frozen Rack 08, Level: C, Position # 036 -  Back"
F08C037,Frozen,F08,"Frozen Rack 08, Level: C, Position # 037 -  Front"
F08C038,Frozen,F08,"Frozen Rack 08, Level: C, Position # 038 -  Back"
F08C039,Frozen,F08,"Frozen Rack 08, Level: C, Position # 039 -  Front"
F08C040,Frozen,F08,"Frozen Rack 08, Level: C, Position # 040 -  Back"
F08C041,Frozen,F08,"Frozen Rack 08, Level: C, Position # 041 -  Front"
F08C042,Frozen,F08,"Frozen Rack 08, Level: C, Position # 042 -  Back"
F08C043,Frozen,F08,"Frozen Rack 08, Level: C, Position # 043 -  Front"
F08C044,Frozen,F08,"Frozen Rack 08, Level: C, Position # 044 -  Back"
F08C045,Frozen,F08,"Frozen Rack 08, Level: C, Position # 045 -  Front"
F08C046,Frozen,F08,"Frozen Rack 08, Level: C, Position # 046 -  Back"
F08C047,Frozen,F08,"Frozen Rack 08, Level: C, Position # 047 -  Front"
F08C048,Frozen,F08,"Frozen Rack 08, Level: C, Position # 048 -  Back"
F08C049,Frozen,F08,"Frozen Rack 08, Level: C, Position # 049 -  Front"
F08C050,Frozen,F08,"Frozen Rack 08, Level: C, Position # 050 -  Back"
F08C051,Frozen,F08,"Frozen Rack 08, Level: C, Position # 051 -  Front"
F08C052,Frozen,F08,"Frozen Rack 08, Level: C, Position # 052 -  Back"
F08C053,Frozen,F08,"Frozen Rack 08, Level: C, Position # 053 -  Front"
F08C054,Frozen,F08,"Frozen Rack 08, Level: C, Position # 054 -  Back"
F08C061,Frozen,F08,"Frozen Rack 08, Level: C, Position # 061 -  Front"
F08C062,Frozen,F08,"Frozen Rack 08, Level: C, Position # 062 -  Back"
F08C063,Frozen,F08,"Frozen Rack 08, Level: C, Position # 063 -  Front"
F08C064,Frozen,F08,"Frozen Rack 08, Level: C, Position # 064 -  Back"
F08C065,Frozen,F08,"Frozen Rack 08, Level: C, Position # 065 -  Front"
F08C066,Frozen,F08,"Frozen Rack 08, Level: C, Position # 066 -  Back"
F08C067,Frozen,F08,"Frozen Rack 08, Level: C, Position # 067 -  Front"
F08C068,Frozen,F08,"Frozen Rack 08, Level: C, Position # 068 -  Back"
F08C069,Frozen,F08,"Frozen Rack 08, Level: C, Position # 069 -  Front"
F08C070,Frozen,F08,"Frozen Rack 08, Level: C, Position # 070 -  Back"
F08C071,Frozen,F08,"Frozen Rack 08, Level: C, Position # 071 -  Front"
F08C072,Frozen,F08,"Frozen Rack 08, Level: C, Position # 072 -  Back"
F08C073,Frozen,F08,"Frozen Rack 08, Level: C, Position # 073 -  Front"
F08C074,Frozen,F08,"Frozen Rack 08, Level: C, Position # 074 -  Back"
F08C075,Frozen,F08,"Frozen Rack 08, Level: C, Position # 075 -  Front"
F08C076,Frozen,F08,"Frozen Rack 08, Level: C, Position # 076 -  Back"
F08C077,Frozen,F08,"Frozen Rack 08, Level: C, Position # 077 -  Front"
F08C078,Frozen,F08,"Frozen Rack 08, Level: C, Position # 078 -  Back"
F08C079,Frozen,F08,"Frozen Rack 08, Level: C, Position # 079 -  Front"
F08C080,Frozen,F08,"Frozen Rack 08, Level: C, Position # 080 -  Back"
F08C081,Frozen,F08,"Frozen Rack 08, Level: C, Position # 081 -  Front"
F08C082,Frozen,F08,"Frozen Rack 08, Level: C, Position # 082 -  Back"
F08C083,Frozen,F08,"Frozen Rack 08, Level: C, Position # 083 -  Front"
F08C084,Frozen,F08,"Frozen Rack 08, Level: C, Position # 084 -  Back"
F08C085,Frozen,F08,"Frozen Rack 08, Level: C, Position # 085 -  Front"
F08C086,Frozen,F08,"Frozen Rack 08, Level: C, Position # 086 -  Back"
F08C087,Frozen,F08,"Frozen Rack 08, Level: C, Position # 087 -  Front"
F08C088,Frozen,F08,"Frozen Rack 08, Level: C, Position # 088 -  Back"
F08C089,Frozen,F08,"Frozen Rack 08, Level: C, Position # 089 -  Front"
F08C090,Frozen,F08,"Frozen Rack 08, Level: C, Position # 090 -  Back"
F08C091,Frozen,F08,"Frozen Rack 08, Level: C, Position # 091 -  Front"
F08C092,Frozen,F08,"Frozen Rack 08, Level: C, Position # 092 -  Back"
F08C093,Frozen,F08,"Frozen Rack 08, Level: C, Position # 093 -  Front"
F08C094,Frozen,F08,"Frozen Rack 08, Level: C, Position # 094 -  Back"
F08C095,Frozen,F08,"Frozen Rack 08, Level: C, Position # 095 -  Front"
F08C096,Frozen,F08,"Frozen Rack 08, Level: C, Position # 096 -  Back"
F08C103,Frozen,F08,"Frozen Rack 08, Level: C, Position # 103 -  Front"
F08C104,Frozen,F08,"Frozen Rack 08, Level: C, Position # 104 -  Back"
F08C105,Frozen,F08,"Frozen Rack 08, Level: C, Position # 105 -  Front"
F08C106,Frozen,F08,"Frozen Rack 08, Level: C, Position # 106 -  Back"
F08C107,Frozen,F08,"Frozen Rack 08, Level: C, Position # 107 -  Front"
F08C108,Frozen,F08,"Frozen Rack 08, Level: C, Position # 108 -  Back"
F08C109,Frozen,F08,"Frozen Rack 08, Level: C, Position # 109 -  Front"
F08C110,Frozen,F08,"Frozen Rack 08, Level: C, Position # 110 -  Back"
F08C111,Frozen,F08,"Frozen Rack 08, Level: C, Position # 111 -  Front"
F08C112,Frozen,F08,"Frozen Rack 08, Level: C, Position # 112 -  Back"
F08D001,Frozen,F08,"Frozen Rack 08, Level: D, Position # 001 -  Front"
F08D002,Frozen,F08,"Frozen Rack 08, Level: D, Position # 002 -  Back"
F08D003,Frozen,F08,"Frozen Rack 08, Level: D, Position # 003 -  Front"
F08D004,Frozen,F08,"Frozen Rack 08, Level: D, Position # 004 -  Back"
F08D005,Frozen,F08,"Frozen Rack 08, Level: D, Position # 005 -  Front"
F08D006,Frozen,F08,"Frozen Rack 08, Level: D, Position # 006 -  Back"
F08D007,Frozen,F08,"Frozen Rack 08, Level: D, Position # 007 -  Front"
F08D008,Frozen,F08,"Frozen Rack 08, Level: D, Position # 008 -  Back"
F08D009,Frozen,F08,"Frozen Rack 08, Level: D, Position # 009 -  Front"
F08D010,Frozen,F08,"Frozen Rack 08, Level: D, Position # 010 -  Back"
F08D011,Frozen,F08,"Frozen Rack 08, Level: D, Position # 011 -  Front"
F08D012,Frozen,F08,"Frozen Rack 08, Level: D, Position # 012 -  Back"
F08D013,Frozen,F08,"Frozen Rack 08, Level: D, Position # 013 -  Front"
F08D014,Frozen,F08,"Frozen Rack 08, Level: D, Position # 014 -  Back"
F08D015,Frozen,F08,"Frozen Rack 08, Level: D, Position # 015 -  Front"
F08D016,Frozen,F08,"Frozen Rack 08, Level: D, Position # 016 -  Back"
F08D017,Frozen,F08,"Frozen Rack 08, Level: D, Position # 017 -  Front"
F08D018,Frozen,F08,"Frozen Rack 08, Level: D, Position # 018 -  Back"
F08D019,Frozen,F08,"Frozen Rack 08, Level: D, Position # 019 -  Front"
F08D020,Frozen,F08,"Frozen Rack 08, Level: D, Position # 020 -  Back"
F08D021,Frozen,F08,"Frozen Rack 08, Level: D, Position # 021 -  Front"
F08D022,Frozen,F08,"Frozen Rack 08, Level: D, Position # 022 -  Back"
F08D023,Frozen,F08,"Frozen Rack 08, Level: D, Position # 023 -  Front"
F08D024,Frozen,F08,"Frozen Rack 08, Level: D, Position # 024 -  Back"
F08D025,Frozen,F08,"Frozen Rack 08, Level: D, Position # 025 -  Front"
F08D026,Frozen,F08,"Frozen Rack 08, Level: D, Position # 026 -  Back"
F08D027,Frozen,F08,"Frozen Rack 08, Level: D, Position # 027 -  Front"
F08D028,Frozen,F08,"Frozen Rack 08, Level: D, Position # 028 -  Back"
F08D029,Frozen,F08,"Frozen Rack 08, Level: D, Position # 029 -  Front"
F08D030,Frozen,F08,"Frozen Rack 08, Level: D, Position # 030 -  Back"
F08D031,Frozen,F08,"Frozen Rack 08, Level: D, Position # 031 -  Front"
F08D032,Frozen,F08,"Frozen Rack 08, Level: D, Position # 032 -  Back"
F08D033,Frozen,F08,"Frozen Rack 08, Level: D, Position # 033 -  Front"
F08D034,Frozen,F08,"Frozen Rack 08, Level: D, Position # 034 -  Back"
F08D035,Frozen,F08,"Frozen Rack 08, Level: D, Position # 035 -  Front"
F08D036,Frozen,F08,"Frozen Rack 08, Level: D, Position # 036 -  Back"
F08D037,Frozen,F08,"Frozen Rack 08, Level: D, Position # 037 -  Front"
F08D038,Frozen,F08,"Frozen Rack 08, Level: D, Position # 038 -  Back"
F08D039,Frozen,F08,"Frozen Rack 08, Level: D, Position # 039 -  Front"
F08D040,Frozen,F08,"Frozen Rack 08, Level: D, Position # 040 -  Back"
F08D041,Frozen,F08,"Frozen Rack 08, Level: D, Position # 041 -  Front"
F08D042,Frozen,F08,"Frozen Rack 08, Level: D, Position # 042 -  Back"
F08D043,Frozen,F08,"Frozen Rack 08, Level: D, Position # 043 -  Front"
F08D044,Frozen,F08,"Frozen Rack 08, Level: D, Position # 044 -  Back"
F08D045,Frozen,F08,"Frozen Rack 08, Level: D, Position # 045 -  Front"
F08D046,Frozen,F08,"Frozen Rack 08, Level: D, Position # 046 -  Back"
F08D047,Frozen,F08,"Frozen Rack 08, Level: D, Position # 047 -  Front"
F08D048,Frozen,F08,"Frozen Rack 08, Level: D, Position # 048 -  Back"
F08D049,Frozen,F08,"Frozen Rack 08, Level: D, Position # 049 -  Front"
F08D050,Frozen,F08,"Frozen Rack 08, Level: D, Position # 050 -  Back"
F08D051,Frozen,F08,"Frozen Rack 08, Level: D, Position # 051 -  Front"
F08D052,Frozen,F08,"Frozen Rack 08, Level: D, Position # 052 -  Back"
F08D053,Frozen,F08,"Frozen Rack 08, Level: D, Position # 053 -  Front"
F08D054,Frozen,F08,"Frozen Rack 08, Level: D, Position # 054 -  Back"
F08D055,Frozen,F08,"Frozen Rack 08, Level: D, Position # 055 -  Front"
F08D056,Frozen,F08,"Frozen Rack 08, Level: D, Position # 056 -  Back"
F08D057,Frozen,F08,"Frozen Rack 08, Level: D, Position # 057 -  Front"
F08D058,Frozen,F08,"Frozen Rack 08, Level: D, Position # 058 -  Back"
F08D059,Frozen,F08,"Frozen Rack 08, Level: D, Position # 059 -  Front"
F08D060,Frozen,F08,"Frozen Rack 08, Level: D, Position # 060 -  Back"
F08D061,Frozen,F08,"Frozen Rack 08, Level: D, Position # 061 -  Front"
F08D062,Frozen,F08,"Frozen Rack 08, Level: D, Position # 062 -  Back"
F08D063,Frozen,F08,"Frozen Rack 08, Level: D, Position # 063 -  Front"
F08D064,Frozen,F08,"Frozen Rack 08, Level: D, Position # 064 -  Back"
F08D065,Frozen,F08,"Frozen Rack 08, Level: D, Position # 065 -  Front"
F08D066,Frozen,F08,"Frozen Rack 08, Level: D, Position # 066 -  Back"
F08D067,Frozen,F08,"Frozen Rack 08, Level: D, Position # 067 -  Front"
F08D068,Frozen,F08,"Frozen Rack 08, Level: D, Position # 068 -  Back"
F08D069,Frozen,F08,"Frozen Rack 08, Level: D, Position # 069 -  Front"
F08D070,Frozen,F08,"Frozen Rack 08, Level: D, Position # 070 -  Back"
F08D071,Frozen,F08,"Frozen Rack 08, Level: D, Position # 071 -  Front"
F08D072,Frozen,F08,"Frozen Rack 08, Level: D, Position # 072 -  Back"
F08D073,Frozen,F08,"Frozen Rack 08, Level: D, Position # 073 -  Front"
F08D074,Frozen,F08,"Frozen Rack 08, Level: D, Position # 074 -  Back"
F08D075,Frozen,F08,"Frozen Rack 08, Level: D, Position # 075 -  Front"
F08D076,Frozen,F08,"Frozen Rack 08, Level: D, Position # 076 -  Back"
F08D077,Frozen,F08,"Frozen Rack 08, Level: D, Position # 077 -  Front"
F08D078,Frozen,F08,"Frozen Rack 08, Level: D, Position # 078 -  Back"
F08D079,Frozen,F08,"Frozen Rack 08, Level: D, Position # 079 -  Front"
F08D080,Frozen,F08,"Frozen Rack 08, Level: D, Position # 080 -  Back"
F08D081,Frozen,F08,"Frozen Rack 08, Level: D, Position # 081 -  Front"
F08D082,Frozen,F08,"Frozen Rack 08, Level: D, Position # 082 -  Back"
F08D083,Frozen,F08,"Frozen Rack 08, Level: D, Position # 083 -  Front"
F08D084,Frozen,F08,"Frozen Rack 08, Level: D, Position # 084 -  Back"
F08D085,Frozen,F08,"Frozen Rack 08, Level: D, Position # 085 -  Front"
F08D086,Frozen,F08,"Frozen Rack 08, Level: D, Position # 086 -  Back"
F08D087,Frozen,F08,"Frozen Rack 08, Level: D, Position # 087 -  Front"
F08D088,Frozen,F08,"Frozen Rack 08, Level: D, Position # 088 -  Back"
F08D089,Frozen,F08,"Frozen Rack 08, Level: D, Position # 089 -  Front"
F08D090,Frozen,F08,"Frozen Rack 08, Level: D, Position # 090 -  Back"
F08D091,Frozen,F08,"Frozen Rack 08, Level: D, Position # 091 -  Front"
F08D092,Frozen,F08,"Frozen Rack 08, Level: D, Position # 092 -  Back"
F08D093,Frozen,F08,"Frozen Rack 08, Level: D, Position # 093 -  Front"
F08D094,Frozen,F08,"Frozen Rack 08, Level: D, Position # 094 -  Back"
F08D095,Frozen,F08,"Frozen Rack 08, Level: D, Position # 095 -  Front"
F08D096,Frozen,F08,"Frozen Rack 08, Level: D, Position # 096 -  Back"
F08D097,Frozen,F08,"Frozen Rack 08, Level: D, Position # 097 -  Front"
F08D098,Frozen,F08,"Frozen Rack 08, Level: D, Position # 098 -  Back"
F08D099,Frozen,F08,"Frozen Rack 08, Level: D, Position # 099 -  Front"
F08D100,Frozen,F08,"Frozen Rack 08, Level: D, Position # 100 -  Back"
F08D101,Frozen,F08,"Frozen Rack 08, Level: D, Position # 101 -  Front"
F08D102,Frozen,F08,"Frozen Rack 08, Level: D, Position # 102 -  Back"
F08D103,Frozen,F08,"Frozen Rack 08, Level: D, Position # 103 -  Front"
F08D104,Frozen,F08,"Frozen Rack 08, Level: D, Position # 104 -  Back"
F08D105,Frozen,F08,"Frozen Rack 08, Level: D, Position # 105 -  Front"
F08D106,Frozen,F08,"Frozen Rack 08, Level: D, Position # 106 -  Back"
F08D107,Frozen,F08,"Frozen Rack 08, Level: D, Position # 107 -  Front"
F08D108,Frozen,F08,"Frozen Rack 08, Level: D, Position # 108 -  Back"
F08D109,Frozen,F08,"Frozen Rack 08, Level: D, Position # 109 -  Front"
F08D110,Frozen,F08,"Frozen Rack 08, Level: D, Position # 110 -  Back"
F08D111,Frozen,F08,"Frozen Rack 08, Level: D, Position # 111 -  Front"
F08D112,Frozen,F08,"Frozen Rack 08, Level: D, Position # 112 -  Back"
F08E001,Frozen,F08,"Frozen Rack 08, Level: E, Position # 001 -  Front"
F08E002,Frozen,F08,"Frozen Rack 08, Level: E, Position # 002 -  Back"
F08E003,Frozen,F08,"Frozen Rack 08, Level: E, Position # 003 -  Front"
F08E004,Frozen,F08,"Frozen Rack 08, Level: E, Position # 004 -  Back"
F08E005,Frozen,F08,"Frozen Rack 08, Level: E, Position # 005 -  Front"
F08E006,Frozen,F08,"Frozen Rack 08, Level: E, Position # 006 -  Back"
F08E007,Frozen,F08,"Frozen Rack 08, Level: E, Position # 007 -  Front"
F08E008,Frozen,F08,"Frozen Rack 08, Level: E, Position # 008 -  Back"
F08E009,Frozen,F08,"Frozen Rack 08, Level: E, Position # 009 -  Front"
F08E010,Frozen,F08,"Frozen Rack 08, Level: E, Position # 010 -  Back"
F08E011,Frozen,F08,"Frozen Rack 08, Level: E, Position # 011 -  Front"
F08E012,Frozen,F08,"Frozen Rack 08, Level: E, Position # 012 -  Back"
F08E013,Frozen,F08,"Frozen Rack 08, Level: E, Position # 013 -  Front"
F08E014,Frozen,F08,"Frozen Rack 08, Level: E, Position # 014 -  Back"
F08E015,Frozen,F08,"Frozen Rack 08, Level: E, Position # 015 -  Front"
F08E016,Frozen,F08,"Frozen Rack 08, Level: E, Position # 016 -  Back"
F08E017,Frozen,F08,"Frozen Rack 08, Level: E, Position # 017 -  Front"
F08E018,Frozen,F08,"Frozen Rack 08, Level: E, Position # 018 -  Back"
F08E019,Frozen,F08,"Frozen Rack 08, Level: E, Position # 019 -  Front"
F08E020,Frozen,F08,"Frozen Rack 08, Level: E, Position # 020 -  Back"
F08E021,Frozen,F08,"Frozen Rack 08, Level: E, Position # 021 -  Front"
F08E022,Frozen,F08,"Frozen Rack 08, Level: E, Position # 022 -  Back"
F08E023,Frozen,F08,"Frozen Rack 08, Level: E, Position # 023 -  Front"
F08E024,Frozen,F08,"Frozen Rack 08, Level: E, Position # 024 -  Back"
F08E025,Frozen,F08,"Frozen Rack 08, Level: E, Position # 025 -  Front"
F08E026,Frozen,F08,"Frozen Rack 08, Level: E, Position # 026 -  Back"
F08E027,Frozen,F08,"Frozen Rack 08, Level: E, Position # 027 -  Front"
F08E028,Frozen,F08,"Frozen Rack 08, Level: E, Position # 028 -  Back"
F08E029,Frozen,F08,"Frozen Rack 08, Level: E, Position # 029 -  Front"
F08E030,Frozen,F08,"Frozen Rack 08, Level: E, Position # 030 -  Back"
F08E031,Frozen,F08,"Frozen Rack 08, Level: E, Position # 031 -  Front"
F08E032,Frozen,F08,"Frozen Rack 08, Level: E, Position # 032 -  Back"
F08E033,Frozen,F08,"Frozen Rack 08, Level: E, Position # 033 -  Front"
F08E034,Frozen,F08,"Frozen Rack 08, Level: E, Position # 034 -  Back"
F08E035,Frozen,F08,"Frozen Rack 08, Level: E, Position # 035 -  Front"
F08E036,Frozen,F08,"Frozen Rack 08, Level: E, Position # 036 -  Back"
F08E037,Frozen,F08,"Frozen Rack 08, Level: E, Position # 037 -  Front"
F08E038,Frozen,F08,"Frozen Rack 08, Level: E, Position # 038 -  Back"
F08E039,Frozen,F08,"Frozen Rack 08, Level: E, Position # 039 -  Front"
F08E040,Frozen,F08,"Frozen Rack 08, Level: E, Position # 040 -  Back"
F08E041,Frozen,F08,"Frozen Rack 08, Level: E, Position # 041 -  Front"
F08E042,Frozen,F08,"Frozen Rack 08, Level: E, Position # 042 -  Back"
F08E043,Frozen,F08,"Frozen Rack 08, Level: E, Position # 043 -  Front"
F08E044,Frozen,F08,"Frozen Rack 08, Level: E, Position # 044 -  Back"
F08E045,Frozen,F08,"Frozen Rack 08, Level: E, Position # 045 -  Front"
F08E046,Frozen,F08,"Frozen Rack 08, Level: E, Position # 046 -  Back"
F08E047,Frozen,F08,"Frozen Rack 08, Level: E, Position # 047 -  Front"
F08E048,Frozen,F08,"Frozen Rack 08, Level: E, Position # 048 -  Back"
F08E049,Frozen,F08,"Frozen Rack 08, Level: E, Position # 049 -  Front"
F08E050,Frozen,F08,"Frozen Rack 08, Level: E, Position # 050 -  Back"
F08E051,Frozen,F08,"Frozen Rack 08, Level: E, Position # 051 -  Front"
F08E052,Frozen,F08,"Frozen Rack 08, Level: E, Position # 052 -  Back"
F08E053,Frozen,F08,"Frozen Rack 08, Level: E, Position # 053 -  Front"
F08E054,Frozen,F08,"Frozen Rack 08, Level: E, Position # 054 -  Back"
F08E055,Frozen,F08,"Frozen Rack 08, Level: E, Position # 055 -  Front"
F08E056,Frozen,F08,"Frozen Rack 08, Level: E, Position # 056 -  Back"
F08E057,Frozen,F08,"Frozen Rack 08, Level: E, Position # 057 -  Front"
F08E058,Frozen,F08,"Frozen Rack 08, Level: E, Position # 058 -  Back"
F08E059,Frozen,F08,"Frozen Rack 08, Level: E, Position # 059 -  Front"
F08E060,Frozen,F08,"Frozen Rack 08, Level: E, Position # 060 -  Back"
F08E061,Frozen,F08,"Frozen Rack 08, Level: E, Position # 061 -  Front"
F08E062,Frozen,F08,"Frozen Rack 08, Level: E, Position # 062 -  Back"
F08E063,Frozen,F08,"Frozen Rack 08, Level: E, Position # 063 -  Front"
F08E064,Frozen,F08,"Frozen Rack 08, Level: E, Position # 064 -  Back"
F08E065,Frozen,F08,"Frozen Rack 08, Level: E, Position # 065 -  Front"
F08E066,Frozen,F08,"Frozen Rack 08, Level: E, Position # 066 -  Back"
F08E067,Frozen,F08,"Frozen Rack 08, Level: E, Position # 067 -  Front"
F08E068,Frozen,F08,"Frozen Rack 08, Level: E, Position # 068 -  Back"
F08E069,Frozen,F08,"Frozen Rack 08, Level: E, Position # 069 -  Front"
F08E070,Frozen,F08,"Frozen Rack 08, Level: E, Position # 070 -  Back"
F08E071,Frozen,F08,"Frozen Rack 08, Level: E, Position # 071 -  Front"
F08E072,Frozen,F08,"Frozen Rack 08, Level: E, Position # 072 -  Back"
F08E073,Frozen,F08,"Frozen Rack 08, Level: E, Position # 073 -  Front"
F08E074,Frozen,F08,"Frozen Rack 08, Level: E, Position # 074 -  Back"
F08E075,Frozen,F08,"Frozen Rack 08, Level: E, Position # 075 -  Front"
F08E076,Frozen,F08,"Frozen Rack 08, Level: E, Position # 076 -  Back"
F08E077,Frozen,F08,"Frozen Rack 08, Level: E, Position # 077 -  Front"
F08E078,Frozen,F08,"Frozen Rack 08, Level: E, Position # 078 -  Back"
F08E079,Frozen,F08,"Frozen Rack 08, Level: E, Position # 079 -  Front"
F08E080,Frozen,F08,"Frozen Rack 08, Level: E, Position # 080 -  Back"
F08E081,Frozen,F08,"Frozen Rack 08, Level: E, Position # 081 -  Front"
F08E082,Frozen,F08,"Frozen Rack 08, Level: E, Position # 082 -  Back"
F08E083,Frozen,F08,"Frozen Rack 08, Level: E, Position # 083 -  Front"
F08E084,Frozen,F08,"Frozen Rack 08, Level: E, Position # 084 -  Back"
F08E085,Frozen,F08,"Frozen Rack 08, Level: E, Position # 085 -  Front"
F08E086,Frozen,F08,"Frozen Rack 08, Level: E, Position # 086 -  Back"
F08E087,Frozen,F08,"Frozen Rack 08, Level: E, Position # 087 -  Front"
F08E088,Frozen,F08,"Frozen Rack 08, Level: E, Position # 088 -  Back"
F08E089,Frozen,F08,"Frozen Rack 08, Level: E, Position # 089 -  Front"
F08E090,Frozen,F08,"Frozen Rack 08, Level: E, Position # 090 -  Back"
F08E091,Frozen,F08,"Frozen Rack 08, Level: E, Position # 091 -  Front"
F08E092,Frozen,F08,"Frozen Rack 08, Level: E, Position # 092 -  Back"
F08E093,Frozen,F08,"Frozen Rack 08, Level: E, Position # 093 -  Front"
F08E094,Frozen,F08,"Frozen Rack 08, Level: E, Position # 094 -  Back"
F08E095,Frozen,F08,"Frozen Rack 08, Level: E, Position # 095 -  Front"
F08E096,Frozen,F08,"Frozen Rack 08, Level: E, Position # 096 -  Back"
F08E097,Frozen,F08,"Frozen Rack 08, Level: E, Position # 097 -  Front"
F08E098,Frozen,F08,"Frozen Rack 08, Level: E, Position # 098 -  Back"
F08E099,Frozen,F08,"Frozen Rack 08, Level: E, Position # 099 -  Front"
F08E100,Frozen,F08,"Frozen Rack 08, Level: E, Position # 100 -  Back"
F08E101,Frozen,F08,"Frozen Rack 08, Level: E, Position # 101 -  Front"
F08E102,Frozen,F08,"Frozen Rack 08, Level: E, Position # 102 -  Back"
F08E103,Frozen,F08,"Frozen Rack 08, Level: E, Position # 103 -  Front"
F08E104,Frozen,F08,"Frozen Rack 08, Level: E, Position # 104 -  Back"
F08E105,Frozen,F08,"Frozen Rack 08, Level: E, Position # 105 -  Front"
F08E106,Frozen,F08,"Frozen Rack 08, Level: E, Position # 106 -  Back"
F08E107,Frozen,F08,"Frozen Rack 08, Level: E, Position # 107 -  Front"
F08E108,Frozen,F08,"Frozen Rack 08, Level: E, Position # 108 -  Back"
F08E109,Frozen,F08,"Frozen Rack 08, Level: E, Position # 109 -  Front"
F08E110,Frozen,F08,"Frozen Rack 08, Level: E, Position # 110 -  Back"
F08E111,Frozen,F08,"Frozen Rack 08, Level: E, Position # 111 -  Front"
F08E112,Frozen,F08,"Frozen Rack 08, Level: E, Position # 112 -  Back"
F08F001,Frozen,F08,"Frozen Rack 08, Level: F, Position # 001 -  Front"
F08F002,Frozen,F08,"Frozen Rack 08, Level: F, Position # 002 -  Back"
F08F003,Frozen,F08,"Frozen Rack 08, Level: F, Position # 003 -  Front"
F08F004,Frozen,F08,"Frozen Rack 08, Level: F, Position # 004 -  Back"
F08F005,Frozen,F08,"Frozen Rack 08, Level: F, Position # 005 -  Front"
F08F006,Frozen,F08,"Frozen Rack 08, Level: F, Position # 006 -  Back"
F08F007,Frozen,F08,"Frozen Rack 08, Level: F, Position # 007 -  Front"
F08F008,Frozen,F08,"Frozen Rack 08, Level: F, Position # 008 -  Back"
F08F009,Frozen,F08,"Frozen Rack 08, Level: F, Position # 009 -  Front"
F08F010,Frozen,F08,"Frozen Rack 08, Level: F, Position # 010 -  Back"
F08F011,Frozen,F08,"Frozen Rack 08, Level: F, Position # 011 -  Front"
F08F012,Frozen,F08,"Frozen Rack 08, Level: F, Position # 012 -  Back"
F08F013,Frozen,F08,"Frozen Rack 08, Level: F, Position # 013 -  Front"
F08F014,Frozen,F08,"Frozen Rack 08, Level: F, Position # 014 -  Back"
F08F015,Frozen,F08,"Frozen Rack 08, Level: F, Position # 015 -  Front"
F08F016,Frozen,F08,"Frozen Rack 08, Level: F, Position # 016 -  Back"
F08F017,Frozen,F08,"Frozen Rack 08, Level: F, Position # 017 -  Front"
F08F018,Frozen,F08,"Frozen Rack 08, Level: F, Position # 018 -  Back"
F08F019,Frozen,F08,"Frozen Rack 08, Level: F, Position # 019 -  Front"
F08F021,Frozen,F08,"Frozen Rack 08, Level: F, Position # 021 -  Front"
F08F022,Frozen,F08,"Frozen Rack 08, Level: F, Position # 022 -  Back"
F08F023,Frozen,F08,"Frozen Rack 08, Level: F, Position # 023 -  Front"
F08F024,Frozen,F08,"Frozen Rack 08, Level: F, Position # 024 -  Back"
F08F025,Frozen,F08,"Frozen Rack 08, Level: F, Position # 025 -  Front"
F08F026,Frozen,F08,"Frozen Rack 08, Level: F, Position # 026 -  Back"
F08F027,Frozen,F08,"Frozen Rack 08, Level: F, Position # 027 -  Front"
F08F028,Frozen,F08,"Frozen Rack 08, Level: F, Position # 028 -  Back"
F08F029,Frozen,F08,"Frozen Rack 08, Level: F, Position # 029 -  Front"
F08F030,Frozen,F08,"Frozen Rack 08, Level: F, Position # 030 -  Back"
F08F031,Frozen,F08,"Frozen Rack 08, Level: F, Position # 031 -  Front"
F08F032,Frozen,F08,"Frozen Rack 08, Level: F, Position # 032 -  Back"
F08F033,Frozen,F08,"Frozen Rack 08, Level: F, Position # 033 -  Front"
F08F034,Frozen,F08,"Frozen Rack 08, Level: F, Position # 034 -  Back"
F08F035,Frozen,F08,"Frozen Rack 08, Level: F, Position # 035 -  Front"
F08F036,Frozen,F08,"Frozen Rack 08, Level: F, Position # 036 -  Back"
F08F037,Frozen,F08,"Frozen Rack 08, Level: F, Position # 037 -  Front"
F08F038,Frozen,F08,"Frozen Rack 08, Level: F, Position # 038 -  Back"
F08F039,Frozen,F08,"Frozen Rack 08, Level: F, Position # 039 -  Front"
F08F040,Frozen,F08,"Frozen Rack 08, Level: F, Position # 040 -  Back"
F08F041,Frozen,F08,"Frozen Rack 08, Level: F, Position # 041 -  Front"
F08F042,Frozen,F08,"Frozen Rack 08, Level: F, Position # 042 -  Back"
F08F043,Frozen,F08,"Frozen Rack 08, Level: F, Position # 043 -  Front"
F08F044,Frozen,F08,"Frozen Rack 08, Level: F, Position # 044 -  Back"
F08F045,Frozen,F08,"Frozen Rack 08, Level: F, Position # 045 -  Front"
F08F046,Frozen,F08,"Frozen Rack 08, Level: F, Position # 046 -  Back"
F08F047,Frozen,F08,"Frozen Rack 08, Level: F, Position # 047 -  Front"
F08F048,Frozen,F08,"Frozen Rack 08, Level: F, Position # 048 -  Back"
F08F049,Frozen,F08,"Frozen Rack 08, Level: F, Position # 049 -  Front"
F08F050,Frozen,F08,"Frozen Rack 08, Level: F, Position # 050 -  Back"
F08F051,Frozen,F08,"Frozen Rack 08, Level: F, Position # 051 -  Front"
F08F052,Frozen,F08,"Frozen Rack 08, Level: F, Position # 052 -  Back"
F08F053,Frozen,F08,"Frozen Rack 08, Level: F, Position # 053 -  Front"
F08F054,Frozen,F08,"Frozen Rack 08, Level: F, Position # 054 -  Back"
F08F055,Frozen,F08,"Frozen Rack 08, Level: F, Position # 055 -  Front"
F08F056,Frozen,F08,"Frozen Rack 08, Level: F, Position # 056 -  Back"
F08F057,Frozen,F08,"Frozen Rack 08, Level: F, Position # 057 -  Front"
F08F058,Frozen,F08,"Frozen Rack 08, Level: F, Position # 058 -  Back"
F08F059,Frozen,F08,"Frozen Rack 08, Level: F, Position # 059 -  Front"
F08F060,Frozen,F08,"Frozen Rack 08, Level: F, Position # 060 -  Back"
F08F061,Frozen,F08,"Frozen Rack 08, Level: F, Position # 061 -  Front"
F08F062,Frozen,F08,"Frozen Rack 08, Level: F, Position # 062 -  Back"
F08F063,Frozen,F08,"Frozen Rack 08, Level: F, Position # 063 -  Front"
F08F064,Frozen,F08,"Frozen Rack 08, Level: F, Position # 064 -  Back"
F08F065,Frozen,F08,"Frozen Rack 08, Level: F, Position # 065 -  Front"
F08F066,Frozen,F08,"Frozen Rack 08, Level: F, Position # 066 -  Back"
F08F067,Frozen,F08,"Frozen Rack 08, Level: F, Position # 067 -  Front"
F08F068,Frozen,F08,"Frozen Rack 08, Level: F, Position # 068 -  Back"
F08F069,Frozen,F08,"Frozen Rack 08, Level: F, Position # 069 -  Front"
F08F070,Frozen,F08,"Frozen Rack 08, Level: F, Position # 070 -  Back"
F08F071,Frozen,F08,"Frozen Rack 08, Level: F, Position # 071 -  Front"
F08F072,Frozen,F08,"Frozen Rack 08, Level: F, Position # 072 -  Back"
F08F073,Frozen,F08,"Frozen Rack 08, Level: F, Position # 073 -  Front"
F08F074,Frozen,F08,"Frozen Rack 08, Level: F, Position # 074 -  Back"
F08F075,Frozen,F08,"Frozen Rack 08, Level: F, Position # 075 -  Front"
F08F076,Frozen,F08,"Frozen Rack 08, Level: F, Position # 076 -  Back"
F08F077,Frozen,F08,"Frozen Rack 08, Level: F, Position # 077 -  Front"
F08F078,Frozen,F08,"Frozen Rack 08, Level: F, Position # 078 -  Back"
F08F079,Frozen,F08,"Frozen Rack 08, Level: F, Position # 079 -  Front"
F08F080,Frozen,F08,"Frozen Rack 08, Level: F, Position # 080 -  Back"
F08F081,Frozen,F08,"Frozen Rack 08, Level: F, Position # 081 -  Front"
F08F082,Frozen,F08,"Frozen Rack 08, Level: F, Position # 082 -  Back"
F08F083,Frozen,F08,"Frozen Rack 08, Level: F, Position # 083 -  Front"
F08F084,Frozen,F08,"Frozen Rack 08, Level: F, Position # 084 -  Back"
F08F085,Frozen,F08,"Frozen Rack 08, Level: F, Position # 085 -  Front"
F08F086,Frozen,F08,"Frozen Rack 08, Level: F, Position # 086 -  Back"
F08F087,Frozen,F08,"Frozen Rack 08, Level: F, Position # 087 -  Front"
F08F088,Frozen,F08,"Frozen Rack 08, Level: F, Position # 088 -  Back"
F08F089,Frozen,F08,"Frozen Rack 08, Level: F, Position # 089 -  Front"
F08F090,Frozen,F08,"Frozen Rack 08, Level: F, Position # 090 -  Back"
F08F091,Frozen,F08,"Frozen Rack 08, Level: F, Position # 091 -  Front"
F08F092,Frozen,F08,"Frozen Rack 08, Level: F, Position # 092 -  Back"
F08F093,Frozen,F08,"Frozen Rack 08, Level: F, Position # 093 -  Front"
F08F094,Frozen,F08,"Frozen Rack 08, Level: F, Position # 094 -  Back"
F08F095,Frozen,F08,"Frozen Rack 08, Level: F, Position # 095 -  Front"
F08F096,Frozen,F08,"Frozen Rack 08, Level: F, Position # 096 -  Back"
F08F097,Frozen,F08,"Frozen Rack 08, Level: F, Position # 097 -  Front"
F08F098,Frozen,F08,"Frozen Rack 08, Level: F, Position # 098 -  Back"
F08F099,Frozen,F08,"Frozen Rack 08, Level: F, Position # 099 -  Front"
F08F100,Frozen,F08,"Frozen Rack 08, Level: F, Position # 100 -  Back"
F08F101,Frozen,F08,"Frozen Rack 08, Level: F, Position # 101 -  Front"
F08F102,Frozen,F08,"Frozen Rack 08, Level: F, Position # 102 -  Back"
F08F103,Frozen,F08,"Frozen Rack 08, Level: F, Position # 103 -  Front"
F08F104,Frozen,F08,"Frozen Rack 08, Level: F, Position # 104 -  Back"
F08F105,Frozen,F08,"Frozen Rack 08, Level: F, Position # 105 -  Front"
F08F106,Frozen,F08,"Frozen Rack 08, Level: F, Position # 106 -  Back"
F08F107,Frozen,F08,"Frozen Rack 08, Level: F, Position # 107 -  Front"
F08F108,Frozen,F08,"Frozen Rack 08, Level: F, Position # 108 -  Back"
F08F109,Frozen,F08,"Frozen Rack 08, Level: F, Position # 109 -  Front"
F08F110,Frozen,F08,"Frozen Rack 08, Level: F, Position # 110 -  Back"
F08F111,Frozen,F08,"Frozen Rack 08, Level: F, Position # 111 -  Front"
F08F112,Frozen,F08,"Frozen Rack 08, Level: F, Position # 112 -  Back"
F09A001,Frozen,F09,"Frozen Rack 09, Level: A, Position # 001 -  Front"
F09A002,Frozen,F09,"Frozen Rack 09, Level: A, Position # 002 -  Back"
F09A003,Frozen,F09,"Frozen Rack 09, Level: A, Position # 003 -  Front"
F09A004,Frozen,F09,"Frozen Rack 09, Level: A, Position # 004 -  Back"
F09A005,Frozen,F09,"Frozen Rack 09, Level: A, Position # 005 -  Front"
F09A006,Frozen,F09,"Frozen Rack 09, Level: A, Position # 006 -  Back"
F09A007,Frozen,F09,"Frozen Rack 09, Level: A, Position # 007 -  Front"
F09A008,Frozen,F09,"Frozen Rack 09, Level: A, Position # 008 -  Back"
F09A009,Frozen,F09,"Frozen Rack 09, Level: A, Position # 009 -  Front"
F09A010,Frozen,F09,"Frozen Rack 09, Level: A, Position # 010 -  Back"
F09A011,Frozen,F09,"Frozen Rack 09, Level: A, Position # 011 -  Front"
F09A012,Frozen,F09,"Frozen Rack 09, Level: A, Position # 012 -  Back"
F09A019,Frozen,F09,"Frozen Rack 09, Level: A, Position # 019 -  Front"
F09A020,Frozen,F09,"Frozen Rack 09, Level: A, Position # 020 -  Back"
F09A021,Frozen,F09,"Frozen Rack 09, Level: A, Position # 021 -  Front"
F09A022,Frozen,F09,"Frozen Rack 09, Level: A, Position # 022 -  Back"
F09A023,Frozen,F09,"Frozen Rack 09, Level: A, Position # 023 -  Front"
F09A024,Frozen,F09,"Frozen Rack 09, Level: A, Position # 024 -  Back"
F09A025,Frozen,F09,"Frozen Rack 09, Level: A, Position # 025 -  Front"
F09A026,Frozen,F09,"Frozen Rack 09, Level: A, Position # 026 -  Back"
F09A027,Frozen,F09,"Frozen Rack 09, Level: A, Position # 027 -  Front"
F09A028,Frozen,F09,"Frozen Rack 09, Level: A, Position # 028 -  Back"
F09A029,Frozen,F09,"Frozen Rack 09, Level: A, Position # 029 -  Front"
F09A030,Frozen,F09,"Frozen Rack 09, Level: A, Position # 030 -  Back"
F09A031,Frozen,F09,"Frozen Rack 09, Level: A, Position # 031 -  Front"
F09A032,Frozen,F09,"Frozen Rack 09, Level: A, Position # 032 -  Back"
F09A033,Frozen,F09,"Frozen Rack 09, Level: A, Position # 033 -  Front"
F09A034,Frozen,F09,"Frozen Rack 09, Level: A, Position # 034 -  Back"
F09A035,Frozen,F09,"Frozen Rack 09, Level: A, Position # 035 -  Front"
F09A036,Frozen,F09,"Frozen Rack 09, Level: A, Position # 036 -  Back"
F09A037,Frozen,F09,"Frozen Rack 09, Level: A, Position # 037 -  Front"
F09A038,Frozen,F09,"Frozen Rack 09, Level: A, Position # 038 -  Back"
F09A039,Frozen,F09,"Frozen Rack 09, Level: A, Position # 039 -  Front"
F09A040,Frozen,F09,"Frozen Rack 09, Level: A, Position # 040 -  Back"
F09A041,Frozen,F09,"Frozen Rack 09, Level: A, Position # 041 -  Front"
F09A042,Frozen,F09,"Frozen Rack 09, Level: A, Position # 042 -  Back"
F09A043,Frozen,F09,"Frozen Rack 09, Level: A, Position # 043 -  Front"
F09A044,Frozen,F09,"Frozen Rack 09, Level: A, Position # 044 -  Back"
F09A045,Frozen,F09,"Frozen Rack 09, Level: A, Position # 045 -  Front"
F09A046,Frozen,F09,"Frozen Rack 09, Level: A, Position # 046 -  Back"
F09A047,Frozen,F09,"Frozen Rack 09, Level: A, Position # 047 -  Front"
F09A048,Frozen,F09,"Frozen Rack 09, Level: A, Position # 048 -  Back"
F09A049,Frozen,F09,"Frozen Rack 09, Level: A, Position # 049 -  Front"
F09A050,Frozen,F09,"Frozen Rack 09, Level: A, Position # 050 -  Back"
F09A051,Frozen,F09,"Frozen Rack 09, Level: A, Position # 051 -  Front"
F09A052,Frozen,F09,"Frozen Rack 09, Level: A, Position # 052 -  Back"
F09A053,Frozen,F09,"Frozen Rack 09, Level: A, Position # 053 -  Front"
F09A054,Frozen,F09,"Frozen Rack 09, Level: A, Position # 054 -  Back"
F09A061,Frozen,F09,"Frozen Rack 09, Level: A, Position # 061 -  Front"
F09A062,Frozen,F09,"Frozen Rack 09, Level: A, Position # 062 -  Back"
F09A063,Frozen,F09,"Frozen Rack 09, Level: A, Position # 063 -  Front"
F09A064,Frozen,F09,"Frozen Rack 09, Level: A, Position # 064 -  Back"
F09A065,Frozen,F09,"Frozen Rack 09, Level: A, Position # 065 -  Front"
F09A066,Frozen,F09,"Frozen Rack 09, Level: A, Position # 066 -  Back"
F09A067,Frozen,F09,"Frozen Rack 09, Level: A, Position # 067 -  Front"
F09A068,Frozen,F09,"Frozen Rack 09, Level: A, Position # 068 -  Back"
F09A069,Frozen,F09,"Frozen Rack 09, Level: A, Position # 069 -  Front"
F09A070,Frozen,F09,"Frozen Rack 09, Level: A, Position # 070 -  Back"
F09A071,Frozen,F09,"Frozen Rack 09, Level: A, Position # 071 -  Front"
F09A072,Frozen,F09,"Frozen Rack 09, Level: A, Position # 072 -  Back"
F09A073,Frozen,F09,"Frozen Rack 09, Level: A, Position # 073 -  Front"
F09A074,Frozen,F09,"Frozen Rack 09, Level: A, Position # 074 -  Back"
F09A075,Frozen,F09,"Frozen Rack 09, Level: A, Position # 075 -  Front"
F09A076,Frozen,F09,"Frozen Rack 09, Level: A, Position # 076 -  Back"
F09A077,Frozen,F09,"Frozen Rack 09, Level: A, Position # 077 -  Front"
F09A078,Frozen,F09,"Frozen Rack 09, Level: A, Position # 078 -  Back"
F09A079,Frozen,F09,"Frozen Rack 09, Level: A, Position # 079 -  Front"
F09A080,Frozen,F09,"Frozen Rack 09, Level: A, Position # 080 -  Back"
F09A081,Frozen,F09,"Frozen Rack 09, Level: A, Position # 081 -  Front"
F09A082,Frozen,F09,"Frozen Rack 09, Level: A, Position # 082 -  Back"
F09A083,Frozen,F09,"Frozen Rack 09, Level: A, Position # 083 -  Front"
F09A084,Frozen,F09,"Frozen Rack 09, Level: A, Position # 084 -  Back"
F09A085,Frozen,F09,"Frozen Rack 09, Level: A, Position # 085 -  Front"
F09A086,Frozen,F09,"Frozen Rack 09, Level: A, Position # 086 -  Back"
F09A087,Frozen,F09,"Frozen Rack 09, Level: A, Position # 087 -  Front"
F09A088,Frozen,F09,"Frozen Rack 09, Level: A, Position # 088 -  Back"
F09A089,Frozen,F09,"Frozen Rack 09, Level: A, Position # 089 -  Front"
F09A090,Frozen,F09,"Frozen Rack 09, Level: A, Position # 090 -  Back"
F09A091,Frozen,F09,"Frozen Rack 09, Level: A, Position # 091 -  Front"
F09A092,Frozen,F09,"Frozen Rack 09, Level: A, Position # 092 -  Back"
F09A093,Frozen,F09,"Frozen Rack 09, Level: A, Position # 093 -  Front"
F09A094,Frozen,F09,"Frozen Rack 09, Level: A, Position # 094 -  Back"
F09A095,Frozen,F09,"Frozen Rack 09, Level: A, Position # 095 -  Front"
F09A096,Frozen,F09,"Frozen Rack 09, Level: A, Position # 096 -  Back"
F09A103,Frozen,F09,"Frozen Rack 09, Level: A, Position # 103 -  Front"
F09A104,Frozen,F09,"Frozen Rack 09, Level: A, Position # 104 -  Back"
F09A105,Frozen,F09,"Frozen Rack 09, Level: A, Position # 105 -  Front"
F09A106,Frozen,F09,"Frozen Rack 09, Level: A, Position # 106 -  Back"
F09A107,Frozen,F09,"Frozen Rack 09, Level: A, Position # 107 -  Front"
F09A108,Frozen,F09,"Frozen Rack 09, Level: A, Position # 108 -  Back"
F09A109,Frozen,F09,"Frozen Rack 09, Level: A, Position # 109 -  Front"
F09A110,Frozen,F09,"Frozen Rack 09, Level: A, Position # 110 -  Back"
F09A111,Frozen,F09,"Frozen Rack 09, Level: A, Position # 111 -  Front"
F09A112,Frozen,F09,"Frozen Rack 09, Level: A, Position # 112 -  Back"
F09B001,Frozen,F09,"Frozen Rack 09, Level: B, Position # 001 -  Front"
F09B002,Frozen,F09,"Frozen Rack 09, Level: B, Position # 002 -  Back"
F09B003,Frozen,F09,"Frozen Rack 09, Level: B, Position # 003 -  Front"
F09B004,Frozen,F09,"Frozen Rack 09, Level: B, Position # 004 -  Back"
F09B005,Frozen,F09,"Frozen Rack 09, Level: B, Position # 005 -  Front"
F09B006,Frozen,F09,"Frozen Rack 09, Level: B, Position # 006 -  Back"
F09B007,Frozen,F09,"Frozen Rack 09, Level: B, Position # 007 -  Front"
F09B008,Frozen,F09,"Frozen Rack 09, Level: B, Position # 008 -  Back"
F09B009,Frozen,F09,"Frozen Rack 09, Level: B, Position # 009 -  Front"
F09B010,Frozen,F09,"Frozen Rack 09, Level: B, Position # 010 -  Back"
F09B011,Frozen,F09,"Frozen Rack 09, Level: B, Position # 011 -  Front"
F09B012,Frozen,F09,"Frozen Rack 09, Level: B, Position # 012 -  Back"
F09B019,Frozen,F09,"Frozen Rack 09, Level: B, Position # 019 -  Front"
F09B020,Frozen,F09,"Frozen Rack 09, Level: B, Position # 020 -  Back"
F09B021,Frozen,F09,"Frozen Rack 09, Level: B, Position # 021 -  Front"
F09B022,Frozen,F09,"Frozen Rack 09, Level: B, Position # 022 -  Back"
F09B023,Frozen,F09,"Frozen Rack 09, Level: B, Position # 023 -  Front"
F09B024,Frozen,F09,"Frozen Rack 09, Level: B, Position # 024 -  Back"
F09B025,Frozen,F09,"Frozen Rack 09, Level: B, Position # 025 -  Front"
F09B026,Frozen,F09,"Frozen Rack 09, Level: B, Position # 026 -  Back"
F09B027,Frozen,F09,"Frozen Rack 09, Level: B, Position # 027 -  Front"
F09B028,Frozen,F09,"Frozen Rack 09, Level: B, Position # 028 -  Back"
F09B029,Frozen,F09,"Frozen Rack 09, Level: B, Position # 029 -  Front"
F09B030,Frozen,F09,"Frozen Rack 09, Level: B, Position # 030 -  Back"
F09B031,Frozen,F09,"Frozen Rack 09, Level: B, Position # 031 -  Front"
F09B032,Frozen,F09,"Frozen Rack 09, Level: B, Position # 032 -  Back"
F09B033,Frozen,F09,"Frozen Rack 09, Level: B, Position # 033 -  Front"
F09B034,Frozen,F09,"Frozen Rack 09, Level: B, Position # 034 -  Back"
F09B035,Frozen,F09,"Frozen Rack 09, Level: B, Position # 035 -  Front"
F09B036,Frozen,F09,"Frozen Rack 09, Level: B, Position # 036 -  Back"
F09B037,Frozen,F09,"Frozen Rack 09, Level: B, Position # 037 -  Front"
F09B038,Frozen,F09,"Frozen Rack 09, Level: B, Position # 038 -  Back"
F09B039,Frozen,F09,"Frozen Rack 09, Level: B, Position # 039 -  Front"
F09B040,Frozen,F09,"Frozen Rack 09, Level: B, Position # 040 -  Back"
F09B041,Frozen,F09,"Frozen Rack 09, Level: B, Position # 041 -  Front"
F09B042,Frozen,F09,"Frozen Rack 09, Level: B, Position # 042 -  Back"
F09B043,Frozen,F09,"Frozen Rack 09, Level: B, Position # 043 -  Front"
F09B044,Frozen,F09,"Frozen Rack 09, Level: B, Position # 044 -  Back"
F09B045,Frozen,F09,"Frozen Rack 09, Level: B, Position # 045 -  Front"
F09B046,Frozen,F09,"Frozen Rack 09, Level: B, Position # 046 -  Back"
F09B047,Frozen,F09,"Frozen Rack 09, Level: B, Position # 047 -  Front"
F09B048,Frozen,F09,"Frozen Rack 09, Level: B, Position # 048 -  Back"
F09B049,Frozen,F09,"Frozen Rack 09, Level: B, Position # 049 -  Front"
F09B050,Frozen,F09,"Frozen Rack 09, Level: B, Position # 050 -  Back"
F09B051,Frozen,F09,"Frozen Rack 09, Level: B, Position # 051 -  Front"
F09B052,Frozen,F09,"Frozen Rack 09, Level: B, Position # 052 -  Back"
F09B053,Frozen,F09,"Frozen Rack 09, Level: B, Position # 053 -  Front"
F09B054,Frozen,F09,"Frozen Rack 09, Level: B, Position # 054 -  Back"
F09B061,Frozen,F09,"Frozen Rack 09, Level: B, Position # 061 -  Front"
F09B062,Frozen,F09,"Frozen Rack 09, Level: B, Position # 062 -  Back"
F09B063,Frozen,F09,"Frozen Rack 09, Level: B, Position # 063 -  Front"
F09B064,Frozen,F09,"Frozen Rack 09, Level: B, Position # 064 -  Back"
F09B065,Frozen,F09,"Frozen Rack 09, Level: B, Position # 065 -  Front"
F09B066,Frozen,F09,"Frozen Rack 09, Level: B, Position # 066 -  Back"
F09B067,Frozen,F09,"Frozen Rack 09, Level: B, Position # 067 -  Front"
F09B068,Frozen,F09,"Frozen Rack 09, Level: B, Position # 068 -  Back"
F09B069,Frozen,F09,"Frozen Rack 09, Level: B, Position # 069 -  Front"
F09B070,Frozen,F09,"Frozen Rack 09, Level: B, Position # 070 -  Back"
F09B071,Frozen,F09,"Frozen Rack 09, Level: B, Position # 071 -  Front"
F09B072,Frozen,F09,"Frozen Rack 09, Level: B, Position # 072 -  Back"
F09B073,Frozen,F09,"Frozen Rack 09, Level: B, Position # 073 -  Front"
F09B074,Frozen,F09,"Frozen Rack 09, Level: B, Position # 074 -  Back"
F09B075,Frozen,F09,"Frozen Rack 09, Level: B, Position # 075 -  Front"
F09B076,Frozen,F09,"Frozen Rack 09, Level: B, Position # 076 -  Back"
F09B077,Frozen,F09,"Frozen Rack 09, Level: B, Position # 077 -  Front"
F09B078,Frozen,F09,"Frozen Rack 09, Level: B, Position # 078 -  Back"
F09B079,Frozen,F09,"Frozen Rack 09, Level: B, Position # 079 -  Front"
F09B080,Frozen,F09,"Frozen Rack 09, Level: B, Position # 080 -  Back"
F09B081,Frozen,F09,"Frozen Rack 09, Level: B, Position # 081 -  Front"
F09B082,Frozen,F09,"Frozen Rack 09, Level: B, Position # 082 -  Back"
F09B083,Frozen,F09,"Frozen Rack 09, Level: B, Position # 083 -  Front"
F09B084,Frozen,F09,"Frozen Rack 09, Level: B, Position # 084 -  Back"
F09B085,Frozen,F09,"Frozen Rack 09, Level: B, Position # 085 -  Front"
F09B086,Frozen,F09,"Frozen Rack 09, Level: B, Position # 086 -  Back"
F09B087,Frozen,F09,"Frozen Rack 09, Level: B, Position # 087 -  Front"
F09B088,Frozen,F09,"Frozen Rack 09, Level: B, Position # 088 -  Back"
F09B089,Frozen,F09,"Frozen Rack 09, Level: B, Position # 089 -  Front"
F09B090,Frozen,F09,"Frozen Rack 09, Level: B, Position # 090 -  Back"
F09B091,Frozen,F09,"Frozen Rack 09, Level: B, Position # 091 -  Front"
F09B092,Frozen,F09,"Frozen Rack 09, Level: B, Position # 092 -  Back"
F09B093,Frozen,F09,"Frozen Rack 09, Level: B, Position # 093 -  Front"
F09B094,Frozen,F09,"Frozen Rack 09, Level: B, Position # 094 -  Back"
F09B095,Frozen,F09,"Frozen Rack 09, Level: B, Position # 095 -  Front"
F09B096,Frozen,F09,"Frozen Rack 09, Level: B, Position # 096 -  Back"
F09B103,Frozen,F09,"Frozen Rack 09, Level: B, Position # 103 -  Front"
F09B104,Frozen,F09,"Frozen Rack 09, Level: B, Position # 104 -  Back"
F09B105,Frozen,F09,"Frozen Rack 09, Level: B, Position # 105 -  Front"
F09B106,Frozen,F09,"Frozen Rack 09, Level: B, Position # 106 -  Back"
F09B107,Frozen,F09,"Frozen Rack 09, Level: B, Position # 107 -  Front"
F09B108,Frozen,F09,"Frozen Rack 09, Level: B, Position # 108 -  Back"
F09B109,Frozen,F09,"Frozen Rack 09, Level: B, Position # 109 -  Front"
F09B110,Frozen,F09,"Frozen Rack 09, Level: B, Position # 110 -  Back"
F09B111,Frozen,F09,"Frozen Rack 09, Level: B, Position # 111 -  Front"
F09B112,Frozen,F09,"Frozen Rack 09, Level: B, Position # 112 -  Back"
F09C001,Frozen,F09,"Frozen Rack 09, Level: C, Position # 001 -  Front"
F09C002,Frozen,F09,"Frozen Rack 09, Level: C, Position # 002 -  Back"
F09C003,Frozen,F09,"Frozen Rack 09, Level: C, Position # 003 -  Front"
F09C004,Frozen,F09,"Frozen Rack 09, Level: C, Position # 004 -  Back"
F09C005,Frozen,F09,"Frozen Rack 09, Level: C, Position # 005 -  Front"
F09C006,Frozen,F09,"Frozen Rack 09, Level: C, Position # 006 -  Back"
F09C007,Frozen,F09,"Frozen Rack 09, Level: C, Position # 007 -  Front"
F09C008,Frozen,F09,"Frozen Rack 09, Level: C, Position # 008 -  Back"
F09C009,Frozen,F09,"Frozen Rack 09, Level: C, Position # 009 -  Front"
F09C010,Frozen,F09,"Frozen Rack 09, Level: C, Position # 010 -  Back"
F09C011,Frozen,F09,"Frozen Rack 09, Level: C, Position # 011 -  Front"
F09C012,Frozen,F09,"Frozen Rack 09, Level: C, Position # 012 -  Back"
F09C019,Frozen,F09,"Frozen Rack 09, Level: C, Position # 019 -  Front"
F09C020,Frozen,F09,"Frozen Rack 09, Level: C, Position # 020 -  Back"
F09C021,Frozen,F09,"Frozen Rack 09, Level: C, Position # 021 -  Front"
F09C022,Frozen,F09,"Frozen Rack 09, Level: C, Position # 022 -  Back"
F09C023,Frozen,F09,"Frozen Rack 09, Level: C, Position # 023 -  Front"
F09C024,Frozen,F09,"Frozen Rack 09, Level: C, Position # 024 -  Back"
F09C025,Frozen,F09,"Frozen Rack 09, Level: C, Position # 025 -  Front"
F09C026,Frozen,F09,"Frozen Rack 09, Level: C, Position # 026 -  Back"
F09C027,Frozen,F09,"Frozen Rack 09, Level: C, Position # 027 -  Front"
F09C028,Frozen,F09,"Frozen Rack 09, Level: C, Position # 028 -  Back"
F09C029,Frozen,F09,"Frozen Rack 09, Level: C, Position # 029 -  Front"
F09C030,Frozen,F09,"Frozen Rack 09, Level: C, Position # 030 -  Back"
F09C031,Frozen,F09,"Frozen Rack 09, Level: C, Position # 031 -  Front"
F09C032,Frozen,F09,"Frozen Rack 09, Level: C, Position # 032 -  Back"
F09C033,Frozen,F09,"Frozen Rack 09, Level: C, Position # 033 -  Front"
F09C034,Frozen,F09,"Frozen Rack 09, Level: C, Position # 034 -  Back"
F09C035,Frozen,F09,"Frozen Rack 09, Level: C, Position # 035 -  Front"
F09C036,Frozen,F09,"Frozen Rack 09, Level: C, Position # 036 -  Back"
F09C037,Frozen,F09,"Frozen Rack 09, Level: C, Position # 037 -  Front"
F09C038,Frozen,F09,"Frozen Rack 09, Level: C, Position # 038 -  Back"
F09C039,Frozen,F09,"Frozen Rack 09, Level: C, Position # 039 -  Front"
F09C040,Frozen,F09,"Frozen Rack 09, Level: C, Position # 040 -  Back"
F09C041,Frozen,F09,"Frozen Rack 09, Level: C, Position # 041 -  Front"
F09C042,Frozen,F09,"Frozen Rack 09, Level: C, Position # 042 -  Back"
F09C043,Frozen,F09,"Frozen Rack 09, Level: C, Position # 043 -  Front"
F09C044,Frozen,F09,"Frozen Rack 09, Level: C, Position # 044 -  Back"
F09C045,Frozen,F09,"Frozen Rack 09, Level: C, Position # 045 -  Front"
F09C046,Frozen,F09,"Frozen Rack 09, Level: C, Position # 046 -  Back"
F09C047,Frozen,F09,"Frozen Rack 09, Level: C, Position # 047 -  Front"
F09C048,Frozen,F09,"Frozen Rack 09, Level: C, Position # 048 -  Back"
F09C049,Frozen,F09,"Frozen Rack 09, Level: C, Position # 049 -  Front"
F09C050,Frozen,F09,"Frozen Rack 09, Level: C, Position # 050 -  Back"
F09C051,Frozen,F09,"Frozen Rack 09, Level: C, Position # 051 -  Front"
F09C052,Frozen,F09,"Frozen Rack 09, Level: C, Position # 052 -  Back"
F09C053,Frozen,F09,"Frozen Rack 09, Level: C, Position # 053 -  Front"
F09C054,Frozen,F09,"Frozen Rack 09, Level: C, Position # 054 -  Back"
F09C061,Frozen,F09,"Frozen Rack 09, Level: C, Position # 061 -  Front"
F09C062,Frozen,F09,"Frozen Rack 09, Level: C, Position # 062 -  Back"
F09C063,Frozen,F09,"Frozen Rack 09, Level: C, Position # 063 -  Front"
F09C064,Frozen,F09,"Frozen Rack 09, Level: C, Position # 064 -  Back"
F09C065,Frozen,F09,"Frozen Rack 09, Level: C, Position # 065 -  Front"
F09C066,Frozen,F09,"Frozen Rack 09, Level: C, Position # 066 -  Back"
F09C067,Frozen,F09,"Frozen Rack 09, Level: C, Position # 067 -  Front"
F09C068,Frozen,F09,"Frozen Rack 09, Level: C, Position # 068 -  Back"
F09C069,Frozen,F09,"Frozen Rack 09, Level: C, Position # 069 -  Front"
F09C070,Frozen,F09,"Frozen Rack 09, Level: C, Position # 070 -  Back"
F09C071,Frozen,F09,"Frozen Rack 09, Level: C, Position # 071 -  Front"
F09C072,Frozen,F09,"Frozen Rack 09, Level: C, Position # 072 -  Back"
F09C073,Frozen,F09,"Frozen Rack 09, Level: C, Position # 073 -  Front"
F09C074,Frozen,F09,"Frozen Rack 09, Level: C, Position # 074 -  Back"
F09C075,Frozen,F09,"Frozen Rack 09, Level: C, Position # 075 -  Front"
F09C076,Frozen,F09,"Frozen Rack 09, Level: C, Position # 076 -  Back"
F09C077,Frozen,F09,"Frozen Rack 09, Level: C, Position # 077 -  Front"
F09C078,Frozen,F09,"Frozen Rack 09, Level: C, Position # 078 -  Back"
F09C079,Frozen,F09,"Frozen Rack 09, Level: C, Position # 079 -  Front"
F09C080,Frozen,F09,"Frozen Rack 09, Level: C, Position # 080 -  Back"
F09C081,Frozen,F09,"Frozen Rack 09, Level: C, Position # 081 -  Front"
F09C082,Frozen,F09,"Frozen Rack 09, Level: C, Position # 082 -  Back"
F09C083,Frozen,F09,"Frozen Rack 09, Level: C, Position # 083 -  Front"
F09C084,Frozen,F09,"Frozen Rack 09, Level: C, Position # 084 -  Back"
F09C085,Frozen,F09,"Frozen Rack 09, Level: C, Position # 085 -  Front"
F09C086,Frozen,F09,"Frozen Rack 09, Level: C, Position # 086 -  Back"
F09C087,Frozen,F09,"Frozen Rack 09, Level: C, Position # 087 -  Front"
F09C088,Frozen,F09,"Frozen Rack 09, Level: C, Position # 088 -  Back"
F09C089,Frozen,F09,"Frozen Rack 09, Level: C, Position # 089 -  Front"
F09C090,Frozen,F09,"Frozen Rack 09, Level: C, Position # 090 -  Back"
F09C091,Frozen,F09,"Frozen Rack 09, Level: C, Position # 091 -  Front"
F09C092,Frozen,F09,"Frozen Rack 09, Level: C, Position # 092 -  Back"
F09C093,Frozen,F09,"Frozen Rack 09, Level: C, Position # 093 -  Front"
F09C094,Frozen,F09,"Frozen Rack 09, Level: C, Position # 094 -  Back"
F09C095,Frozen,F09,"Frozen Rack 09, Level: C, Position # 095 -  Front"
F09C096,Frozen,F09,"Frozen Rack 09, Level: C, Position # 096 -  Back"
F09C103,Frozen,F09,"Frozen Rack 09, Level: C, Position # 103 -  Front"
F09C104,Frozen,F09,"Frozen Rack 09, Level: C, Position # 104 -  Back"
F09C105,Frozen,F09,"Frozen Rack 09, Level: C, Position # 105 -  Front"
F09C106,Frozen,F09,"Frozen Rack 09, Level: C, Position # 106 -  Back"
F09C107,Frozen,F09,"Frozen Rack 09, Level: C, Position # 107 -  Front"
F09C108,Frozen,F09,"Frozen Rack 09, Level: C, Position # 108 -  Back"
F09C109,Frozen,F09,"Frozen Rack 09, Level: C, Position # 109 -  Front"
F09C110,Frozen,F09,"Frozen Rack 09, Level: C, Position # 110 -  Back"
F09C111,Frozen,F09,"Frozen Rack 09, Level: C, Position # 111 -  Front"
F09C112,Frozen,F09,"Frozen Rack 09, Level: C, Position # 112 -  Back"
F09D001,Frozen,F09,"Frozen Rack 09, Level: D, Position # 001 -  Front"
F09D002,Frozen,F09,"Frozen Rack 09, Level: D, Position # 002 -  Back"
F09D003,Frozen,F09,"Frozen Rack 09, Level: D, Position # 003 -  Front"
F09D004,Frozen,F09,"Frozen Rack 09, Level: D, Position # 004 -  Back"
F09D005,Frozen,F09,"Frozen Rack 09, Level: D, Position # 005 -  Front"
F09D006,Frozen,F09,"Frozen Rack 09, Level: D, Position # 006 -  Back"
F09D007,Frozen,F09,"Frozen Rack 09, Level: D, Position # 007 -  Front"
F09D008,Frozen,F09,"Frozen Rack 09, Level: D, Position # 008 -  Back"
F09D009,Frozen,F09,"Frozen Rack 09, Level: D, Position # 009 -  Front"
F09D010,Frozen,F09,"Frozen Rack 09, Level: D, Position # 010 -  Back"
F09D011,Frozen,F09,"Frozen Rack 09, Level: D, Position # 011 -  Front"
F09D012,Frozen,F09,"Frozen Rack 09, Level: D, Position # 012 -  Back"
F09D013,Frozen,F09,"Frozen Rack 09, Level: D, Position # 013 -  Front"
F09D014,Frozen,F09,"Frozen Rack 09, Level: D, Position # 014 -  Back"
F09D015,Frozen,F09,"Frozen Rack 09, Level: D, Position # 015 -  Front"
F09D016,Frozen,F09,"Frozen Rack 09, Level: D, Position # 016 -  Back"
F09D017,Frozen,F09,"Frozen Rack 09, Level: D, Position # 017 -  Front"
F09D018,Frozen,F09,"Frozen Rack 09, Level: D, Position # 018 -  Back"
F09D019,Frozen,F09,"Frozen Rack 09, Level: D, Position # 019 -  Front"
F09D020,Frozen,F09,"Frozen Rack 09, Level: D, Position # 020 -  Back"
F09D021,Frozen,F09,"Frozen Rack 09, Level: D, Position # 021 -  Front"
F09D022,Frozen,F09,"Frozen Rack 09, Level: D, Position # 022 -  Back"
F09D023,Frozen,F09,"Frozen Rack 09, Level: D, Position # 023 -  Front"
F09D024,Frozen,F09,"Frozen Rack 09, Level: D, Position # 024 -  Back"
F09D025,Frozen,F09,"Frozen Rack 09, Level: D, Position # 025 -  Front"
F09D026,Frozen,F09,"Frozen Rack 09, Level: D, Position # 026 -  Back"
F09D027,Frozen,F09,"Frozen Rack 09, Level: D, Position # 027 -  Front"
F09D028,Frozen,F09,"Frozen Rack 09, Level: D, Position # 028 -  Back"
F09D029,Frozen,F09,"Frozen Rack 09, Level: D, Position # 029 -  Front"
F09D030,Frozen,F09,"Frozen Rack 09, Level: D, Position # 030 -  Back"
F09D031,Frozen,F09,"Frozen Rack 09, Level: D, Position # 031 -  Front"
F09D032,Frozen,F09,"Frozen Rack 09, Level: D, Position # 032 -  Back"
F09D033,Frozen,F09,"Frozen Rack 09, Level: D, Position # 033 -  Front"
F09D034,Frozen,F09,"Frozen Rack 09, Level: D, Position # 034 -  Back"
F09D035,Frozen,F09,"Frozen Rack 09, Level: D, Position # 035 -  Front"
F09D036,Frozen,F09,"Frozen Rack 09, Level: D, Position # 036 -  Back"
F09D037,Frozen,F09,"Frozen Rack 09, Level: D, Position # 037 -  Front"
F09D038,Frozen,F09,"Frozen Rack 09, Level: D, Position # 038 -  Back"
F09D039,Frozen,F09,"Frozen Rack 09, Level: D, Position # 039 -  Front"
F09D040,Frozen,F09,"Frozen Rack 09, Level: D, Position # 040 -  Back"
F09D041,Frozen,F09,"Frozen Rack 09, Level: D, Position # 041 -  Front"
F09D042,Frozen,F09,"Frozen Rack 09, Level: D, Position # 042 -  Back"
F09D043,Frozen,F09,"Frozen Rack 09, Level: D, Position # 043 -  Front"
F09D044,Frozen,F09,"Frozen Rack 09, Level: D, Position # 044 -  Back"
F09D045,Frozen,F09,"Frozen Rack 09, Level: D, Position # 045 -  Front"
F09D046,Frozen,F09,"Frozen Rack 09, Level: D, Position # 046 -  Back"
F09D047,Frozen,F09,"Frozen Rack 09, Level: D, Position # 047 -  Front"
F09D048,Frozen,F09,"Frozen Rack 09, Level: D, Position # 048 -  Back"
F09D049,Frozen,F09,"Frozen Rack 09, Level: D, Position # 049 -  Front"
F09D050,Frozen,F09,"Frozen Rack 09, Level: D, Position # 050 -  Back"
F09D051,Frozen,F09,"Frozen Rack 09, Level: D, Position # 051 -  Front"
F09D052,Frozen,F09,"Frozen Rack 09, Level: D, Position # 052 -  Back"
F09D053,Frozen,F09,"Frozen Rack 09, Level: D, Position # 053 -  Front"
F09D054,Frozen,F09,"Frozen Rack 09, Level: D, Position # 054 -  Back"
F09D055,Frozen,F09,"Frozen Rack 09, Level: D, Position # 055 -  Front"
F09D056,Frozen,F09,"Frozen Rack 09, Level: D, Position # 056 -  Back"
F09D057,Frozen,F09,"Frozen Rack 09, Level: D, Position # 057 -  Front"
F09D058,Frozen,F09,"Frozen Rack 09, Level: D, Position # 058 -  Back"
F09D059,Frozen,F09,"Frozen Rack 09, Level: D, Position # 059 -  Front"
F09D060,Frozen,F09,"Frozen Rack 09, Level: D, Position # 060 -  Back"
F09D061,Frozen,F09,"Frozen Rack 09, Level: D, Position # 061 -  Front"
F09D062,Frozen,F09,"Frozen Rack 09, Level: D, Position # 062 -  Back"
F09D063,Frozen,F09,"Frozen Rack 09, Level: D, Position # 063 -  Front"
F09D064,Frozen,F09,"Frozen Rack 09, Level: D, Position # 064 -  Back"
F09D065,Frozen,F09,"Frozen Rack 09, Level: D, Position # 065 -  Front"
F09D066,Frozen,F09,"Frozen Rack 09, Level: D, Position # 066 -  Back"
F09D067,Frozen,F09,"Frozen Rack 09, Level: D, Position # 067 -  Front"
F09D068,Frozen,F09,"Frozen Rack 09, Level: D, Position # 068 -  Back"
F09D069,Frozen,F09,"Frozen Rack 09, Level: D, Position # 069 -  Front"
F09D070,Frozen,F09,"Frozen Rack 09, Level: D, Position # 070 -  Back"
F09D071,Frozen,F09,"Frozen Rack 09, Level: D, Position # 071 -  Front"
F09D072,Frozen,F09,"Frozen Rack 09, Level: D, Position # 072 -  Back"
F09D073,Frozen,F09,"Frozen Rack 09, Level: D, Position # 073 -  Front"
F09D074,Frozen,F09,"Frozen Rack 09, Level: D, Position # 074 -  Back"
F09D075,Frozen,F09,"Frozen Rack 09, Level: D, Position # 075 -  Front"
F09D076,Frozen,F09,"Frozen Rack 09, Level: D, Position # 076 -  Back"
F09D077,Frozen,F09,"Frozen Rack 09, Level: D, Position # 077 -  Front"
F09D078,Frozen,F09,"Frozen Rack 09, Level: D, Position # 078 -  Back"
F09D079,Frozen,F09,"Frozen Rack 09, Level: D, Position # 079 -  Front"
F09D080,Frozen,F09,"Frozen Rack 09, Level: D, Position # 080 -  Back"
F09D081,Frozen,F09,"Frozen Rack 09, Level: D, Position # 081 -  Front"
F09D082,Frozen,F09,"Frozen Rack 09, Level: D, Position # 082 -  Back"
F09D083,Frozen,F09,"Frozen Rack 09, Level: D, Position # 083 -  Front"
F09D084,Frozen,F09,"Frozen Rack 09, Level: D, Position # 084 -  Back"
F09D085,Frozen,F09,"Frozen Rack 09, Level: D, Position # 085 -  Front"
F09D086,Frozen,F09,"Frozen Rack 09, Level: D, Position # 086 -  Back"
F09D087,Frozen,F09,"Frozen Rack 09, Level: D, Position # 087 -  Front"
F09D088,Frozen,F09,"Frozen Rack 09, Level: D, Position # 088 -  Back"
F09D089,Frozen,F09,"Frozen Rack 09, Level: D, Position # 089 -  Front"
F09D090,Frozen,F09,"Frozen Rack 09, Level: D, Position # 090 -  Back"
F09D091,Frozen,F09,"Frozen Rack 09, Level: D, Position # 091 -  Front"
F09D092,Frozen,F09,"Frozen Rack 09, Level: D, Position # 092 -  Back"
F09D093,Frozen,F09,"Frozen Rack 09, Level: D, Position # 093 -  Front"
F09D094,Frozen,F09,"Frozen Rack 09, Level: D, Position # 094 -  Back"
F09D095,Frozen,F09,"Frozen Rack 09, Level: D, Position # 095 -  Front"
F09D096,Frozen,F09,"Frozen Rack 09, Level: D, Position # 096 -  Back"
F09D097,Frozen,F09,"Frozen Rack 09, Level: D, Position # 097 -  Front"
F09D098,Frozen,F09,"Frozen Rack 09, Level: D, Position # 098 -  Back"
F09D099,Frozen,F09,"Frozen Rack 09, Level: D, Position # 099 -  Front"
F09D100,Frozen,F09,"Frozen Rack 09, Level: D, Position # 100 -  Back"
F09D101,Frozen,F09,"Frozen Rack 09, Level: D, Position # 101 -  Front"
F09D102,Frozen,F09,"Frozen Rack 09, Level: D, Position # 102 -  Back"
F09D103,Frozen,F09,"Frozen Rack 09, Level: D, Position # 103 -  Front"
F09D104,Frozen,F09,"Frozen Rack 09, Level: D, Position # 104 -  Back"
F09D105,Frozen,F09,"Frozen Rack 09, Level: D, Position # 105 -  Front"
F09D106,Frozen,F09,"Frozen Rack 09, Level: D, Position # 106 -  Back"
F09D107,Frozen,F09,"Frozen Rack 09, Level: D, Position # 107 -  Front"
F09D108,Frozen,F09,"Frozen Rack 09, Level: D, Position # 108 -  Back"
F09D109,Frozen,F09,"Frozen Rack 09, Level: D, Position # 109 -  Front"
F09D110,Frozen,F09,"Frozen Rack 09, Level: D, Position # 110 -  Back"
F09D111,Frozen,F09,"Frozen Rack 09, Level: D, Position # 111 -  Front"
F09D112,Frozen,F09,"Frozen Rack 09, Level: D, Position # 112 -  Back"
F09E001,Frozen,F09,"Frozen Rack 09, Level: E, Position # 001 -  Front"
F09E002,Frozen,F09,"Frozen Rack 09, Level: E, Position # 002 -  Back"
F09E003,Frozen,F09,"Frozen Rack 09, Level: E, Position # 003 -  Front"
F09E004,Frozen,F09,"Frozen Rack 09, Level: E, Position # 004 -  Back"
F09E005,Frozen,F09,"Frozen Rack 09, Level: E, Position # 005 -  Front"
F09E006,Frozen,F09,"Frozen Rack 09, Level: E, Position # 006 -  Back"
F09E007,Frozen,F09,"Frozen Rack 09, Level: E, Position # 007 -  Front"
F09E008,Frozen,F09,"Frozen Rack 09, Level: E, Position # 008 -  Back"
F09E009,Frozen,F09,"Frozen Rack 09, Level: E, Position # 009 -  Front"
F09E010,Frozen,F09,"Frozen Rack 09, Level: E, Position # 010 -  Back"
F09E011,Frozen,F09,"Frozen Rack 09, Level: E, Position # 011 -  Front"
F09E012,Frozen,F09,"Frozen Rack 09, Level: E, Position # 012 -  Back"
F09E013,Frozen,F09,"Frozen Rack 09, Level: E, Position # 013 -  Front"
F09E014,Frozen,F09,"Frozen Rack 09, Level: E, Position # 014 -  Back"
F09E015,Frozen,F09,"Frozen Rack 09, Level: E, Position # 015 -  Front"
F09E016,Frozen,F09,"Frozen Rack 09, Level: E, Position # 016 -  Back"
F09E017,Frozen,F09,"Frozen Rack 09, Level: E, Position # 017 -  Front"
F09E018,Frozen,F09,"Frozen Rack 09, Level: E, Position # 018 -  Back"
F09E019,Frozen,F09,"Frozen Rack 09, Level: E, Position # 019 -  Front"
F09E020,Frozen,F09,"Frozen Rack 09, Level: E, Position # 020 -  Back"
F09E021,Frozen,F09,"Frozen Rack 09, Level: E, Position # 021 -  Front"
F09E022,Frozen,F09,"Frozen Rack 09, Level: E, Position # 022 -  Back"
F09E023,Frozen,F09,"Frozen Rack 09, Level: E, Position # 023 -  Front"
F09E024,Frozen,F09,"Frozen Rack 09, Level: E, Position # 024 -  Back"
F09E025,Frozen,F09,"Frozen Rack 09, Level: E, Position # 025 -  Front"
F09E026,Frozen,F09,"Frozen Rack 09, Level: E, Position # 026 -  Back"
F09E027,Frozen,F09,"Frozen Rack 09, Level: E, Position # 027 -  Front"
F09E028,Frozen,F09,"Frozen Rack 09, Level: E, Position # 028 -  Back"
F09E029,Frozen,F09,"Frozen Rack 09, Level: E, Position # 029 -  Front"
F09E030,Frozen,F09,"Frozen Rack 09, Level: E, Position # 030 -  Back"
F09E031,Frozen,F09,"Frozen Rack 09, Level: E, Position # 031 -  Front"
F09E032,Frozen,F09,"Frozen Rack 09, Level: E, Position # 032 -  Back"
F09E033,Frozen,F09,"Frozen Rack 09, Level: E, Position # 033 -  Front"
F09E034,Frozen,F09,"Frozen Rack 09, Level: E, Position # 034 -  Back"
F09E035,Frozen,F09,"Frozen Rack 09, Level: E, Position # 035 -  Front"
F09E036,Frozen,F09,"Frozen Rack 09, Level: E, Position # 036 -  Back"
F09E037,Frozen,F09,"Frozen Rack 09, Level: E, Position # 037 -  Front"
F09E038,Frozen,F09,"Frozen Rack 09, Level: E, Position # 038 -  Back"
F09E039,Frozen,F09,"Frozen Rack 09, Level: E, Position # 039 -  Front"
F09E040,Frozen,F09,"Frozen Rack 09, Level: E, Position # 040 -  Back"
F09E041,Frozen,F09,"Frozen Rack 09, Level: E, Position # 041 -  Front"
F09E042,Frozen,F09,"Frozen Rack 09, Level: E, Position # 042 -  Back"
F09E043,Frozen,F09,"Frozen Rack 09, Level: E, Position # 043 -  Front"
F09E044,Frozen,F09,"Frozen Rack 09, Level: E, Position # 044 -  Back"
F09E045,Frozen,F09,"Frozen Rack 09, Level: E, Position # 045 -  Front"
F09E046,Frozen,F09,"Frozen Rack 09, Level: E, Position # 046 -  Back"
F09E047,Frozen,F09,"Frozen Rack 09, Level: E, Position # 047 -  Front"
F09E048,Frozen,F09,"Frozen Rack 09, Level: E, Position # 048 -  Back"
F09E049,Frozen,F09,"Frozen Rack 09, Level: E, Position # 049 -  Front"
F09E050,Frozen,F09,"Frozen Rack 09, Level: E, Position # 050 -  Back"
F09E051,Frozen,F09,"Frozen Rack 09, Level: E, Position # 051 -  Front"
F09E052,Frozen,F09,"Frozen Rack 09, Level: E, Position # 052 -  Back"
F09E053,Frozen,F09,"Frozen Rack 09, Level: E, Position # 053 -  Front"
F09E054,Frozen,F09,"Frozen Rack 09, Level: E, Position # 054 -  Back"
F09E055,Frozen,F09,"Frozen Rack 09, Level: E, Position # 055 -  Front"
F09E056,Frozen,F09,"Frozen Rack 09, Level: E, Position # 056 -  Back"
F09E057,Frozen,F09,"Frozen Rack 09, Level: E, Position # 057 -  Front"
F09E058,Frozen,F09,"Frozen Rack 09, Level: E, Position # 058 -  Back"
F09E059,Frozen,F09,"Frozen Rack 09, Level: E, Position # 059 -  Front"
F09E060,Frozen,F09,"Frozen Rack 09, Level: E, Position # 060 -  Back"
F09E061,Frozen,F09,"Frozen Rack 09, Level: E, Position # 061 -  Front"
F09E062,Frozen,F09,"Frozen Rack 09, Level: E, Position # 062 -  Back"
F09E063,Frozen,F09,"Frozen Rack 09, Level: E, Position # 063 -  Front"
F09E064,Frozen,F09,"Frozen Rack 09, Level: E, Position # 064 -  Back"
F09E065,Frozen,F09,"Frozen Rack 09, Level: E, Position # 065 -  Front"
F09E066,Frozen,F09,"Frozen Rack 09, Level: E, Position # 066 -  Back"
F09E067,Frozen,F09,"Frozen Rack 09, Level: E, Position # 067 -  Front"
F09E068,Frozen,F09,"Frozen Rack 09, Level: E, Position # 068 -  Back"
F09E069,Frozen,F09,"Frozen Rack 09, Level: E, Position # 069 -  Front"
F09E070,Frozen,F09,"Frozen Rack 09, Level: E, Position # 070 -  Back"
F09E071,Frozen,F09,"Frozen Rack 09, Level: E, Position # 071 -  Front"
F09E072,Frozen,F09,"Frozen Rack 09, Level: E, Position # 072 -  Back"
F09E073,Frozen,F09,"Frozen Rack 09, Level: E, Position # 073 -  Front"
F09E074,Frozen,F09,"Frozen Rack 09, Level: E, Position # 074 -  Back"
F09E075,Frozen,F09,"Frozen Rack 09, Level: E, Position # 075 -  Front"
F09E076,Frozen,F09,"Frozen Rack 09, Level: E, Position # 076 -  Back"
F09E077,Frozen,F09,"Frozen Rack 09, Level: E, Position # 077 -  Front"
F09E078,Frozen,F09,"Frozen Rack 09, Level: E, Position # 078 -  Back"
F09E079,Frozen,F09,"Frozen Rack 09, Level: E, Position # 079 -  Front"
F09E080,Frozen,F09,"Frozen Rack 09, Level: E, Position # 080 -  Back"
F09E081,Frozen,F09,"Frozen Rack 09, Level: E, Position # 081 -  Front"
F09E082,Frozen,F09,"Frozen Rack 09, Level: E, Position # 082 -  Back"
F09E083,Frozen,F09,"Frozen Rack 09, Level: E, Position # 083 -  Front"
F09E084,Frozen,F09,"Frozen Rack 09, Level: E, Position # 084 -  Back"
F09E085,Frozen,F09,"Frozen Rack 09, Level: E, Position # 085 -  Front"
F09E086,Frozen,F09,"Frozen Rack 09, Level: E, Position # 086 -  Back"
F09E087,Frozen,F09,"Frozen Rack 09, Level: E, Position # 087 -  Front"
F09E088,Frozen,F09,"Frozen Rack 09, Level: E, Position # 088 -  Back"
F09E089,Frozen,F09,"Frozen Rack 09, Level: E, Position # 089 -  Front"
F09E090,Frozen,F09,"Frozen Rack 09, Level: E, Position # 090 -  Back"
F09E091,Frozen,F09,"Frozen Rack 09, Level: E, Position # 091 -  Front"
F09E092,Frozen,F09,"Frozen Rack 09, Level: E, Position # 092 -  Back"
F09E093,Frozen,F09,"Frozen Rack 09, Level: E, Position # 093 -  Front"
F09E094,Frozen,F09,"Frozen Rack 09, Level: E, Position # 094 -  Back"
F09E095,Frozen,F09,"Frozen Rack 09, Level: E, Position # 095 -  Front"
F09E096,Frozen,F09,"Frozen Rack 09, Level: E, Position # 096 -  Back"
F09E097,Frozen,F09,"Frozen Rack 09, Level: E, Position # 097 -  Front"
F09E098,Frozen,F09,"Frozen Rack 09, Level: E, Position # 098 -  Back"
F09E099,Frozen,F09,"Frozen Rack 09, Level: E, Position # 099 -  Front"
F09E100,Frozen,F09,"Frozen Rack 09, Level: E, Position # 100 -  Back"
F09E101,Frozen,F09,"Frozen Rack 09, Level: E, Position # 101 -  Front"
F09E102,Frozen,F09,"Frozen Rack 09, Level: E, Position # 102 -  Back"
F09E103,Frozen,F09,"Frozen Rack 09, Level: E, Position # 103 -  Front"
F09E104,Frozen,F09,"Frozen Rack 09, Level: E, Position # 104 -  Back"
F09E105,Frozen,F09,"Frozen Rack 09, Level: E, Position # 105 -  Front"
F09E106,Frozen,F09,"Frozen Rack 09, Level: E, Position # 106 -  Back"
F09E107,Frozen,F09,"Frozen Rack 09, Level: E, Position # 107 -  Front"
F09E108,Frozen,F09,"Frozen Rack 09, Level: E, Position # 108 -  Back"
F09E109,Frozen,F09,"Frozen Rack 09, Level: E, Position # 109 -  Front"
F09E110,Frozen,F09,"Frozen Rack 09, Level: E, Position # 110 -  Back"
F09E111,Frozen,F09,"Frozen Rack 09, Level: E, Position # 111 -  Front"
F09E112,Frozen,F09,"Frozen Rack 09, Level: E, Position # 112 -  Back"
F09F001,Frozen,F09,"Frozen Rack 09, Level: F, Position # 001 -  Front"
F09F002,Frozen,F09,"Frozen Rack 09, Level: F, Position # 002 -  Back"
F09F003,Frozen,F09,"Frozen Rack 09, Level: F, Position # 003 -  Front"
F09F004,Frozen,F09,"Frozen Rack 09, Level: F, Position # 004 -  Back"
F09F005,Frozen,F09,"Frozen Rack 09, Level: F, Position # 005 -  Front"
F09F006,Frozen,F09,"Frozen Rack 09, Level: F, Position # 006 -  Back"
F09F007,Frozen,F09,"Frozen Rack 09, Level: F, Position # 007 -  Front"
F09F008,Frozen,F09,"Frozen Rack 09, Level: F, Position # 008 -  Back"
F09F009,Frozen,F09,"Frozen Rack 09, Level: F, Position # 009 -  Front"
F09F010,Frozen,F09,"Frozen Rack 09, Level: F, Position # 010 -  Back"
F09F011,Frozen,F09,"Frozen Rack 09, Level: F, Position # 011 -  Front"
F09F012,Frozen,F09,"Frozen Rack 09, Level: F, Position # 012 -  Back"
F09F013,Frozen,F09,"Frozen Rack 09, Level: F, Position # 013 -  Front"
F09F014,Frozen,F09,"Frozen Rack 09, Level: F, Position # 014 -  Back"
F09F015,Frozen,F09,"Frozen Rack 09, Level: F, Position # 015 -  Front"
F09F016,Frozen,F09,"Frozen Rack 09, Level: F, Position # 016 -  Back"
F09F017,Frozen,F09,"Frozen Rack 09, Level: F, Position # 017 -  Front"
F09F018,Frozen,F09,"Frozen Rack 09, Level: F, Position # 018 -  Back"
F09F019,Frozen,F09,"Frozen Rack 09, Level: F, Position # 019 -  Front"
F09F020,Frozen,F09,"Frozen Rack 09, Level: F, Position # 020 -  Back"
F09F021,Frozen,F09,"Frozen Rack 09, Level: F, Position # 021 -  Front"
F09F022,Frozen,F09,"Frozen Rack 09, Level: F, Position # 022 -  Back"
F09F023,Frozen,F09,"Frozen Rack 09, Level: F, Position # 023 -  Front"
F09F024,Frozen,F09,"Frozen Rack 09, Level: F, Position # 024 -  Back"
F09F025,Frozen,F09,"Frozen Rack 09, Level: F, Position # 025 -  Front"
F09F026,Frozen,F09,"Frozen Rack 09, Level: F, Position # 026 -  Back"
F09F027,Frozen,F09,"Frozen Rack 09, Level: F, Position # 027 -  Front"
F09F028,Frozen,F09,"Frozen Rack 09, Level: F, Position # 028 -  Back"
F09F029,Frozen,F09,"Frozen Rack 09, Level: F, Position # 029 -  Front"
F09F030,Frozen,F09,"Frozen Rack 09, Level: F, Position # 030 -  Back"
F09F031,Frozen,F09,"Frozen Rack 09, Level: F, Position # 031 -  Front"
F09F032,Frozen,F09,"Frozen Rack 09, Level: F, Position # 032 -  Back"
F09F033,Frozen,F09,"Frozen Rack 09, Level: F, Position # 033 -  Front"
F09F034,Frozen,F09,"Frozen Rack 09, Level: F, Position # 034 -  Back"
F09F035,Frozen,F09,"Frozen Rack 09, Level: F, Position # 035 -  Front"
F09F036,Frozen,F09,"Frozen Rack 09, Level: F, Position # 036 -  Back"
F09F037,Frozen,F09,"Frozen Rack 09, Level: F, Position # 037 -  Front"
F09F038,Frozen,F09,"Frozen Rack 09, Level: F, Position # 038 -  Back"
F09F039,Frozen,F09,"Frozen Rack 09, Level: F, Position # 039 -  Front"
F09F040,Frozen,F09,"Frozen Rack 09, Level: F, Position # 040 -  Back"
F09F041,Frozen,F09,"Frozen Rack 09, Level: F, Position # 041 -  Front"
F09F042,Frozen,F09,"Frozen Rack 09, Level: F, Position # 042 -  Back"
F09F043,Frozen,F09,"Frozen Rack 09, Level: F, Position # 043 -  Front"
F09F044,Frozen,F09,"Frozen Rack 09, Level: F, Position # 044 -  Back"
F09F045,Frozen,F09,"Frozen Rack 09, Level: F, Position # 045 -  Front"
F09F046,Frozen,F09,"Frozen Rack 09, Level: F, Position # 046 -  Back"
F09F047,Frozen,F09,"Frozen Rack 09, Level: F, Position # 047 -  Front"
F09F048,Frozen,F09,"Frozen Rack 09, Level: F, Position # 048 -  Back"
F09F049,Frozen,F09,"Frozen Rack 09, Level: F, Position # 049 -  Front"
F09F050,Frozen,F09,"Frozen Rack 09, Level: F, Position # 050 -  Back"
F09F051,Frozen,F09,"Frozen Rack 09, Level: F, Position # 051 -  Front"
F09F052,Frozen,F09,"Frozen Rack 09, Level: F, Position # 052 -  Back"
F09F053,Frozen,F09,"Frozen Rack 09, Level: F, Position # 053 -  Front"
F09F054,Frozen,F09,"Frozen Rack 09, Level: F, Position # 054 -  Back"
F09F055,Frozen,F09,"Frozen Rack 09, Level: F, Position # 055 -  Front"
F09F056,Frozen,F09,"Frozen Rack 09, Level: F, Position # 056 -  Back"
F09F057,Frozen,F09,"Frozen Rack 09, Level: F, Position # 057 -  Front"
F09F058,Frozen,F09,"Frozen Rack 09, Level: F, Position # 058 -  Back"
F09F059,Frozen,F09,"Frozen Rack 09, Level: F, Position # 059 -  Front"
F09F060,Frozen,F09,"Frozen Rack 09, Level: F, Position # 060 -  Back"
F09F061,Frozen,F09,"Frozen Rack 09, Level: F, Position # 061 -  Front"
F09F062,Frozen,F09,"Frozen Rack 09, Level: F, Position # 062 -  Back"
F09F063,Frozen,F09,"Frozen Rack 09, Level: F, Position # 063 -  Front"
F09F064,Frozen,F09,"Frozen Rack 09, Level: F, Position # 064 -  Back"
F09F065,Frozen,F09,"Frozen Rack 09, Level: F, Position # 065 -  Front"
F09F066,Frozen,F09,"Frozen Rack 09, Level: F, Position # 066 -  Back"
F09F067,Frozen,F09,"Frozen Rack 09, Level: F, Position # 067 -  Front"
F09F068,Frozen,F09,"Frozen Rack 09, Level: F, Position # 068 -  Back"
F09F069,Frozen,F09,"Frozen Rack 09, Level: F, Position # 069 -  Front"
F09F070,Frozen,F09,"Frozen Rack 09, Level: F, Position # 070 -  Back"
F09F071,Frozen,F09,"Frozen Rack 09, Level: F, Position # 071 -  Front"
F09F072,Frozen,F09,"Frozen Rack 09, Level: F, Position # 072 -  Back"
F09F073,Frozen,F09,"Frozen Rack 09, Level: F, Position # 073 -  Front"
F09F074,Frozen,F09,"Frozen Rack 09, Level: F, Position # 074 -  Back"
F09F075,Frozen,F09,"Frozen Rack 09, Level: F, Position # 075 -  Front"
F09F076,Frozen,F09,"Frozen Rack 09, Level: F, Position # 076 -  Back"
F09F077,Frozen,F09,"Frozen Rack 09, Level: F, Position # 077 -  Front"
F09F078,Frozen,F09,"Frozen Rack 09, Level: F, Position # 078 -  Back"
F09F079,Frozen,F09,"Frozen Rack 09, Level: F, Position # 079 -  Front"
F09F080,Frozen,F09,"Frozen Rack 09, Level: F, Position # 080 -  Back"
F09F081,Frozen,F09,"Frozen Rack 09, Level: F, Position # 081 -  Front"
F09F082,Frozen,F09,"Frozen Rack 09, Level: F, Position # 082 -  Back"
F09F083,Frozen,F09,"Frozen Rack 09, Level: F, Position # 083 -  Front"
F09F084,Frozen,F09,"Frozen Rack 09, Level: F, Position # 084 -  Back"
F09F085,Frozen,F09,"Frozen Rack 09, Level: F, Position # 085 -  Front"
F09F086,Frozen,F09,"Frozen Rack 09, Level: F, Position # 086 -  Back"
F09F087,Frozen,F09,"Frozen Rack 09, Level: F, Position # 087 -  Front"
F09F088,Frozen,F09,"Frozen Rack 09, Level: F, Position # 088 -  Back"
F09F089,Frozen,F09,"Frozen Rack 09, Level: F, Position # 089 -  Front"
F09F090,Frozen,F09,"Frozen Rack 09, Level: F, Position # 090 -  Back"
F09F091,Frozen,F09,"Frozen Rack 09, Level: F, Position # 091 -  Front"
F09F092,Frozen,F09,"Frozen Rack 09, Level: F, Position # 092 -  Back"
F09F093,Frozen,F09,"Frozen Rack 09, Level: F, Position # 093 -  Front"
F09F094,Frozen,F09,"Frozen Rack 09, Level: F, Position # 094 -  Back"
F09F095,Frozen,F09,"Frozen Rack 09, Level: F, Position # 095 -  Front"
F09F096,Frozen,F09,"Frozen Rack 09, Level: F, Position # 096 -  Back"
F09F097,Frozen,F09,"Frozen Rack 09, Level: F, Position # 097 -  Front"
F09F098,Frozen,F09,"Frozen Rack 09, Level: F, Position # 098 -  Back"
F09F099,Frozen,F09,"Frozen Rack 09, Level: F, Position # 099 -  Front"
F09F100,Frozen,F09,"Frozen Rack 09, Level: F, Position # 100 -  Back"
F09F101,Frozen,F09,"Frozen Rack 09, Level: F, Position # 101 -  Front"
F09F102,Frozen,F09,"Frozen Rack 09, Level: F, Position # 102 -  Back"
F09F103,Frozen,F09,"Frozen Rack 09, Level: F, Position # 103 -  Front"
F09F104,Frozen,F09,"Frozen Rack 09, Level: F, Position # 104 -  Back"
F09F105,Frozen,F09,"Frozen Rack 09, Level: F, Position # 105 -  Front"
F09F106,Frozen,F09,"Frozen Rack 09, Level: F, Position # 106 -  Back"
F09F107,Frozen,F09,"Frozen Rack 09, Level: F, Position # 107 -  Front"
F09F108,Frozen,F09,"Frozen Rack 09, Level: F, Position # 108 -  Back"
F09F109,Frozen,F09,"Frozen Rack 09, Level: F, Position # 109 -  Front"
F09F110,Frozen,F09,"Frozen Rack 09, Level: F, Position # 110 -  Back"
F09F111,Frozen,F09,"Frozen Rack 09, Level: F, Position # 111 -  Front"
F09F112,Frozen,F09,"Frozen Rack 09, Level: F, Position # 112 -  Back"
F10A001,Frozen,F10,"Frozen Rack 10, Level: A, Position # 001 -  Front"
F10A002,Frozen,F10,"Frozen Rack 10, Level: A, Position # 002 -  Back"
F10A003,Frozen,F10,"Frozen Rack 10, Level: A, Position # 003 -  Front"
F10A004,Frozen,F10,"Frozen Rack 10, Level: A, Position # 004 -  Back"
F10A005,Frozen,F10,"Frozen Rack 10, Level: A, Position # 005 -  Front"
F10A006,Frozen,F10,"Frozen Rack 10, Level: A, Position # 006 -  Back"
F10A007,Frozen,F10,"Frozen Rack 10, Level: A, Position # 007 -  Front"
F10A008,Frozen,F10,"Frozen Rack 10, Level: A, Position # 008 -  Back"
F10A009,Frozen,F10,"Frozen Rack 10, Level: A, Position # 009 -  Front"
F10A010,Frozen,F10,"Frozen Rack 10, Level: A, Position # 010 -  Back"
F10A011,Frozen,F10,"Frozen Rack 10, Level: A, Position # 011 -  Front"
F10A012,Frozen,F10,"Frozen Rack 10, Level: A, Position # 012 -  Back"
F10A019,Frozen,F10,"Frozen Rack 10, Level: A, Position # 019 -  Front"
F10A020,Frozen,F10,"Frozen Rack 10, Level: A, Position # 020 -  Back"
F10A021,Frozen,F10,"Frozen Rack 10, Level: A, Position # 021 -  Front"
F10A022,Frozen,F10,"Frozen Rack 10, Level: A, Position # 022 -  Back"
F10A023,Frozen,F10,"Frozen Rack 10, Level: A, Position # 023 -  Front"
F10A024,Frozen,F10,"Frozen Rack 10, Level: A, Position # 024 -  Back"
F10A025,Frozen,F10,"Frozen Rack 10, Level: A, Position # 025 -  Front"
F10A026,Frozen,F10,"Frozen Rack 10, Level: A, Position # 026 -  Back"
F10A027,Frozen,F10,"Frozen Rack 10, Level: A, Position # 027 -  Front"
F10A028,Frozen,F10,"Frozen Rack 10, Level: A, Position # 028 -  Back"
F10A029,Frozen,F10,"Frozen Rack 10, Level: A, Position # 029 -  Front"
F10A030,Frozen,F10,"Frozen Rack 10, Level: A, Position # 030 -  Back"
F10A031,Frozen,F10,"Frozen Rack 10, Level: A, Position # 031 -  Front"
F10A032,Frozen,F10,"Frozen Rack 10, Level: A, Position # 032 -  Back"
F10A033,Frozen,F10,"Frozen Rack 10, Level: A, Position # 033 -  Front"
F10A034,Frozen,F10,"Frozen Rack 10, Level: A, Position # 034 -  Back"
F10A035,Frozen,F10,"Frozen Rack 10, Level: A, Position # 035 -  Front"
F10A036,Frozen,F10,"Frozen Rack 10, Level: A, Position # 036 -  Back"
F10A037,Frozen,F10,"Frozen Rack 10, Level: A, Position # 037 -  Front"
F10A038,Frozen,F10,"Frozen Rack 10, Level: A, Position # 038 -  Back"
F10A039,Frozen,F10,"Frozen Rack 10, Level: A, Position # 039 -  Front"
F10A040,Frozen,F10,"Frozen Rack 10, Level: A, Position # 040 -  Back"
F10A041,Frozen,F10,"Frozen Rack 10, Level: A, Position # 041 -  Front"
F10A042,Frozen,F10,"Frozen Rack 10, Level: A, Position # 042 -  Back"
F10A043,Frozen,F10,"Frozen Rack 10, Level: A, Position # 043 -  Front"
F10A044,Frozen,F10,"Frozen Rack 10, Level: A, Position # 044 -  Back"
F10A045,Frozen,F10,"Frozen Rack 10, Level: A, Position # 045 -  Front"
F10A046,Frozen,F10,"Frozen Rack 10, Level: A, Position # 046 -  Back"
F10A047,Frozen,F10,"Frozen Rack 10, Level: A, Position # 047 -  Front"
F10A048,Frozen,F10,"Frozen Rack 10, Level: A, Position # 048 -  Back"
F10A049,Frozen,F10,"Frozen Rack 10, Level: A, Position # 049 -  Front"
F10A050,Frozen,F10,"Frozen Rack 10, Level: A, Position # 050 -  Back"
F10A051,Frozen,F10,"Frozen Rack 10, Level: A, Position # 051 -  Front"
F10A052,Frozen,F10,"Frozen Rack 10, Level: A, Position # 052 -  Back"
F10A053,Frozen,F10,"Frozen Rack 10, Level: A, Position # 053 -  Front"
F10A054,Frozen,F10,"Frozen Rack 10, Level: A, Position # 054 -  Back"
F10A061,Frozen,F10,"Frozen Rack 10, Level: A, Position # 061 -  Front"
F10A062,Frozen,F10,"Frozen Rack 10, Level: A, Position # 062 -  Back"
F10A063,Frozen,F10,"Frozen Rack 10, Level: A, Position # 063 -  Front"
F10A064,Frozen,F10,"Frozen Rack 10, Level: A, Position # 064 -  Back"
F10A065,Frozen,F10,"Frozen Rack 10, Level: A, Position # 065 -  Front"
F10A066,Frozen,F10,"Frozen Rack 10, Level: A, Position # 066 -  Back"
F10A067,Frozen,F10,"Frozen Rack 10, Level: A, Position # 067 -  Front"
F10A068,Frozen,F10,"Frozen Rack 10, Level: A, Position # 068 -  Back"
F10A069,Frozen,F10,"Frozen Rack 10, Level: A, Position # 069 -  Front"
F10A070,Frozen,F10,"Frozen Rack 10, Level: A, Position # 070 -  Back"
F10A071,Frozen,F10,"Frozen Rack 10, Level: A, Position # 071 -  Front"
F10A072,Frozen,F10,"Frozen Rack 10, Level: A, Position # 072 -  Back"
F10A073,Frozen,F10,"Frozen Rack 10, Level: A, Position # 073 -  Front"
F10A074,Frozen,F10,"Frozen Rack 10, Level: A, Position # 074 -  Back"
F10A075,Frozen,F10,"Frozen Rack 10, Level: A, Position # 075 -  Front"
F10A076,Frozen,F10,"Frozen Rack 10, Level: A, Position # 076 -  Back"
F10A077,Frozen,F10,"Frozen Rack 10, Level: A, Position # 077 -  Front"
F10A078,Frozen,F10,"Frozen Rack 10, Level: A, Position # 078 -  Back"
F10A079,Frozen,F10,"Frozen Rack 10, Level: A, Position # 079 -  Front"
F10A080,Frozen,F10,"Frozen Rack 10, Level: A, Position # 080 -  Back"
F10A081,Frozen,F10,"Frozen Rack 10, Level: A, Position # 081 -  Front"
F10A082,Frozen,F10,"Frozen Rack 10, Level: A, Position # 082 -  Back"
F10A083,Frozen,F10,"Frozen Rack 10, Level: A, Position # 083 -  Front"
F10A084,Frozen,F10,"Frozen Rack 10, Level: A, Position # 084 -  Back"
F10A085,Frozen,F10,"Frozen Rack 10, Level: A, Position # 085 -  Front"
F10A086,Frozen,F10,"Frozen Rack 10, Level: A, Position # 086 -  Back"
F10A087,Frozen,F10,"Frozen Rack 10, Level: A, Position # 087 -  Front"
F10A088,Frozen,F10,"Frozen Rack 10, Level: A, Position # 088 -  Back"
F10A089,Frozen,F10,"Frozen Rack 10, Level: A, Position # 089 -  Front"
F10A090,Frozen,F10,"Frozen Rack 10, Level: A, Position # 090 -  Back"
F10A091,Frozen,F10,"Frozen Rack 10, Level: A, Position # 091 -  Front"
F10A092,Frozen,F10,"Frozen Rack 10, Level: A, Position # 092 -  Back"
F10A093,Frozen,F10,"Frozen Rack 10, Level: A, Position # 093 -  Front"
F10A094,Frozen,F10,"Frozen Rack 10, Level: A, Position # 094 -  Back"
F10A095,Frozen,F10,"Frozen Rack 10, Level: A, Position # 095 -  Front"
F10A096,Frozen,F10,"Frozen Rack 10, Level: A, Position # 096 -  Back"
F10A103,Frozen,F10,"Frozen Rack 10, Level: A, Position # 103 -  Front"
F10A104,Frozen,F10,"Frozen Rack 10, Level: A, Position # 104 -  Back"
F10A105,Frozen,F10,"Frozen Rack 10, Level: A, Position # 105 -  Front"
F10A106,Frozen,F10,"Frozen Rack 10, Level: A, Position # 106 -  Back"
F10A107,Frozen,F10,"Frozen Rack 10, Level: A, Position # 107 -  Front"
F10A108,Frozen,F10,"Frozen Rack 10, Level: A, Position # 108 -  Back"
F10A109,Frozen,F10,"Frozen Rack 10, Level: A, Position # 109 -  Front"
F10A110,Frozen,F10,"Frozen Rack 10, Level: A, Position # 110 -  Back"
F10A111,Frozen,F10,"Frozen Rack 10, Level: A, Position # 111 -  Front"
F10A112,Frozen,F10,"Frozen Rack 10, Level: A, Position # 112 -  Back"
F10B001,Frozen,F10,"Frozen Rack 10, Level: B, Position # 001 -  Front"
F10B002,Frozen,F10,"Frozen Rack 10, Level: B, Position # 002 -  Back"
F10B003,Frozen,F10,"Frozen Rack 10, Level: B, Position # 003 -  Front"
F10B004,Frozen,F10,"Frozen Rack 10, Level: B, Position # 004 -  Back"
F10B005,Frozen,F10,"Frozen Rack 10, Level: B, Position # 005 -  Front"
F10B006,Frozen,F10,"Frozen Rack 10, Level: B, Position # 006 -  Back"
F10B007,Frozen,F10,"Frozen Rack 10, Level: B, Position # 007 -  Front"
F10B008,Frozen,F10,"Frozen Rack 10, Level: B, Position # 008 -  Back"
F10B009,Frozen,F10,"Frozen Rack 10, Level: B, Position # 009 -  Front"
F10B010,Frozen,F10,"Frozen Rack 10, Level: B, Position # 010 -  Back"
F10B011,Frozen,F10,"Frozen Rack 10, Level: B, Position # 011 -  Front"
F10B012,Frozen,F10,"Frozen Rack 10, Level: B, Position # 012 -  Back"
F10B019,Frozen,F10,"Frozen Rack 10, Level: B, Position # 019 -  Front"
F10B020,Frozen,F10,"Frozen Rack 10, Level: B, Position # 020 -  Back"
F10B021,Frozen,F10,"Frozen Rack 10, Level: B, Position # 021 -  Front"
F10B022,Frozen,F10,"Frozen Rack 10, Level: B, Position # 022 -  Back"
F10B023,Frozen,F10,"Frozen Rack 10, Level: B, Position # 023 -  Front"
F10B024,Frozen,F10,"Frozen Rack 10, Level: B, Position # 024 -  Back"
F10B025,Frozen,F10,"Frozen Rack 10, Level: B, Position # 025 -  Front"
F10B026,Frozen,F10,"Frozen Rack 10, Level: B, Position # 026 -  Back"
F10B027,Frozen,F10,"Frozen Rack 10, Level: B, Position # 027 -  Front"
F10B028,Frozen,F10,"Frozen Rack 10, Level: B, Position # 028 -  Back"
F10B029,Frozen,F10,"Frozen Rack 10, Level: B, Position # 029 -  Front"
F10B030,Frozen,F10,"Frozen Rack 10, Level: B, Position # 030 -  Back"
F10B031,Frozen,F10,"Frozen Rack 10, Level: B, Position # 031 -  Front"
F10B032,Frozen,F10,"Frozen Rack 10, Level: B, Position # 032 -  Back"
F10B033,Frozen,F10,"Frozen Rack 10, Level: B, Position # 033 -  Front"
F10B034,Frozen,F10,"Frozen Rack 10, Level: B, Position # 034 -  Back"
F10B035,Frozen,F10,"Frozen Rack 10, Level: B, Position # 035 -  Front"
F10B036,Frozen,F10,"Frozen Rack 10, Level: B, Position # 036 -  Back"
F10B037,Frozen,F10,"Frozen Rack 10, Level: B, Position # 037 -  Front"
F10B038,Frozen,F10,"Frozen Rack 10, Level: B, Position # 038 -  Back"
F10B039,Frozen,F10,"Frozen Rack 10, Level: B, Position # 039 -  Front"
F10B040,Frozen,F10,"Frozen Rack 10, Level: B, Position # 040 -  Back"
F10B041,Frozen,F10,"Frozen Rack 10, Level: B, Position # 041 -  Front"
F10B042,Frozen,F10,"Frozen Rack 10, Level: B, Position # 042 -  Back"
F10B043,Frozen,F10,"Frozen Rack 10, Level: B, Position # 043 -  Front"
F10B044,Frozen,F10,"Frozen Rack 10, Level: B, Position # 044 -  Back"
F10B045,Frozen,F10,"Frozen Rack 10, Level: B, Position # 045 -  Front"
F10B046,Frozen,F10,"Frozen Rack 10, Level: B, Position # 046 -  Back"
F10B047,Frozen,F10,"Frozen Rack 10, Level: B, Position # 047 -  Front"
F10B048,Frozen,F10,"Frozen Rack 10, Level: B, Position # 048 -  Back"
F10B049,Frozen,F10,"Frozen Rack 10, Level: B, Position # 049 -  Front"
F10B050,Frozen,F10,"Frozen Rack 10, Level: B, Position # 050 -  Back"
F10B051,Frozen,F10,"Frozen Rack 10, Level: B, Position # 051 -  Front"
F10B052,Frozen,F10,"Frozen Rack 10, Level: B, Position # 052 -  Back"
F10B053,Frozen,F10,"Frozen Rack 10, Level: B, Position # 053 -  Front"
F10B054,Frozen,F10,"Frozen Rack 10, Level: B, Position # 054 -  Back"
F10B061,Frozen,F10,"Frozen Rack 10, Level: B, Position # 061 -  Front"
F10B062,Frozen,F10,"Frozen Rack 10, Level: B, Position # 062 -  Back"
F10B063,Frozen,F10,"Frozen Rack 10, Level: B, Position # 063 -  Front"
F10B064,Frozen,F10,"Frozen Rack 10, Level: B, Position # 064 -  Back"
F10B065,Frozen,F10,"Frozen Rack 10, Level: B, Position # 065 -  Front"
F10B066,Frozen,F10,"Frozen Rack 10, Level: B, Position # 066 -  Back"
F10B067,Frozen,F10,"Frozen Rack 10, Level: B, Position # 067 -  Front"
F10B068,Frozen,F10,"Frozen Rack 10, Level: B, Position # 068 -  Back"
F10B069,Frozen,F10,"Frozen Rack 10, Level: B, Position # 069 -  Front"
F10B070,Frozen,F10,"Frozen Rack 10, Level: B, Position # 070 -  Back"
F10B071,Frozen,F10,"Frozen Rack 10, Level: B, Position # 071 -  Front"
F10B072,Frozen,F10,"Frozen Rack 10, Level: B, Position # 072 -  Back"
F10B073,Frozen,F10,"Frozen Rack 10, Level: B, Position # 073 -  Front"
F10B074,Frozen,F10,"Frozen Rack 10, Level: B, Position # 074 -  Back"
F10B075,Frozen,F10,"Frozen Rack 10, Level: B, Position # 075 -  Front"
F10B076,Frozen,F10,"Frozen Rack 10, Level: B, Position # 076 -  Back"
F10B077,Frozen,F10,"Frozen Rack 10, Level: B, Position # 077 -  Front"
F10B078,Frozen,F10,"Frozen Rack 10, Level: B, Position # 078 -  Back"
F10B079,Frozen,F10,"Frozen Rack 10, Level: B, Position # 079 -  Front"
F10B080,Frozen,F10,"Frozen Rack 10, Level: B, Position # 080 -  Back"
F10B081,Frozen,F10,"Frozen Rack 10, Level: B, Position # 081 -  Front"
F10B082,Frozen,F10,"Frozen Rack 10, Level: B, Position # 082 -  Back"
F10B083,Frozen,F10,"Frozen Rack 10, Level: B, Position # 083 -  Front"
F10B084,Frozen,F10,"Frozen Rack 10, Level: B, Position # 084 -  Back"
F10B085,Frozen,F10,"Frozen Rack 10, Level: B, Position # 085 -  Front"
F10B086,Frozen,F10,"Frozen Rack 10, Level: B, Position # 086 -  Back"
F10B087,Frozen,F10,"Frozen Rack 10, Level: B, Position # 087 -  Front"
F10B088,Frozen,F10,"Frozen Rack 10, Level: B, Position # 088 -  Back"
F10B089,Frozen,F10,"Frozen Rack 10, Level: B, Position # 089 -  Front"
F10B090,Frozen,F10,"Frozen Rack 10, Level: B, Position # 090 -  Back"
F10B091,Frozen,F10,"Frozen Rack 10, Level: B, Position # 091 -  Front"
F10B092,Frozen,F10,"Frozen Rack 10, Level: B, Position # 092 -  Back"
F10B093,Frozen,F10,"Frozen Rack 10, Level: B, Position # 093 -  Front"
F10B094,Frozen,F10,"Frozen Rack 10, Level: B, Position # 094 -  Back"
F10B095,Frozen,F10,"Frozen Rack 10, Level: B, Position # 095 -  Front"
F10B096,Frozen,F10,"Frozen Rack 10, Level: B, Position # 096 -  Back"
F10B103,Frozen,F10,"Frozen Rack 10, Level: B, Position # 103 -  Front"
F10B104,Frozen,F10,"Frozen Rack 10, Level: B, Position # 104 -  Back"
F10B105,Frozen,F10,"Frozen Rack 10, Level: B, Position # 105 -  Front"
F10B106,Frozen,F10,"Frozen Rack 10, Level: B, Position # 106 -  Back"
F10B107,Frozen,F10,"Frozen Rack 10, Level: B, Position # 107 -  Front"
F10B108,Frozen,F10,"Frozen Rack 10, Level: B, Position # 108 -  Back"
F10B109,Frozen,F10,"Frozen Rack 10, Level: B, Position # 109 -  Front"
F10B110,Frozen,F10,"Frozen Rack 10, Level: B, Position # 110 -  Back"
F10B111,Frozen,F10,"Frozen Rack 10, Level: B, Position # 111 -  Front"
F10B112,Frozen,F10,"Frozen Rack 10, Level: B, Position # 112 -  Back"
F10C001,Frozen,F10,"Frozen Rack 10, Level: C, Position # 001 -  Front"
F10C002,Frozen,F10,"Frozen Rack 10, Level: C, Position # 002 -  Back"
F10C003,Frozen,F10,"Frozen Rack 10, Level: C, Position # 003 -  Front"
F10C004,Frozen,F10,"Frozen Rack 10, Level: C, Position # 004 -  Back"
F10C005,Frozen,F10,"Frozen Rack 10, Level: C, Position # 005 -  Front"
F10C006,Frozen,F10,"Frozen Rack 10, Level: C, Position # 006 -  Back"
F10C007,Frozen,F10,"Frozen Rack 10, Level: C, Position # 007 -  Front"
F10C008,Frozen,F10,"Frozen Rack 10, Level: C, Position # 008 -  Back"
F10C009,Frozen,F10,"Frozen Rack 10, Level: C, Position # 009 -  Front"
F10C010,Frozen,F10,"Frozen Rack 10, Level: C, Position # 010 -  Back"
F10C011,Frozen,F10,"Frozen Rack 10, Level: C, Position # 011 -  Front"
F10C012,Frozen,F10,"Frozen Rack 10, Level: C, Position # 012 -  Back"
F10C019,Frozen,F10,"Frozen Rack 10, Level: C, Position # 019 -  Front"
F10C020,Frozen,F10,"Frozen Rack 10, Level: C, Position # 020 -  Back"
F10C021,Frozen,F10,"Frozen Rack 10, Level: C, Position # 021 -  Front"
F10C022,Frozen,F10,"Frozen Rack 10, Level: C, Position # 022 -  Back"
F10C023,Frozen,F10,"Frozen Rack 10, Level: C, Position # 023 -  Front"
F10C024,Frozen,F10,"Frozen Rack 10, Level: C, Position # 024 -  Back"
F10C025,Frozen,F10,"Frozen Rack 10, Level: C, Position # 025 -  Front"
F10C026,Frozen,F10,"Frozen Rack 10, Level: C, Position # 026 -  Back"
F10C027,Frozen,F10,"Frozen Rack 10, Level: C, Position # 027 -  Front"
F10C028,Frozen,F10,"Frozen Rack 10, Level: C, Position # 028 -  Back"
F10C029,Frozen,F10,"Frozen Rack 10, Level: C, Position # 029 -  Front"
F10C030,Frozen,F10,"Frozen Rack 10, Level: C, Position # 030 -  Back"
F10C031,Frozen,F10,"Frozen Rack 10, Level: C, Position # 031 -  Front"
F10C032,Frozen,F10,"Frozen Rack 10, Level: C, Position # 032 -  Back"
F10C033,Frozen,F10,"Frozen Rack 10, Level: C, Position # 033 -  Front"
F10C034,Frozen,F10,"Frozen Rack 10, Level: C, Position # 034 -  Back"
F10C035,Frozen,F10,"Frozen Rack 10, Level: C, Position # 035 -  Front"
F10C036,Frozen,F10,"Frozen Rack 10, Level: C, Position # 036 -  Back"
F10C037,Frozen,F10,"Frozen Rack 10, Level: C, Position # 037 -  Front"
F10C038,Frozen,F10,"Frozen Rack 10, Level: C, Position # 038 -  Back"
F10C039,Frozen,F10,"Frozen Rack 10, Level: C, Position # 039 -  Front"
F10C040,Frozen,F10,"Frozen Rack 10, Level: C, Position # 040 -  Back"
F10C041,Frozen,F10,"Frozen Rack 10, Level: C, Position # 041 -  Front"
F10C042,Frozen,F10,"Frozen Rack 10, Level: C, Position # 042 -  Back"
F10C043,Frozen,F10,"Frozen Rack 10, Level: C, Position # 043 -  Front"
F10C044,Frozen,F10,"Frozen Rack 10, Level: C, Position # 044 -  Back"
F10C045,Frozen,F10,"Frozen Rack 10, Level: C, Position # 045 -  Front"
F10C046,Frozen,F10,"Frozen Rack 10, Level: C, Position # 046 -  Back"
F10C047,Frozen,F10,"Frozen Rack 10, Level: C, Position # 047 -  Front"
F10C048,Frozen,F10,"Frozen Rack 10, Level: C, Position # 048 -  Back"
F10C049,Frozen,F10,"Frozen Rack 10, Level: C, Position # 049 -  Front"
F10C050,Frozen,F10,"Frozen Rack 10, Level: C, Position # 050 -  Back"
F10C051,Frozen,F10,"Frozen Rack 10, Level: C, Position # 051 -  Front"
F10C052,Frozen,F10,"Frozen Rack 10, Level: C, Position # 052 -  Back"
F10C053,Frozen,F10,"Frozen Rack 10, Level: C, Position # 053 -  Front"
F10C054,Frozen,F10,"Frozen Rack 10, Level: C, Position # 054 -  Back"
F10C061,Frozen,F10,"Frozen Rack 10, Level: C, Position # 061 -  Front"
F10C062,Frozen,F10,"Frozen Rack 10, Level: C, Position # 062 -  Back"
F10C063,Frozen,F10,"Frozen Rack 10, Level: C, Position # 063 -  Front"
F10C064,Frozen,F10,"Frozen Rack 10, Level: C, Position # 064 -  Back"
F10C065,Frozen,F10,"Frozen Rack 10, Level: C, Position # 065 -  Front"
F10C066,Frozen,F10,"Frozen Rack 10, Level: C, Position # 066 -  Back"
F10C067,Frozen,F10,"Frozen Rack 10, Level: C, Position # 067 -  Front"
F10C068,Frozen,F10,"Frozen Rack 10, Level: C, Position # 068 -  Back"
F10C069,Frozen,F10,"Frozen Rack 10, Level: C, Position # 069 -  Front"
F10C070,Frozen,F10,"Frozen Rack 10, Level: C, Position # 070 -  Back"
F10C071,Frozen,F10,"Frozen Rack 10, Level: C, Position # 071 -  Front"
F10C072,Frozen,F10,"Frozen Rack 10, Level: C, Position # 072 -  Back"
F10C073,Frozen,F10,"Frozen Rack 10, Level: C, Position # 073 -  Front"
F10C074,Frozen,F10,"Frozen Rack 10, Level: C, Position # 074 -  Back"
F10C075,Frozen,F10,"Frozen Rack 10, Level: C, Position # 075 -  Front"
F10C076,Frozen,F10,"Frozen Rack 10, Level: C, Position # 076 -  Back"
F10C077,Frozen,F10,"Frozen Rack 10, Level: C, Position # 077 -  Front"
F10C078,Frozen,F10,"Frozen Rack 10, Level: C, Position # 078 -  Back"
F10C079,Frozen,F10,"Frozen Rack 10, Level: C, Position # 079 -  Front"
F10C080,Frozen,F10,"Frozen Rack 10, Level: C, Position # 080 -  Back"
F10C081,Frozen,F10,"Frozen Rack 10, Level: C, Position # 081 -  Front"
F10C082,Frozen,F10,"Frozen Rack 10, Level: C, Position # 082 -  Back"
F10C083,Frozen,F10,"Frozen Rack 10, Level: C, Position # 083 -  Front"
F10C084,Frozen,F10,"Frozen Rack 10, Level: C, Position # 084 -  Back"
F10C085,Frozen,F10,"Frozen Rack 10, Level: C, Position # 085 -  Front"
F10C086,Frozen,F10,"Frozen Rack 10, Level: C, Position # 086 -  Back"
F10C087,Frozen,F10,"Frozen Rack 10, Level: C, Position # 087 -  Front"
F10C088,Frozen,F10,"Frozen Rack 10, Level: C, Position # 088 -  Back"
F10C089,Frozen,F10,"Frozen Rack 10, Level: C, Position # 089 -  Front"
F10C090,Frozen,F10,"Frozen Rack 10, Level: C, Position # 090 -  Back"
F10C091,Frozen,F10,"Frozen Rack 10, Level: C, Position # 091 -  Front"
F10C092,Frozen,F10,"Frozen Rack 10, Level: C, Position # 092 -  Back"
F10C093,Frozen,F10,"Frozen Rack 10, Level: C, Position # 093 -  Front"
F10C094,Frozen,F10,"Frozen Rack 10, Level: C, Position # 094 -  Back"
F10C095,Frozen,F10,"Frozen Rack 10, Level: C, Position # 095 -  Front"
F10C096,Frozen,F10,"Frozen Rack 10, Level: C, Position # 096 -  Back"
F10C103,Frozen,F10,"Frozen Rack 10, Level: C, Position # 103 -  Front"
F10C104,Frozen,F10,"Frozen Rack 10, Level: C, Position # 104 -  Back"
F10C105,Frozen,F10,"Frozen Rack 10, Level: C, Position # 105 -  Front"
F10C106,Frozen,F10,"Frozen Rack 10, Level: C, Position # 106 -  Back"
F10C107,Frozen,F10,"Frozen Rack 10, Level: C, Position # 107 -  Front"
F10C108,Frozen,F10,"Frozen Rack 10, Level: C, Position # 108 -  Back"
F10C109,Frozen,F10,"Frozen Rack 10, Level: C, Position # 109 -  Front"
F10C110,Frozen,F10,"Frozen Rack 10, Level: C, Position # 110 -  Back"
F10C111,Frozen,F10,"Frozen Rack 10, Level: C, Position # 111 -  Front"
F10C112,Frozen,F10,"Frozen Rack 10, Level: C, Position # 112 -  Back"
F10D001,Frozen,F10,"Frozen Rack 10, Level: D, Position # 001 -  Front"
F10D002,Frozen,F10,"Frozen Rack 10, Level: D, Position # 002 -  Back"
F10D003,Frozen,F10,"Frozen Rack 10, Level: D, Position # 003 -  Front"
F10D004,Frozen,F10,"Frozen Rack 10, Level: D, Position # 004 -  Back"
F10D005,Frozen,F10,"Frozen Rack 10, Level: D, Position # 005 -  Front"
F10D006,Frozen,F10,"Frozen Rack 10, Level: D, Position # 006 -  Back"
F10D007,Frozen,F10,"Frozen Rack 10, Level: D, Position # 007 -  Front"
F10D008,Frozen,F10,"Frozen Rack 10, Level: D, Position # 008 -  Back"
F10D009,Frozen,F10,"Frozen Rack 10, Level: D, Position # 009 -  Front"
F10D010,Frozen,F10,"Frozen Rack 10, Level: D, Position # 010 -  Back"
F10D011,Frozen,F10,"Frozen Rack 10, Level: D, Position # 011 -  Front"
F10D012,Frozen,F10,"Frozen Rack 10, Level: D, Position # 012 -  Back"
F10D013,Frozen,F10,"Frozen Rack 10, Level: D, Position # 013 -  Front"
F10D014,Frozen,F10,"Frozen Rack 10, Level: D, Position # 014 -  Back"
F10D015,Frozen,F10,"Frozen Rack 10, Level: D, Position # 015 -  Front"
F10D016,Frozen,F10,"Frozen Rack 10, Level: D, Position # 016 -  Back"
F10D017,Frozen,F10,"Frozen Rack 10, Level: D, Position # 017 -  Front"
F10D018,Frozen,F10,"Frozen Rack 10, Level: D, Position # 018 -  Back"
F10D019,Frozen,F10,"Frozen Rack 10, Level: D, Position # 019 -  Front"
F10D020,Frozen,F10,"Frozen Rack 10, Level: D, Position # 020 -  Back"
F10D021,Frozen,F10,"Frozen Rack 10, Level: D, Position # 021 -  Front"
F10D022,Frozen,F10,"Frozen Rack 10, Level: D, Position # 022 -  Back"
F10D023,Frozen,F10,"Frozen Rack 10, Level: D, Position # 023 -  Front"
F10D024,Frozen,F10,"Frozen Rack 10, Level: D, Position # 024 -  Back"
F10D025,Frozen,F10,"Frozen Rack 10, Level: D, Position # 025 -  Front"
F10D026,Frozen,F10,"Frozen Rack 10, Level: D, Position # 026 -  Back"
F10D027,Frozen,F10,"Frozen Rack 10, Level: D, Position # 027 -  Front"
F10D028,Frozen,F10,"Frozen Rack 10, Level: D, Position # 028 -  Back"
F10D029,Frozen,F10,"Frozen Rack 10, Level: D, Position # 029 -  Front"
F10D030,Frozen,F10,"Frozen Rack 10, Level: D, Position # 030 -  Back"
F10D031,Frozen,F10,"Frozen Rack 10, Level: D, Position # 031 -  Front"
F10D032,Frozen,F10,"Frozen Rack 10, Level: D, Position # 032 -  Back"
F10D033,Frozen,F10,"Frozen Rack 10, Level: D, Position # 033 -  Front"
F10D034,Frozen,F10,"Frozen Rack 10, Level: D, Position # 034 -  Back"
F10D035,Frozen,F10,"Frozen Rack 10, Level: D, Position # 035 -  Front"
F10D036,Frozen,F10,"Frozen Rack 10, Level: D, Position # 036 -  Back"
F10D037,Frozen,F10,"Frozen Rack 10, Level: D, Position # 037 -  Front"
F10D038,Frozen,F10,"Frozen Rack 10, Level: D, Position # 038 -  Back"
F10D039,Frozen,F10,"Frozen Rack 10, Level: D, Position # 039 -  Front"
F10D040,Frozen,F10,"Frozen Rack 10, Level: D, Position # 040 -  Back"
F10D041,Frozen,F10,"Frozen Rack 10, Level: D, Position # 041 -  Front"
F10D042,Frozen,F10,"Frozen Rack 10, Level: D, Position # 042 -  Back"
F10D043,Frozen,F10,"Frozen Rack 10, Level: D, Position # 043 -  Front"
F10D044,Frozen,F10,"Frozen Rack 10, Level: D, Position # 044 -  Back"
F10D045,Frozen,F10,"Frozen Rack 10, Level: D, Position # 045 -  Front"
F10D046,Frozen,F10,"Frozen Rack 10, Level: D, Position # 046 -  Back"
F10D047,Frozen,F10,"Frozen Rack 10, Level: D, Position # 047 -  Front"
F10D048,Frozen,F10,"Frozen Rack 10, Level: D, Position # 048 -  Back"
F10D049,Frozen,F10,"Frozen Rack 10, Level: D, Position # 049 -  Front"
F10D050,Frozen,F10,"Frozen Rack 10, Level: D, Position # 050 -  Back"
F10D051,Frozen,F10,"Frozen Rack 10, Level: D, Position # 051 -  Front"
F10D052,Frozen,F10,"Frozen Rack 10, Level: D, Position # 052 -  Back"
F10D053,Frozen,F10,"Frozen Rack 10, Level: D, Position # 053 -  Front"
F10D054,Frozen,F10,"Frozen Rack 10, Level: D, Position # 054 -  Back"
F10D055,Frozen,F10,"Frozen Rack 10, Level: D, Position # 055 -  Front"
F10D056,Frozen,F10,"Frozen Rack 10, Level: D, Position # 056 -  Back"
F10D057,Frozen,F10,"Frozen Rack 10, Level: D, Position # 057 -  Front"
F10D058,Frozen,F10,"Frozen Rack 10, Level: D, Position # 058 -  Back"
F10D059,Frozen,F10,"Frozen Rack 10, Level: D, Position # 059 -  Front"
F10D060,Frozen,F10,"Frozen Rack 10, Level: D, Position # 060 -  Back"
F10D061,Frozen,F10,"Frozen Rack 10, Level: D, Position # 061 -  Front"
F10D062,Frozen,F10,"Frozen Rack 10, Level: D, Position # 062 -  Back"
F10D063,Frozen,F10,"Frozen Rack 10, Level: D, Position # 063 -  Front"
F10D064,Frozen,F10,"Frozen Rack 10, Level: D, Position # 064 -  Back"
F10D065,Frozen,F10,"Frozen Rack 10, Level: D, Position # 065 -  Front"
F10D066,Frozen,F10,"Frozen Rack 10, Level: D, Position # 066 -  Back"
F10D067,Frozen,F10,"Frozen Rack 10, Level: D, Position # 067 -  Front"
F10D068,Frozen,F10,"Frozen Rack 10, Level: D, Position # 068 -  Back"
F10D069,Frozen,F10,"Frozen Rack 10, Level: D, Position # 069 -  Front"
F10D070,Frozen,F10,"Frozen Rack 10, Level: D, Position # 070 -  Back"
F10D071,Frozen,F10,"Frozen Rack 10, Level: D, Position # 071 -  Front"
F10D072,Frozen,F10,"Frozen Rack 10, Level: D, Position # 072 -  Back"
F10D073,Frozen,F10,"Frozen Rack 10, Level: D, Position # 073 -  Front"
F10D074,Frozen,F10,"Frozen Rack 10, Level: D, Position # 074 -  Back"
F10D075,Frozen,F10,"Frozen Rack 10, Level: D, Position # 075 -  Front"
F10D076,Frozen,F10,"Frozen Rack 10, Level: D, Position # 076 -  Back"
F10D077,Frozen,F10,"Frozen Rack 10, Level: D, Position # 077 -  Front"
F10D078,Frozen,F10,"Frozen Rack 10, Level: D, Position # 078 -  Back"
F10D079,Frozen,F10,"Frozen Rack 10, Level: D, Position # 079 -  Front"
F10D080,Frozen,F10,"Frozen Rack 10, Level: D, Position # 080 -  Back"
F10D081,Frozen,F10,"Frozen Rack 10, Level: D, Position # 081 -  Front"
F10D082,Frozen,F10,"Frozen Rack 10, Level: D, Position # 082 -  Back"
F10D083,Frozen,F10,"Frozen Rack 10, Level: D, Position # 083 -  Front"
F10D084,Frozen,F10,"Frozen Rack 10, Level: D, Position # 084 -  Back"
F10D085,Frozen,F10,"Frozen Rack 10, Level: D, Position # 085 -  Front"
F10D086,Frozen,F10,"Frozen Rack 10, Level: D, Position # 086 -  Back"
F10D087,Frozen,F10,"Frozen Rack 10, Level: D, Position # 087 -  Front"
F10D088,Frozen,F10,"Frozen Rack 10, Level: D, Position # 088 -  Back"
F10D089,Frozen,F10,"Frozen Rack 10, Level: D, Position # 089 -  Front"
F10D090,Frozen,F10,"Frozen Rack 10, Level: D, Position # 090 -  Back"
F10D091,Frozen,F10,"Frozen Rack 10, Level: D, Position # 091 -  Front"
F10D092,Frozen,F10,"Frozen Rack 10, Level: D, Position # 092 -  Back"
F10D093,Frozen,F10,"Frozen Rack 10, Level: D, Position # 093 -  Front"
F10D094,Frozen,F10,"Frozen Rack 10, Level: D, Position # 094 -  Back"
F10D095,Frozen,F10,"Frozen Rack 10, Level: D, Position # 095 -  Front"
F10D096,Frozen,F10,"Frozen Rack 10, Level: D, Position # 096 -  Back"
F10D097,Frozen,F10,"Frozen Rack 10, Level: D, Position # 097 -  Front"
F10D098,Frozen,F10,"Frozen Rack 10, Level: D, Position # 098 -  Back"
F10D099,Frozen,F10,"Frozen Rack 10, Level: D, Position # 099 -  Front"
F10D100,Frozen,F10,"Frozen Rack 10, Level: D, Position # 100 -  Back"
F10D101,Frozen,F10,"Frozen Rack 10, Level: D, Position # 101 -  Front"
F10D102,Frozen,F10,"Frozen Rack 10, Level: D, Position # 102 -  Back"
F10D103,Frozen,F10,"Frozen Rack 10, Level: D, Position # 103 -  Front"
F10D104,Frozen,F10,"Frozen Rack 10, Level: D, Position # 104 -  Back"
F10D105,Frozen,F10,"Frozen Rack 10, Level: D, Position # 105 -  Front"
F10D106,Frozen,F10,"Frozen Rack 10, Level: D, Position # 106 -  Back"
F10D107,Frozen,F10,"Frozen Rack 10, Level: D, Position # 107 -  Front"
F10D108,Frozen,F10,"Frozen Rack 10, Level: D, Position # 108 -  Back"
F10D109,Frozen,F10,"Frozen Rack 10, Level: D, Position # 109 -  Front"
F10D110,Frozen,F10,"Frozen Rack 10, Level: D, Position # 110 -  Back"
F10D111,Frozen,F10,"Frozen Rack 10, Level: D, Position # 111 -  Front"
F10D112,Frozen,F10,"Frozen Rack 10, Level: D, Position # 112 -  Back"
F10E001,Frozen,F10,"Frozen Rack 10, Level: E, Position # 001 -  Front"
F10E002,Frozen,F10,"Frozen Rack 10, Level: E, Position # 002 -  Back"
F10E003,Frozen,F10,"Frozen Rack 10, Level: E, Position # 003 -  Front"
F10E004,Frozen,F10,"Frozen Rack 10, Level: E, Position # 004 -  Back"
F10E005,Frozen,F10,"Frozen Rack 10, Level: E, Position # 005 -  Front"
F10E006,Frozen,F10,"Frozen Rack 10, Level: E, Position # 006 -  Back"
F10E007,Frozen,F10,"Frozen Rack 10, Level: E, Position # 007 -  Front"
F10E008,Frozen,F10,"Frozen Rack 10, Level: E, Position # 008 -  Back"
F10E009,Frozen,F10,"Frozen Rack 10, Level: E, Position # 009 -  Front"
F10E010,Frozen,F10,"Frozen Rack 10, Level: E, Position # 010 -  Back"
F10E011,Frozen,F10,"Frozen Rack 10, Level: E, Position # 011 -  Front"
F10E012,Frozen,F10,"Frozen Rack 10, Level: E, Position # 012 -  Back"
F10E013,Frozen,F10,"Frozen Rack 10, Level: E, Position # 013 -  Front"
F10E014,Frozen,F10,"Frozen Rack 10, Level: E, Position # 014 -  Back"
F10E015,Frozen,F10,"Frozen Rack 10, Level: E, Position # 015 -  Front"
F10E016,Frozen,F10,"Frozen Rack 10, Level: E, Position # 016 -  Back"
F10E017,Frozen,F10,"Frozen Rack 10, Level: E, Position # 017 -  Front"
F10E018,Frozen,F10,"Frozen Rack 10, Level: E, Position # 018 -  Back"
F10E019,Frozen,F10,"Frozen Rack 10, Level: E, Position # 019 -  Front"
F10E020,Frozen,F10,"Frozen Rack 10, Level: E, Position # 020 -  Back"
F10E021,Frozen,F10,"Frozen Rack 10, Level: E, Position # 021 -  Front"
F10E022,Frozen,F10,"Frozen Rack 10, Level: E, Position # 022 -  Back"
F10E023,Frozen,F10,"Frozen Rack 10, Level: E, Position # 023 -  Front"
F10E024,Frozen,F10,"Frozen Rack 10, Level: E, Position # 024 -  Back"
F10E025,Frozen,F10,"Frozen Rack 10, Level: E, Position # 025 -  Front"
F10E026,Frozen,F10,"Frozen Rack 10, Level: E, Position # 026 -  Back"
F10E027,Frozen,F10,"Frozen Rack 10, Level: E, Position # 027 -  Front"
F10E028,Frozen,F10,"Frozen Rack 10, Level: E, Position # 028 -  Back"
F10E029,Frozen,F10,"Frozen Rack 10, Level: E, Position # 029 -  Front"
F10E030,Frozen,F10,"Frozen Rack 10, Level: E, Position # 030 -  Back"
F10E031,Frozen,F10,"Frozen Rack 10, Level: E, Position # 031 -  Front"
F10E032,Frozen,F10,"Frozen Rack 10, Level: E, Position # 032 -  Back"
F10E033,Frozen,F10,"Frozen Rack 10, Level: E, Position # 033 -  Front"
F10E034,Frozen,F10,"Frozen Rack 10, Level: E, Position # 034 -  Back"
F10E035,Frozen,F10,"Frozen Rack 10, Level: E, Position # 035 -  Front"
F10E036,Frozen,F10,"Frozen Rack 10, Level: E, Position # 036 -  Back"
F10E037,Frozen,F10,"Frozen Rack 10, Level: E, Position # 037 -  Front"
F10E038,Frozen,F10,"Frozen Rack 10, Level: E, Position # 038 -  Back"
F10E039,Frozen,F10,"Frozen Rack 10, Level: E, Position # 039 -  Front"
F10E040,Frozen,F10,"Frozen Rack 10, Level: E, Position # 040 -  Back"
F10E041,Frozen,F10,"Frozen Rack 10, Level: E, Position # 041 -  Front"
F10E042,Frozen,F10,"Frozen Rack 10, Level: E, Position # 042 -  Back"
F10E043,Frozen,F10,"Frozen Rack 10, Level: E, Position # 043 -  Front"
F10E044,Frozen,F10,"Frozen Rack 10, Level: E, Position # 044 -  Back"
F10E045,Frozen,F10,"Frozen Rack 10, Level: E, Position # 045 -  Front"
F10E046,Frozen,F10,"Frozen Rack 10, Level: E, Position # 046 -  Back"
F10E047,Frozen,F10,"Frozen Rack 10, Level: E, Position # 047 -  Front"
F10E048,Frozen,F10,"Frozen Rack 10, Level: E, Position # 048 -  Back"
F10E049,Frozen,F10,"Frozen Rack 10, Level: E, Position # 049 -  Front"
F10E050,Frozen,F10,"Frozen Rack 10, Level: E, Position # 050 -  Back"
F10E051,Frozen,F10,"Frozen Rack 10, Level: E, Position # 051 -  Front"
F10E052,Frozen,F10,"Frozen Rack 10, Level: E, Position # 052 -  Back"
F10E053,Frozen,F10,"Frozen Rack 10, Level: E, Position # 053 -  Front"
F10E054,Frozen,F10,"Frozen Rack 10, Level: E, Position # 054 -  Back"
F10E055,Frozen,F10,"Frozen Rack 10, Level: E, Position # 055 -  Front"
F10E056,Frozen,F10,"Frozen Rack 10, Level: E, Position # 056 -  Back"
F10E057,Frozen,F10,"Frozen Rack 10, Level: E, Position # 057 -  Front"
F10E058,Frozen,F10,"Frozen Rack 10, Level: E, Position # 058 -  Back"
F10E059,Frozen,F10,"Frozen Rack 10, Level: E, Position # 059 -  Front"
F10E060,Frozen,F10,"Frozen Rack 10, Level: E, Position # 060 -  Back"
F10E061,Frozen,F10,"Frozen Rack 10, Level: E, Position # 061 -  Front"
F10E062,Frozen,F10,"Frozen Rack 10, Level: E, Position # 062 -  Back"
F10E063,Frozen,F10,"Frozen Rack 10, Level: E, Position # 063 -  Front"
F10E064,Frozen,F10,"Frozen Rack 10, Level: E, Position # 064 -  Back"
F10E065,Frozen,F10,"Frozen Rack 10, Level: E, Position # 065 -  Front"
F10E066,Frozen,F10,"Frozen Rack 10, Level: E, Position # 066 -  Back"
F10E067,Frozen,F10,"Frozen Rack 10, Level: E, Position # 067 -  Front"
F10E068,Frozen,F10,"Frozen Rack 10, Level: E, Position # 068 -  Back"
F10E069,Frozen,F10,"Frozen Rack 10, Level: E, Position # 069 -  Front"
F10E070,Frozen,F10,"Frozen Rack 10, Level: E, Position # 070 -  Back"
F10E071,Frozen,F10,"Frozen Rack 10, Level: E, Position # 071 -  Front"
F10E072,Frozen,F10,"Frozen Rack 10, Level: E, Position # 072 -  Back"
F10E073,Frozen,F10,"Frozen Rack 10, Level: E, Position # 073 -  Front"
F10E074,Frozen,F10,"Frozen Rack 10, Level: E, Position # 074 -  Back"
F10E075,Frozen,F10,"Frozen Rack 10, Level: E, Position # 075 -  Front"
F10E076,Frozen,F10,"Frozen Rack 10, Level: E, Position # 076 -  Back"
F10E077,Frozen,F10,"Frozen Rack 10, Level: E, Position # 077 -  Front"
F10E078,Frozen,F10,"Frozen Rack 10, Level: E, Position # 078 -  Back"
F10E079,Frozen,F10,"Frozen Rack 10, Level: E, Position # 079 -  Front"
F10E080,Frozen,F10,"Frozen Rack 10, Level: E, Position # 080 -  Back"
F10E081,Frozen,F10,"Frozen Rack 10, Level: E, Position # 081 -  Front"
F10E082,Frozen,F10,"Frozen Rack 10, Level: E, Position # 082 -  Back"
F10E083,Frozen,F10,"Frozen Rack 10, Level: E, Position # 083 -  Front"
F10E084,Frozen,F10,"Frozen Rack 10, Level: E, Position # 084 -  Back"
F10E085,Frozen,F10,"Frozen Rack 10, Level: E, Position # 085 -  Front"
F10E086,Frozen,F10,"Frozen Rack 10, Level: E, Position # 086 -  Back"
F10E087,Frozen,F10,"Frozen Rack 10, Level: E, Position # 087 -  Front"
F10E088,Frozen,F10,"Frozen Rack 10, Level: E, Position # 088 -  Back"
F10E089,Frozen,F10,"Frozen Rack 10, Level: E, Position # 089 -  Front"
F10E090,Frozen,F10,"Frozen Rack 10, Level: E, Position # 090 -  Back"
F10E091,Frozen,F10,"Frozen Rack 10, Level: E, Position # 091 -  Front"
F10E092,Frozen,F10,"Frozen Rack 10, Level: E, Position # 092 -  Back"
F10E093,Frozen,F10,"Frozen Rack 10, Level: E, Position # 093 -  Front"
F10E094,Frozen,F10,"Frozen Rack 10, Level: E, Position # 094 -  Back"
F10E095,Frozen,F10,"Frozen Rack 10, Level: E, Position # 095 -  Front"
F10E096,Frozen,F10,"Frozen Rack 10, Level: E, Position # 096 -  Back"
F10E097,Frozen,F10,"Frozen Rack 10, Level: E, Position # 097 -  Front"
F10E098,Frozen,F10,"Frozen Rack 10, Level: E, Position # 098 -  Back"
F10E099,Frozen,F10,"Frozen Rack 10, Level: E, Position # 099 -  Front"
F10E100,Frozen,F10,"Frozen Rack 10, Level: E, Position # 100 -  Back"
F10E101,Frozen,F10,"Frozen Rack 10, Level: E, Position # 101 -  Front"
F10E102,Frozen,F10,"Frozen Rack 10, Level: E, Position # 102 -  Back"
F10E103,Frozen,F10,"Frozen Rack 10, Level: E, Position # 103 -  Front"
F10E104,Frozen,F10,"Frozen Rack 10, Level: E, Position # 104 -  Back"
F10E105,Frozen,F10,"Frozen Rack 10, Level: E, Position # 105 -  Front"
F10E106,Frozen,F10,"Frozen Rack 10, Level: E, Position # 106 -  Back"
F10E107,Frozen,F10,"Frozen Rack 10, Level: E, Position # 107 -  Front"
F10E108,Frozen,F10,"Frozen Rack 10, Level: E, Position # 108 -  Back"
F10E109,Frozen,F10,"Frozen Rack 10, Level: E, Position # 109 -  Front"
F10E110,Frozen,F10,"Frozen Rack 10, Level: E, Position # 110 -  Back"
F10E111,Frozen,F10,"Frozen Rack 10, Level: E, Position # 111 -  Front"
F10E112,Frozen,F10,"Frozen Rack 10, Level: E, Position # 112 -  Back"
F10F001,Frozen,F10,"Frozen Rack 10, Level: F, Position # 001 -  Front"
F10F002,Frozen,F10,"Frozen Rack 10, Level: F, Position # 002 -  Back"
F10F003,Frozen,F10,"Frozen Rack 10, Level: F, Position # 003 -  Front"
F10F004,Frozen,F10,"Frozen Rack 10, Level: F, Position # 004 -  Back"
F10F005,Frozen,F10,"Frozen Rack 10, Level: F, Position # 005 -  Front"
F10F006,Frozen,F10,"Frozen Rack 10, Level: F, Position # 006 -  Back"
F10F007,Frozen,F10,"Frozen Rack 10, Level: F, Position # 007 -  Front"
F10F008,Frozen,F10,"Frozen Rack 10, Level: F, Position # 008 -  Back"
F10F009,Frozen,F10,"Frozen Rack 10, Level: F, Position # 009 -  Front"
F10F010,Frozen,F10,"Frozen Rack 10, Level: F, Position # 010 -  Back"
F10F011,Frozen,F10,"Frozen Rack 10, Level: F, Position # 011 -  Front"
F10F012,Frozen,F10,"Frozen Rack 10, Level: F, Position # 012 -  Back"
F10F013,Frozen,F10,"Frozen Rack 10, Level: F, Position # 013 -  Front"
F10F014,Frozen,F10,"Frozen Rack 10, Level: F, Position # 014 -  Back"
F10F015,Frozen,F10,"Frozen Rack 10, Level: F, Position # 015 -  Front"
F10F016,Frozen,F10,"Frozen Rack 10, Level: F, Position # 016 -  Back"
F10F017,Frozen,F10,"Frozen Rack 10, Level: F, Position # 017 -  Front"
F10F018,Frozen,F10,"Frozen Rack 10, Level: F, Position # 018 -  Back"
F10F019,Frozen,F10,"Frozen Rack 10, Level: F, Position # 019 -  Front"
F10F020,Frozen,F10,"Frozen Rack 10, Level: F, Position # 020 -  Back"
F10F021,Frozen,F10,"Frozen Rack 10, Level: F, Position # 021 -  Front"
F10F022,Frozen,F10,"Frozen Rack 10, Level: F, Position # 022 -  Back"
F10F023,Frozen,F10,"Frozen Rack 10, Level: F, Position # 023 -  Front"
F10F024,Frozen,F10,"Frozen Rack 10, Level: F, Position # 024 -  Back"
F10F025,Frozen,F10,"Frozen Rack 10, Level: F, Position # 025 -  Front"
F10F026,Frozen,F10,"Frozen Rack 10, Level: F, Position # 026 -  Back"
F10F027,Frozen,F10,"Frozen Rack 10, Level: F, Position # 027 -  Front"
F10F028,Frozen,F10,"Frozen Rack 10, Level: F, Position # 028 -  Back"
F10F029,Frozen,F10,"Frozen Rack 10, Level: F, Position # 029 -  Front"
F10F030,Frozen,F10,"Frozen Rack 10, Level: F, Position # 030 -  Back"
F10F031,Frozen,F10,"Frozen Rack 10, Level: F, Position # 031 -  Front"
F10F032,Frozen,F10,"Frozen Rack 10, Level: F, Position # 032 -  Back"
F10F033,Frozen,F10,"Frozen Rack 10, Level: F, Position # 033 -  Front"
F10F034,Frozen,F10,"Frozen Rack 10, Level: F, Position # 034 -  Back"
F10F035,Frozen,F10,"Frozen Rack 10, Level: F, Position # 035 -  Front"
F10F036,Frozen,F10,"Frozen Rack 10, Level: F, Position # 036 -  Back"
F10F037,Frozen,F10,"Frozen Rack 10, Level: F, Position # 037 -  Front"
F10F038,Frozen,F10,"Frozen Rack 10, Level: F, Position # 038 -  Back"
F10F039,Frozen,F10,"Frozen Rack 10, Level: F, Position # 039 -  Front"
F10F040,Frozen,F10,"Frozen Rack 10, Level: F, Position # 040 -  Back"
F10F041,Frozen,F10,"Frozen Rack 10, Level: F, Position # 041 -  Front"
F10F042,Frozen,F10,"Frozen Rack 10, Level: F, Position # 042 -  Back"
F10F043,Frozen,F10,"Frozen Rack 10, Level: F, Position # 043 -  Front"
F10F044,Frozen,F10,"Frozen Rack 10, Level: F, Position # 044 -  Back"
F10F045,Frozen,F10,"Frozen Rack 10, Level: F, Position # 045 -  Front"
F10F046,Frozen,F10,"Frozen Rack 10, Level: F, Position # 046 -  Back"
F10F047,Frozen,F10,"Frozen Rack 10, Level: F, Position # 047 -  Front"
F10F048,Frozen,F10,"Frozen Rack 10, Level: F, Position # 048 -  Back"
F10F049,Frozen,F10,"Frozen Rack 10, Level: F, Position # 049 -  Front"
F10F050,Frozen,F10,"Frozen Rack 10, Level: F, Position # 050 -  Back"
F10F051,Frozen,F10,"Frozen Rack 10, Level: F, Position # 051 -  Front"
F10F052,Frozen,F10,"Frozen Rack 10, Level: F, Position # 052 -  Back"
F10F053,Frozen,F10,"Frozen Rack 10, Level: F, Position # 053 -  Front"
F10F054,Frozen,F10,"Frozen Rack 10, Level: F, Position # 054 -  Back"
F10F055,Frozen,F10,"Frozen Rack 10, Level: F, Position # 055 -  Front"
F10F056,Frozen,F10,"Frozen Rack 10, Level: F, Position # 056 -  Back"
F10F057,Frozen,F10,"Frozen Rack 10, Level: F, Position # 057 -  Front"
F10F058,Frozen,F10,"Frozen Rack 10, Level: F, Position # 058 -  Back"
F10F059,Frozen,F10,"Frozen Rack 10, Level: F, Position # 059 -  Front"
F10F060,Frozen,F10,"Frozen Rack 10, Level: F, Position # 060 -  Back"
F10F061,Frozen,F10,"Frozen Rack 10, Level: F, Position # 061 -  Front"
F10F062,Frozen,F10,"Frozen Rack 10, Level: F, Position # 062 -  Back"
F10F063,Frozen,F10,"Frozen Rack 10, Level: F, Position # 063 -  Front"
F10F064,Frozen,F10,"Frozen Rack 10, Level: F, Position # 064 -  Back"
F10F065,Frozen,F10,"Frozen Rack 10, Level: F, Position # 065 -  Front"
F10F066,Frozen,F10,"Frozen Rack 10, Level: F, Position # 066 -  Back"
F10F067,Frozen,F10,"Frozen Rack 10, Level: F, Position # 067 -  Front"
F10F068,Frozen,F10,"Frozen Rack 10, Level: F, Position # 068 -  Back"
F10F069,Frozen,F10,"Frozen Rack 10, Level: F, Position # 069 -  Front"
F10F070,Frozen,F10,"Frozen Rack 10, Level: F, Position # 070 -  Back"
F10F071,Frozen,F10,"Frozen Rack 10, Level: F, Position # 071 -  Front"
F10F072,Frozen,F10,"Frozen Rack 10, Level: F, Position # 072 -  Back"
F10F073,Frozen,F10,"Frozen Rack 10, Level: F, Position # 073 -  Front"
F10F074,Frozen,F10,"Frozen Rack 10, Level: F, Position # 074 -  Back"
F10F075,Frozen,F10,"Frozen Rack 10, Level: F, Position # 075 -  Front"
F10F076,Frozen,F10,"Frozen Rack 10, Level: F, Position # 076 -  Back"
F10F077,Frozen,F10,"Frozen Rack 10, Level: F, Position # 077 -  Front"
F10F078,Frozen,F10,"Frozen Rack 10, Level: F, Position # 078 -  Back"
F10F079,Frozen,F10,"Frozen Rack 10, Level: F, Position # 079 -  Front"
F10F080,Frozen,F10,"Frozen Rack 10, Level: F, Position # 080 -  Back"
F10F081,Frozen,F10,"Frozen Rack 10, Level: F, Position # 081 -  Front"
F10F082,Frozen,F10,"Frozen Rack 10, Level: F, Position # 082 -  Back"
F10F083,Frozen,F10,"Frozen Rack 10, Level: F, Position # 083 -  Front"
F10F084,Frozen,F10,"Frozen Rack 10, Level: F, Position # 084 -  Back"
F10F085,Frozen,F10,"Frozen Rack 10, Level: F, Position # 085 -  Front"
F10F086,Frozen,F10,"Frozen Rack 10, Level: F, Position # 086 -  Back"
F10F087,Frozen,F10,"Frozen Rack 10, Level: F, Position # 087 -  Front"
F10F088,Frozen,F10,"Frozen Rack 10, Level: F, Position # 088 -  Back"
F10F089,Frozen,F10,"Frozen Rack 10, Level: F, Position # 089 -  Front"
F10F090,Frozen,F10,"Frozen Rack 10, Level: F, Position # 090 -  Back"
F10F091,Frozen,F10,"Frozen Rack 10, Level: F, Position # 091 -  Front"
F10F092,Frozen,F10,"Frozen Rack 10, Level: F, Position # 092 -  Back"
F10F093,Frozen,F10,"Frozen Rack 10, Level: F, Position # 093 -  Front"
F10F094,Frozen,F10,"Frozen Rack 10, Level: F, Position # 094 -  Back"
F10F095,Frozen,F10,"Frozen Rack 10, Level: F, Position # 095 -  Front"
F10F096,Frozen,F10,"Frozen Rack 10, Level: F, Position # 096 -  Back"
F10F097,Frozen,F10,"Frozen Rack 10, Level: F, Position # 097 -  Front"
F10F098,Frozen,F10,"Frozen Rack 10, Level: F, Position # 098 -  Back"
F10F099,Frozen,F10,"Frozen Rack 10, Level: F, Position # 099 -  Front"
F10F100,Frozen,F10,"Frozen Rack 10, Level: F, Position # 100 -  Back"
F10F101,Frozen,F10,"Frozen Rack 10, Level: F, Position # 101 -  Front"
F10F102,Frozen,F10,"Frozen Rack 10, Level: F, Position # 102 -  Back"
F10F103,Frozen,F10,"Frozen Rack 10, Level: F, Position # 103 -  Front"
F10F104,Frozen,F10,"Frozen Rack 10, Level: F, Position # 104 -  Back"
F10F105,Frozen,F10,"Frozen Rack 10, Level: F, Position # 105 -  Front"
F10F106,Frozen,F10,"Frozen Rack 10, Level: F, Position # 106 -  Back"
F10F107,Frozen,F10,"Frozen Rack 10, Level: F, Position # 107 -  Front"
F10F108,Frozen,F10,"Frozen Rack 10, Level: F, Position # 108 -  Back"
F10F109,Frozen,F10,"Frozen Rack 10, Level: F, Position # 109 -  Front"
F10F110,Frozen,F10,"Frozen Rack 10, Level: F, Position # 110 -  Back"
F10F111,Frozen,F10,"Frozen Rack 10, Level: F, Position # 111 -  Front"
F10F112,Frozen,F10,"Frozen Rack 10, Level: F, Position # 112 -  Back"
F11A001,Frozen,F11,"Frozen Rack 11, Level: A, Position # 001 -  Front"
F11A002,Frozen,F11,"Frozen Rack 11, Level: A, Position # 002 -  Back"
F11A003,Frozen,F11,"Frozen Rack 11, Level: A, Position # 003 -  Front"
F11A004,Frozen,F11,"Frozen Rack 11, Level: A, Position # 004 -  Back"
F11A005,Frozen,F11,"Frozen Rack 11, Level: A, Position # 005 -  Front"
F11A006,Frozen,F11,"Frozen Rack 11, Level: A, Position # 006 -  Back"
F11A007,Frozen,F11,"Frozen Rack 11, Level: A, Position # 007 -  Front"
F11A008,Frozen,F11,"Frozen Rack 11, Level: A, Position # 008 -  Back"
F11A009,Frozen,F11,"Frozen Rack 11, Level: A, Position # 009 -  Front"
F11A010,Frozen,F11,"Frozen Rack 11, Level: A, Position # 010 -  Back"
F11A011,Frozen,F11,"Frozen Rack 11, Level: A, Position # 011 -  Front"
F11A012,Frozen,F11,"Frozen Rack 11, Level: A, Position # 012 -  Back"
F11A019,Frozen,F11,"Frozen Rack 11, Level: A, Position # 019 -  Front"
F11A020,Frozen,F11,"Frozen Rack 11, Level: A, Position # 020 -  Back"
F11A021,Frozen,F11,"Frozen Rack 11, Level: A, Position # 021 -  Front"
F11A022,Frozen,F11,"Frozen Rack 11, Level: A, Position # 022 -  Back"
F11A023,Frozen,F11,"Frozen Rack 11, Level: A, Position # 023 -  Front"
F11A024,Frozen,F11,"Frozen Rack 11, Level: A, Position # 024 -  Back"
F11A025,Frozen,F11,"Frozen Rack 11, Level: A, Position # 025 -  Front"
F11A026,Frozen,F11,"Frozen Rack 11, Level: A, Position # 026 -  Back"
F11A027,Frozen,F11,"Frozen Rack 11, Level: A, Position # 027 -  Front"
F11A028,Frozen,F11,"Frozen Rack 11, Level: A, Position # 028 -  Back"
F11A029,Frozen,F11,"Frozen Rack 11, Level: A, Position # 029 -  Front"
F11A030,Frozen,F11,"Frozen Rack 11, Level: A, Position # 030 -  Back"
F11A031,Frozen,F11,"Frozen Rack 11, Level: A, Position # 031 -  Front"
F11A032,Frozen,F11,"Frozen Rack 11, Level: A, Position # 032 -  Back"
F11A033,Frozen,F11,"Frozen Rack 11, Level: A, Position # 033 -  Front"
F11A034,Frozen,F11,"Frozen Rack 11, Level: A, Position # 034 -  Back"
F11A035,Frozen,F11,"Frozen Rack 11, Level: A, Position # 035 -  Front"
F11A036,Frozen,F11,"Frozen Rack 11, Level: A, Position # 036 -  Back"
F11A037,Frozen,F11,"Frozen Rack 11, Level: A, Position # 037 -  Front"
F11A038,Frozen,F11,"Frozen Rack 11, Level: A, Position # 038 -  Back"
F11A039,Frozen,F11,"Frozen Rack 11, Level: A, Position # 039 -  Front"
F11A040,Frozen,F11,"Frozen Rack 11, Level: A, Position # 040 -  Back"
F11A041,Frozen,F11,"Frozen Rack 11, Level: A, Position # 041 -  Front"
F11A042,Frozen,F11,"Frozen Rack 11, Level: A, Position # 042 -  Back"
F11A043,Frozen,F11,"Frozen Rack 11, Level: A, Position # 043 -  Front"
F11A044,Frozen,F11,"Frozen Rack 11, Level: A, Position # 044 -  Back"
F11A045,Frozen,F11,"Frozen Rack 11, Level: A, Position # 045 -  Front"
F11A046,Frozen,F11,"Frozen Rack 11, Level: A, Position # 046 -  Back"
F11A047,Frozen,F11,"Frozen Rack 11, Level: A, Position # 047 -  Front"
F11A048,Frozen,F11,"Frozen Rack 11, Level: A, Position # 048 -  Back"
F11A049,Frozen,F11,"Frozen Rack 11, Level: A, Position # 049 -  Front"
F11A050,Frozen,F11,"Frozen Rack 11, Level: A, Position # 050 -  Back"
F11A051,Frozen,F11,"Frozen Rack 11, Level: A, Position # 051 -  Front"
F11A052,Frozen,F11,"Frozen Rack 11, Level: A, Position # 052 -  Back"
F11A053,Frozen,F11,"Frozen Rack 11, Level: A, Position # 053 -  Front"
F11A054,Frozen,F11,"Frozen Rack 11, Level: A, Position # 054 -  Back"
F11A061,Frozen,F11,"Frozen Rack 11, Level: A, Position # 061 -  Front"
F11A062,Frozen,F11,"Frozen Rack 11, Level: A, Position # 062 -  Back"
F11A063,Frozen,F11,"Frozen Rack 11, Level: A, Position # 063 -  Front"
F11A064,Frozen,F11,"Frozen Rack 11, Level: A, Position # 064 -  Back"
F11A065,Frozen,F11,"Frozen Rack 11, Level: A, Position # 065 -  Front"
F11A066,Frozen,F11,"Frozen Rack 11, Level: A, Position # 066 -  Back"
F11A067,Frozen,F11,"Frozen Rack 11, Level: A, Position # 067 -  Front"
F11A068,Frozen,F11,"Frozen Rack 11, Level: A, Position # 068 -  Back"
F11A069,Frozen,F11,"Frozen Rack 11, Level: A, Position # 069 -  Front"
F11A070,Frozen,F11,"Frozen Rack 11, Level: A, Position # 070 -  Back"
F11A071,Frozen,F11,"Frozen Rack 11, Level: A, Position # 071 -  Front"
F11A072,Frozen,F11,"Frozen Rack 11, Level: A, Position # 072 -  Back"
F11A073,Frozen,F11,"Frozen Rack 11, Level: A, Position # 073 -  Front"
F11A074,Frozen,F11,"Frozen Rack 11, Level: A, Position # 074 -  Back"
F11A075,Frozen,F11,"Frozen Rack 11, Level: A, Position # 075 -  Front"
F11A076,Frozen,F11,"Frozen Rack 11, Level: A, Position # 076 -  Back"
F11A077,Frozen,F11,"Frozen Rack 11, Level: A, Position # 077 -  Front"
F11A078,Frozen,F11,"Frozen Rack 11, Level: A, Position # 078 -  Back"
F11A079,Frozen,F11,"Frozen Rack 11, Level: A, Position # 079 -  Front"
F11A080,Frozen,F11,"Frozen Rack 11, Level: A, Position # 080 -  Back"
F11A081,Frozen,F11,"Frozen Rack 11, Level: A, Position # 081 -  Front"
F11A082,Frozen,F11,"Frozen Rack 11, Level: A, Position # 082 -  Back"
F11A083,Frozen,F11,"Frozen Rack 11, Level: A, Position # 083 -  Front"
F11A084,Frozen,F11,"Frozen Rack 11, Level: A, Position # 084 -  Back"
F11A085,Frozen,F11,"Frozen Rack 11, Level: A, Position # 085 -  Front"
F11A086,Frozen,F11,"Frozen Rack 11, Level: A, Position # 086 -  Back"
F11A087,Frozen,F11,"Frozen Rack 11, Level: A, Position # 087 -  Front"
F11A088,Frozen,F11,"Frozen Rack 11, Level: A, Position # 088 -  Back"
F11A089,Frozen,F11,"Frozen Rack 11, Level: A, Position # 089 -  Front"
F11A090,Frozen,F11,"Frozen Rack 11, Level: A, Position # 090 -  Back"
F11A091,Frozen,F11,"Frozen Rack 11, Level: A, Position # 091 -  Front"
F11A092,Frozen,F11,"Frozen Rack 11, Level: A, Position # 092 -  Back"
F11A093,Frozen,F11,"Frozen Rack 11, Level: A, Position # 093 -  Front"
F11A094,Frozen,F11,"Frozen Rack 11, Level: A, Position # 094 -  Back"
F11A095,Frozen,F11,"Frozen Rack 11, Level: A, Position # 095 -  Front"
F11A096,Frozen,F11,"Frozen Rack 11, Level: A, Position # 096 -  Back"
F11A103,Frozen,F11,"Frozen Rack 11, Level: A, Position # 103 -  Front"
F11A104,Frozen,F11,"Frozen Rack 11, Level: A, Position # 104 -  Back"
F11A105,Frozen,F11,"Frozen Rack 11, Level: A, Position # 105 -  Front"
F11A106,Frozen,F11,"Frozen Rack 11, Level: A, Position # 106 -  Back"
F11A107,Frozen,F11,"Frozen Rack 11, Level: A, Position # 107 -  Front"
F11A108,Frozen,F11,"Frozen Rack 11, Level: A, Position # 108 -  Back"
F11A109,Frozen,F11,"Frozen Rack 11, Level: A, Position # 109 -  Front"
F11A110,Frozen,F11,"Frozen Rack 11, Level: A, Position # 110 -  Back"
F11A111,Frozen,F11,"Frozen Rack 11, Level: A, Position # 111 -  Front"
F11A112,Frozen,F11,"Frozen Rack 11, Level: A, Position # 112 -  Back"
F11B001,Frozen,F11,"Frozen Rack 11, Level: B, Position # 001 -  Front"
F11B002,Frozen,F11,"Frozen Rack 11, Level: B, Position # 002 -  Back"
F11B003,Frozen,F11,"Frozen Rack 11, Level: B, Position # 003 -  Front"
F11B004,Frozen,F11,"Frozen Rack 11, Level: B, Position # 004 -  Back"
F11B005,Frozen,F11,"Frozen Rack 11, Level: B, Position # 005 -  Front"
F11B006,Frozen,F11,"Frozen Rack 11, Level: B, Position # 006 -  Back"
F11B007,Frozen,F11,"Frozen Rack 11, Level: B, Position # 007 -  Front"
F11B008,Frozen,F11,"Frozen Rack 11, Level: B, Position # 008 -  Back"
F11B009,Frozen,F11,"Frozen Rack 11, Level: B, Position # 009 -  Front"
F11B010,Frozen,F11,"Frozen Rack 11, Level: B, Position # 010 -  Back"
F11B011,Frozen,F11,"Frozen Rack 11, Level: B, Position # 011 -  Front"
F11B012,Frozen,F11,"Frozen Rack 11, Level: B, Position # 012 -  Back"
F11B019,Frozen,F11,"Frozen Rack 11, Level: B, Position # 019 -  Front"
F11B020,Frozen,F11,"Frozen Rack 11, Level: B, Position # 020 -  Back"
F11B021,Frozen,F11,"Frozen Rack 11, Level: B, Position # 021 -  Front"
F11B022,Frozen,F11,"Frozen Rack 11, Level: B, Position # 022 -  Back"
F11B023,Frozen,F11,"Frozen Rack 11, Level: B, Position # 023 -  Front"
F11B024,Frozen,F11,"Frozen Rack 11, Level: B, Position # 024 -  Back"
F11B025,Frozen,F11,"Frozen Rack 11, Level: B, Position # 025 -  Front"
F11B026,Frozen,F11,"Frozen Rack 11, Level: B, Position # 026 -  Back"
F11B027,Frozen,F11,"Frozen Rack 11, Level: B, Position # 027 -  Front"
F11B028,Frozen,F11,"Frozen Rack 11, Level: B, Position # 028 -  Back"
F11B029,Frozen,F11,"Frozen Rack 11, Level: B, Position # 029 -  Front"
F11B030,Frozen,F11,"Frozen Rack 11, Level: B, Position # 030 -  Back"
F11B031,Frozen,F11,"Frozen Rack 11, Level: B, Position # 031 -  Front"
F11B032,Frozen,F11,"Frozen Rack 11, Level: B, Position # 032 -  Back"
F11B033,Frozen,F11,"Frozen Rack 11, Level: B, Position # 033 -  Front"
F11B034,Frozen,F11,"Frozen Rack 11, Level: B, Position # 034 -  Back"
F11B035,Frozen,F11,"Frozen Rack 11, Level: B, Position # 035 -  Front"
F11B036,Frozen,F11,"Frozen Rack 11, Level: B, Position # 036 -  Back"
F11B037,Frozen,F11,"Frozen Rack 11, Level: B, Position # 037 -  Front"
F11B038,Frozen,F11,"Frozen Rack 11, Level: B, Position # 038 -  Back"
F11B039,Frozen,F11,"Frozen Rack 11, Level: B, Position # 039 -  Front"
F11B040,Frozen,F11,"Frozen Rack 11, Level: B, Position # 040 -  Back"
F11B041,Frozen,F11,"Frozen Rack 11, Level: B, Position # 041 -  Front"
F11B042,Frozen,F11,"Frozen Rack 11, Level: B, Position # 042 -  Back"
F11B043,Frozen,F11,"Frozen Rack 11, Level: B, Position # 043 -  Front"
F11B044,Frozen,F11,"Frozen Rack 11, Level: B, Position # 044 -  Back"
F11B045,Frozen,F11,"Frozen Rack 11, Level: B, Position # 045 -  Front"
F11B046,Frozen,F11,"Frozen Rack 11, Level: B, Position # 046 -  Back"
F11B047,Frozen,F11,"Frozen Rack 11, Level: B, Position # 047 -  Front"
F11B048,Frozen,F11,"Frozen Rack 11, Level: B, Position # 048 -  Back"
F11B049,Frozen,F11,"Frozen Rack 11, Level: B, Position # 049 -  Front"
F11B050,Frozen,F11,"Frozen Rack 11, Level: B, Position # 050 -  Back"
F11B051,Frozen,F11,"Frozen Rack 11, Level: B, Position # 051 -  Front"
F11B052,Frozen,F11,"Frozen Rack 11, Level: B, Position # 052 -  Back"
F11B053,Frozen,F11,"Frozen Rack 11, Level: B, Position # 053 -  Front"
F11B054,Frozen,F11,"Frozen Rack 11, Level: B, Position # 054 -  Back"
F11B061,Frozen,F11,"Frozen Rack 11, Level: B, Position # 061 -  Front"
F11B062,Frozen,F11,"Frozen Rack 11, Level: B, Position # 062 -  Back"
F11B063,Frozen,F11,"Frozen Rack 11, Level: B, Position # 063 -  Front"
F11B064,Frozen,F11,"Frozen Rack 11, Level: B, Position # 064 -  Back"
F11B065,Frozen,F11,"Frozen Rack 11, Level: B, Position # 065 -  Front"
F11B066,Frozen,F11,"Frozen Rack 11, Level: B, Position # 066 -  Back"
F11B067,Frozen,F11,"Frozen Rack 11, Level: B, Position # 067 -  Front"
F11B068,Frozen,F11,"Frozen Rack 11, Level: B, Position # 068 -  Back"
F11B069,Frozen,F11,"Frozen Rack 11, Level: B, Position # 069 -  Front"
F11B070,Frozen,F11,"Frozen Rack 11, Level: B, Position # 070 -  Back"
F11B071,Frozen,F11,"Frozen Rack 11, Level: B, Position # 071 -  Front"
F11B072,Frozen,F11,"Frozen Rack 11, Level: B, Position # 072 -  Back"
F11B073,Frozen,F11,"Frozen Rack 11, Level: B, Position # 073 -  Front"
F11B074,Frozen,F11,"Frozen Rack 11, Level: B, Position # 074 -  Back"
F11B075,Frozen,F11,"Frozen Rack 11, Level: B, Position # 075 -  Front"
F11B076,Frozen,F11,"Frozen Rack 11, Level: B, Position # 076 -  Back"
F11B077,Frozen,F11,"Frozen Rack 11, Level: B, Position # 077 -  Front"
F11B078,Frozen,F11,"Frozen Rack 11, Level: B, Position # 078 -  Back"
F11B079,Frozen,F11,"Frozen Rack 11, Level: B, Position # 079 -  Front"
F11B080,Frozen,F11,"Frozen Rack 11, Level: B, Position # 080 -  Back"
F11B081,Frozen,F11,"Frozen Rack 11, Level: B, Position # 081 -  Front"
F11B082,Frozen,F11,"Frozen Rack 11, Level: B, Position # 082 -  Back"
F11B083,Frozen,F11,"Frozen Rack 11, Level: B, Position # 083 -  Front"
F11B084,Frozen,F11,"Frozen Rack 11, Level: B, Position # 084 -  Back"
F11B085,Frozen,F11,"Frozen Rack 11, Level: B, Position # 085 -  Front"
F11B086,Frozen,F11,"Frozen Rack 11, Level: B, Position # 086 -  Back"
F11B087,Frozen,F11,"Frozen Rack 11, Level: B, Position # 087 -  Front"
F11B088,Frozen,F11,"Frozen Rack 11, Level: B, Position # 088 -  Back"
F11B089,Frozen,F11,"Frozen Rack 11, Level: B, Position # 089 -  Front"
F11B090,Frozen,F11,"Frozen Rack 11, Level: B, Position # 090 -  Back"
F11B091,Frozen,F11,"Frozen Rack 11, Level: B, Position # 091 -  Front"
F11B092,Frozen,F11,"Frozen Rack 11, Level: B, Position # 092 -  Back"
F11B093,Frozen,F11,"Frozen Rack 11, Level: B, Position # 093 -  Front"
F11B094,Frozen,F11,"Frozen Rack 11, Level: B, Position # 094 -  Back"
F11B095,Frozen,F11,"Frozen Rack 11, Level: B, Position # 095 -  Front"
F11B096,Frozen,F11,"Frozen Rack 11, Level: B, Position # 096 -  Back"
F11B103,Frozen,F11,"Frozen Rack 11, Level: B, Position # 103 -  Front"
F11B104,Frozen,F11,"Frozen Rack 11, Level: B, Position # 104 -  Back"
F11B105,Frozen,F11,"Frozen Rack 11, Level: B, Position # 105 -  Front"
F11B106,Frozen,F11,"Frozen Rack 11, Level: B, Position # 106 -  Back"
F11B107,Frozen,F11,"Frozen Rack 11, Level: B, Position # 107 -  Front"
F11B108,Frozen,F11,"Frozen Rack 11, Level: B, Position # 108 -  Back"
F11B109,Frozen,F11,"Frozen Rack 11, Level: B, Position # 109 -  Front"
F11B110,Frozen,F11,"Frozen Rack 11, Level: B, Position # 110 -  Back"
F11B111,Frozen,F11,"Frozen Rack 11, Level: B, Position # 111 -  Front"
F11B112,Frozen,F11,"Frozen Rack 11, Level: B, Position # 112 -  Back"
F11C001,Frozen,F11,"Frozen Rack 11, Level: C, Position # 001 -  Front"
F11C002,Frozen,F11,"Frozen Rack 11, Level: C, Position # 002 -  Back"
F11C003,Frozen,F11,"Frozen Rack 11, Level: C, Position # 003 -  Front"
F11C004,Frozen,F11,"Frozen Rack 11, Level: C, Position # 004 -  Back"
F11C005,Frozen,F11,"Frozen Rack 11, Level: C, Position # 005 -  Front"
F11C006,Frozen,F11,"Frozen Rack 11, Level: C, Position # 006 -  Back"
F11C007,Frozen,F11,"Frozen Rack 11, Level: C, Position # 007 -  Front"
F11C008,Frozen,F11,"Frozen Rack 11, Level: C, Position # 008 -  Back"
F11C009,Frozen,F11,"Frozen Rack 11, Level: C, Position # 009 -  Front"
F11C010,Frozen,F11,"Frozen Rack 11, Level: C, Position # 010 -  Back"
F11C011,Frozen,F11,"Frozen Rack 11, Level: C, Position # 011 -  Front"
F11C012,Frozen,F11,"Frozen Rack 11, Level: C, Position # 012 -  Back"
F11C019,Frozen,F11,"Frozen Rack 11, Level: C, Position # 019 -  Front"
F11C020,Frozen,F11,"Frozen Rack 11, Level: C, Position # 020 -  Back"
F11C021,Frozen,F11,"Frozen Rack 11, Level: C, Position # 021 -  Front"
F11C022,Frozen,F11,"Frozen Rack 11, Level: C, Position # 022 -  Back"
F11C023,Frozen,F11,"Frozen Rack 11, Level: C, Position # 023 -  Front"
F11C024,Frozen,F11,"Frozen Rack 11, Level: C, Position # 024 -  Back"
F11C025,Frozen,F11,"Frozen Rack 11, Level: C, Position # 025 -  Front"
F11C026,Frozen,F11,"Frozen Rack 11, Level: C, Position # 026 -  Back"
F11C027,Frozen,F11,"Frozen Rack 11, Level: C, Position # 027 -  Front"
F11C028,Frozen,F11,"Frozen Rack 11, Level: C, Position # 028 -  Back"
F11C029,Frozen,F11,"Frozen Rack 11, Level: C, Position # 029 -  Front"
F11C030,Frozen,F11,"Frozen Rack 11, Level: C, Position # 030 -  Back"
F11C031,Frozen,F11,"Frozen Rack 11, Level: C, Position # 031 -  Front"
F11C032,Frozen,F11,"Frozen Rack 11, Level: C, Position # 032 -  Back"
F11C033,Frozen,F11,"Frozen Rack 11, Level: C, Position # 033 -  Front"
F11C034,Frozen,F11,"Frozen Rack 11, Level: C, Position # 034 -  Back"
F11C035,Frozen,F11,"Frozen Rack 11, Level: C, Position # 035 -  Front"
F11C036,Frozen,F11,"Frozen Rack 11, Level: C, Position # 036 -  Back"
F11C037,Frozen,F11,"Frozen Rack 11, Level: C, Position # 037 -  Front"
F11C038,Frozen,F11,"Frozen Rack 11, Level: C, Position # 038 -  Back"
F11C039,Frozen,F11,"Frozen Rack 11, Level: C, Position # 039 -  Front"
F11C040,Frozen,F11,"Frozen Rack 11, Level: C, Position # 040 -  Back"
F11C041,Frozen,F11,"Frozen Rack 11, Level: C, Position # 041 -  Front"
F11C042,Frozen,F11,"Frozen Rack 11, Level: C, Position # 042 -  Back"
F11C043,Frozen,F11,"Frozen Rack 11, Level: C, Position # 043 -  Front"
F11C044,Frozen,F11,"Frozen Rack 11, Level: C, Position # 044 -  Back"
F11C045,Frozen,F11,"Frozen Rack 11, Level: C, Position # 045 -  Front"
F11C046,Frozen,F11,"Frozen Rack 11, Level: C, Position # 046 -  Back"
F11C047,Frozen,F11,"Frozen Rack 11, Level: C, Position # 047 -  Front"
F11C048,Frozen,F11,"Frozen Rack 11, Level: C, Position # 048 -  Back"
F11C049,Frozen,F11,"Frozen Rack 11, Level: C, Position # 049 -  Front"
F11C050,Frozen,F11,"Frozen Rack 11, Level: C, Position # 050 -  Back"
F11C051,Frozen,F11,"Frozen Rack 11, Level: C, Position # 051 -  Front"
F11C052,Frozen,F11,"Frozen Rack 11, Level: C, Position # 052 -  Back"
F11C053,Frozen,F11,"Frozen Rack 11, Level: C, Position # 053 -  Front"
F11C054,Frozen,F11,"Frozen Rack 11, Level: C, Position # 054 -  Back"
F11C061,Frozen,F11,"Frozen Rack 11, Level: C, Position # 061 -  Front"
F11C062,Frozen,F11,"Frozen Rack 11, Level: C, Position # 062 -  Back"
F11C063,Frozen,F11,"Frozen Rack 11, Level: C, Position # 063 -  Front"
F11C064,Frozen,F11,"Frozen Rack 11, Level: C, Position # 064 -  Back"
F11C065,Frozen,F11,"Frozen Rack 11, Level: C, Position # 065 -  Front"
F11C066,Frozen,F11,"Frozen Rack 11, Level: C, Position # 066 -  Back"
F11C067,Frozen,F11,"Frozen Rack 11, Level: C, Position # 067 -  Front"
F11C068,Frozen,F11,"Frozen Rack 11, Level: C, Position # 068 -  Back"
F11C069,Frozen,F11,"Frozen Rack 11, Level: C, Position # 069 -  Front"
F11C070,Frozen,F11,"Frozen Rack 11, Level: C, Position # 070 -  Back"
F11C071,Frozen,F11,"Frozen Rack 11, Level: C, Position # 071 -  Front"
F11C072,Frozen,F11,"Frozen Rack 11, Level: C, Position # 072 -  Back"
F11C073,Frozen,F11,"Frozen Rack 11, Level: C, Position # 073 -  Front"
F11C074,Frozen,F11,"Frozen Rack 11, Level: C, Position # 074 -  Back"
F11C075,Frozen,F11,"Frozen Rack 11, Level: C, Position # 075 -  Front"
F11C076,Frozen,F11,"Frozen Rack 11, Level: C, Position # 076 -  Back"
F11C077,Frozen,F11,"Frozen Rack 11, Level: C, Position # 077 -  Front"
F11C078,Frozen,F11,"Frozen Rack 11, Level: C, Position # 078 -  Back"
F11C079,Frozen,F11,"Frozen Rack 11, Level: C, Position # 079 -  Front"
F11C080,Frozen,F11,"Frozen Rack 11, Level: C, Position # 080 -  Back"
F11C081,Frozen,F11,"Frozen Rack 11, Level: C, Position # 081 -  Front"
F11C082,Frozen,F11,"Frozen Rack 11, Level: C, Position # 082 -  Back"
F11C083,Frozen,F11,"Frozen Rack 11, Level: C, Position # 083 -  Front"
F11C084,Frozen,F11,"Frozen Rack 11, Level: C, Position # 084 -  Back"
F11C085,Frozen,F11,"Frozen Rack 11, Level: C, Position # 085 -  Front"
F11C086,Frozen,F11,"Frozen Rack 11, Level: C, Position # 086 -  Back"
F11C087,Frozen,F11,"Frozen Rack 11, Level: C, Position # 087 -  Front"
F11C088,Frozen,F11,"Frozen Rack 11, Level: C, Position # 088 -  Back"
F11C089,Frozen,F11,"Frozen Rack 11, Level: C, Position # 089 -  Front"
F11C090,Frozen,F11,"Frozen Rack 11, Level: C, Position # 090 -  Back"
F11C091,Frozen,F11,"Frozen Rack 11, Level: C, Position # 091 -  Front"
F11C092,Frozen,F11,"Frozen Rack 11, Level: C, Position # 092 -  Back"
F11C093,Frozen,F11,"Frozen Rack 11, Level: C, Position # 093 -  Front"
F11C094,Frozen,F11,"Frozen Rack 11, Level: C, Position # 094 -  Back"
F11C095,Frozen,F11,"Frozen Rack 11, Level: C, Position # 095 -  Front"
F11C096,Frozen,F11,"Frozen Rack 11, Level: C, Position # 096 -  Back"
F11C103,Frozen,F11,"Frozen Rack 11, Level: C, Position # 103 -  Front"
F11C104,Frozen,F11,"Frozen Rack 11, Level: C, Position # 104 -  Back"
F11C105,Frozen,F11,"Frozen Rack 11, Level: C, Position # 105 -  Front"
F11C106,Frozen,F11,"Frozen Rack 11, Level: C, Position # 106 -  Back"
F11C107,Frozen,F11,"Frozen Rack 11, Level: C, Position # 107 -  Front"
F11C108,Frozen,F11,"Frozen Rack 11, Level: C, Position # 108 -  Back"
F11C109,Frozen,F11,"Frozen Rack 11, Level: C, Position # 109 -  Front"
F11C110,Frozen,F11,"Frozen Rack 11, Level: C, Position # 110 -  Back"
F11C111,Frozen,F11,"Frozen Rack 11, Level: C, Position # 111 -  Front"
F11C112,Frozen,F11,"Frozen Rack 11, Level: C, Position # 112 -  Back"
F11D001,Frozen,F11,"Frozen Rack 11, Level: D, Position # 001 -  Front"
F11D002,Frozen,F11,"Frozen Rack 11, Level: D, Position # 002 -  Back"
F11D003,Frozen,F11,"Frozen Rack 11, Level: D, Position # 003 -  Front"
F11D004,Frozen,F11,"Frozen Rack 11, Level: D, Position # 004 -  Back"
F11D005,Frozen,F11,"Frozen Rack 11, Level: D, Position # 005 -  Front"
F11D006,Frozen,F11,"Frozen Rack 11, Level: D, Position # 006 -  Back"
F11D007,Frozen,F11,"Frozen Rack 11, Level: D, Position # 007 -  Front"
F11D008,Frozen,F11,"Frozen Rack 11, Level: D, Position # 008 -  Back"
F11D009,Frozen,F11,"Frozen Rack 11, Level: D, Position # 009 -  Front"
F11D010,Frozen,F11,"Frozen Rack 11, Level: D, Position # 010 -  Back"
F11D011,Frozen,F11,"Frozen Rack 11, Level: D, Position # 011 -  Front"
F11D012,Frozen,F11,"Frozen Rack 11, Level: D, Position # 012 -  Back"
F11D013,Frozen,F11,"Frozen Rack 11, Level: D, Position # 013 -  Front"
F11D014,Frozen,F11,"Frozen Rack 11, Level: D, Position # 014 -  Back"
F11D015,Frozen,F11,"Frozen Rack 11, Level: D, Position # 015 -  Front"
F11D016,Frozen,F11,"Frozen Rack 11, Level: D, Position # 016 -  Back"
F11D017,Frozen,F11,"Frozen Rack 11, Level: D, Position # 017 -  Front"
F11D018,Frozen,F11,"Frozen Rack 11, Level: D, Position # 018 -  Back"
F11D019,Frozen,F11,"Frozen Rack 11, Level: D, Position # 019 -  Front"
F11D020,Frozen,F11,"Frozen Rack 11, Level: D, Position # 020 -  Back"
F11D021,Frozen,F11,"Frozen Rack 11, Level: D, Position # 021 -  Front"
F11D022,Frozen,F11,"Frozen Rack 11, Level: D, Position # 022 -  Back"
F11D023,Frozen,F11,"Frozen Rack 11, Level: D, Position # 023 -  Front"
F11D024,Frozen,F11,"Frozen Rack 11, Level: D, Position # 024 -  Back"
F11D025,Frozen,F11,"Frozen Rack 11, Level: D, Position # 025 -  Front"
F11D026,Frozen,F11,"Frozen Rack 11, Level: D, Position # 026 -  Back"
F11D027,Frozen,F11,"Frozen Rack 11, Level: D, Position # 027 -  Front"
F11D028,Frozen,F11,"Frozen Rack 11, Level: D, Position # 028 -  Back"
F11D029,Frozen,F11,"Frozen Rack 11, Level: D, Position # 029 -  Front"
F11D030,Frozen,F11,"Frozen Rack 11, Level: D, Position # 030 -  Back"
F11D031,Frozen,F11,"Frozen Rack 11, Level: D, Position # 031 -  Front"
F11D032,Frozen,F11,"Frozen Rack 11, Level: D, Position # 032 -  Back"
F11D033,Frozen,F11,"Frozen Rack 11, Level: D, Position # 033 -  Front"
F11D034,Frozen,F11,"Frozen Rack 11, Level: D, Position # 034 -  Back"
F11D035,Frozen,F11,"Frozen Rack 11, Level: D, Position # 035 -  Front"
F11D036,Frozen,F11,"Frozen Rack 11, Level: D, Position # 036 -  Back"
F11D037,Frozen,F11,"Frozen Rack 11, Level: D, Position # 037 -  Front"
F11D038,Frozen,F11,"Frozen Rack 11, Level: D, Position # 038 -  Back"
F11D039,Frozen,F11,"Frozen Rack 11, Level: D, Position # 039 -  Front"
F11D040,Frozen,F11,"Frozen Rack 11, Level: D, Position # 040 -  Back"
F11D041,Frozen,F11,"Frozen Rack 11, Level: D, Position # 041 -  Front"
F11D042,Frozen,F11,"Frozen Rack 11, Level: D, Position # 042 -  Back"
F11D043,Frozen,F11,"Frozen Rack 11, Level: D, Position # 043 -  Front"
F11D044,Frozen,F11,"Frozen Rack 11, Level: D, Position # 044 -  Back"
F11D045,Frozen,F11,"Frozen Rack 11, Level: D, Position # 045 -  Front"
F11D046,Frozen,F11,"Frozen Rack 11, Level: D, Position # 046 -  Back"
F11D047,Frozen,F11,"Frozen Rack 11, Level: D, Position # 047 -  Front"
F11D048,Frozen,F11,"Frozen Rack 11, Level: D, Position # 048 -  Back"
F11D049,Frozen,F11,"Frozen Rack 11, Level: D, Position # 049 -  Front"
F11D050,Frozen,F11,"Frozen Rack 11, Level: D, Position # 050 -  Back"
F11D051,Frozen,F11,"Frozen Rack 11, Level: D, Position # 051 -  Front"
F11D052,Frozen,F11,"Frozen Rack 11, Level: D, Position # 052 -  Back"
F11D053,Frozen,F11,"Frozen Rack 11, Level: D, Position # 053 -  Front"
F11D054,Frozen,F11,"Frozen Rack 11, Level: D, Position # 054 -  Back"
F11D055,Frozen,F11,"Frozen Rack 11, Level: D, Position # 055 -  Front"
F11D056,Frozen,F11,"Frozen Rack 11, Level: D, Position # 056 -  Back"
F11D057,Frozen,F11,"Frozen Rack 11, Level: D, Position # 057 -  Front"
F11D058,Frozen,F11,"Frozen Rack 11, Level: D, Position # 058 -  Back"
F11D059,Frozen,F11,"Frozen Rack 11, Level: D, Position # 059 -  Front"
F11D060,Frozen,F11,"Frozen Rack 11, Level: D, Position # 060 -  Back"
F11D061,Frozen,F11,"Frozen Rack 11, Level: D, Position # 061 -  Front"
F11D062,Frozen,F11,"Frozen Rack 11, Level: D, Position # 062 -  Back"
F11D063,Frozen,F11,"Frozen Rack 11, Level: D, Position # 063 -  Front"
F11D064,Frozen,F11,"Frozen Rack 11, Level: D, Position # 064 -  Back"
F11D065,Frozen,F11,"Frozen Rack 11, Level: D, Position # 065 -  Front"
F11D066,Frozen,F11,"Frozen Rack 11, Level: D, Position # 066 -  Back"
F11D067,Frozen,F11,"Frozen Rack 11, Level: D, Position # 067 -  Front"
F11D068,Frozen,F11,"Frozen Rack 11, Level: D, Position # 068 -  Back"
F11D069,Frozen,F11,"Frozen Rack 11, Level: D, Position # 069 -  Front"
F11D070,Frozen,F11,"Frozen Rack 11, Level: D, Position # 070 -  Back"
F11D071,Frozen,F11,"Frozen Rack 11, Level: D, Position # 071 -  Front"
F11D072,Frozen,F11,"Frozen Rack 11, Level: D, Position # 072 -  Back"
F11D073,Frozen,F11,"Frozen Rack 11, Level: D, Position # 073 -  Front"
F11D074,Frozen,F11,"Frozen Rack 11, Level: D, Position # 074 -  Back"
F11D075,Frozen,F11,"Frozen Rack 11, Level: D, Position # 075 -  Front"
F11D076,Frozen,F11,"Frozen Rack 11, Level: D, Position # 076 -  Back"
F11D077,Frozen,F11,"Frozen Rack 11, Level: D, Position # 077 -  Front"
F11D078,Frozen,F11,"Frozen Rack 11, Level: D, Position # 078 -  Back"
F11D079,Frozen,F11,"Frozen Rack 11, Level: D, Position # 079 -  Front"
F11D080,Frozen,F11,"Frozen Rack 11, Level: D, Position # 080 -  Back"
F11D081,Frozen,F11,"Frozen Rack 11, Level: D, Position # 081 -  Front"
F11D082,Frozen,F11,"Frozen Rack 11, Level: D, Position # 082 -  Back"
F11D083,Frozen,F11,"Frozen Rack 11, Level: D, Position # 083 -  Front"
F11D084,Frozen,F11,"Frozen Rack 11, Level: D, Position # 084 -  Back"
F11D085,Frozen,F11,"Frozen Rack 11, Level: D, Position # 085 -  Front"
F11D086,Frozen,F11,"Frozen Rack 11, Level: D, Position # 086 -  Back"
F11D087,Frozen,F11,"Frozen Rack 11, Level: D, Position # 087 -  Front"
F11D088,Frozen,F11,"Frozen Rack 11, Level: D, Position # 088 -  Back"
F11D089,Frozen,F11,"Frozen Rack 11, Level: D, Position # 089 -  Front"
F11D090,Frozen,F11,"Frozen Rack 11, Level: D, Position # 090 -  Back"
F11D091,Frozen,F11,"Frozen Rack 11, Level: D, Position # 091 -  Front"
F11D092,Frozen,F11,"Frozen Rack 11, Level: D, Position # 092 -  Back"
F11D093,Frozen,F11,"Frozen Rack 11, Level: D, Position # 093 -  Front"
F11D094,Frozen,F11,"Frozen Rack 11, Level: D, Position # 094 -  Back"
F11D095,Frozen,F11,"Frozen Rack 11, Level: D, Position # 095 -  Front"
F11D096,Frozen,F11,"Frozen Rack 11, Level: D, Position # 096 -  Back"
F11D097,Frozen,F11,"Frozen Rack 11, Level: D, Position # 097 -  Front"
F11D098,Frozen,F11,"Frozen Rack 11, Level: D, Position # 098 -  Back"
F11D099,Frozen,F11,"Frozen Rack 11, Level: D, Position # 099 -  Front"
F11D100,Frozen,F11,"Frozen Rack 11, Level: D, Position # 100 -  Back"
F11D101,Frozen,F11,"Frozen Rack 11, Level: D, Position # 101 -  Front"
F11D102,Frozen,F11,"Frozen Rack 11, Level: D, Position # 102 -  Back"
F11D103,Frozen,F11,"Frozen Rack 11, Level: D, Position # 103 -  Front"
F11D104,Frozen,F11,"Frozen Rack 11, Level: D, Position # 104 -  Back"
F11D105,Frozen,F11,"Frozen Rack 11, Level: D, Position # 105 -  Front"
F11D106,Frozen,F11,"Frozen Rack 11, Level: D, Position # 106 -  Back"
F11D107,Frozen,F11,"Frozen Rack 11, Level: D, Position # 107 -  Front"
F11D108,Frozen,F11,"Frozen Rack 11, Level: D, Position # 108 -  Back"
F11D109,Frozen,F11,"Frozen Rack 11, Level: D, Position # 109 -  Front"
F11D110,Frozen,F11,"Frozen Rack 11, Level: D, Position # 110 -  Back"
F11D111,Frozen,F11,"Frozen Rack 11, Level: D, Position # 111 -  Front"
F11D112,Frozen,F11,"Frozen Rack 11, Level: D, Position # 112 -  Back"
F11E001,Frozen,F11,"Frozen Rack 11, Level: E, Position # 001 -  Front"
F11E002,Frozen,F11,"Frozen Rack 11, Level: E, Position # 002 -  Back"
F11E003,Frozen,F11,"Frozen Rack 11, Level: E, Position # 003 -  Front"
F11E004,Frozen,F11,"Frozen Rack 11, Level: E, Position # 004 -  Back"
F11E005,Frozen,F11,"Frozen Rack 11, Level: E, Position # 005 -  Front"
F11E006,Frozen,F11,"Frozen Rack 11, Level: E, Position # 006 -  Back"
F11E007,Frozen,F11,"Frozen Rack 11, Level: E, Position # 007 -  Front"
F11E008,Frozen,F11,"Frozen Rack 11, Level: E, Position # 008 -  Back"
F11E009,Frozen,F11,"Frozen Rack 11, Level: E, Position # 009 -  Front"
F11E010,Frozen,F11,"Frozen Rack 11, Level: E, Position # 010 -  Back"
F11E011,Frozen,F11,"Frozen Rack 11, Level: E, Position # 011 -  Front"
F11E012,Frozen,F11,"Frozen Rack 11, Level: E, Position # 012 -  Back"
F11E013,Frozen,F11,"Frozen Rack 11, Level: E, Position # 013 -  Front"
F11E014,Frozen,F11,"Frozen Rack 11, Level: E, Position # 014 -  Back"
F11E015,Frozen,F11,"Frozen Rack 11, Level: E, Position # 015 -  Front"
F11E016,Frozen,F11,"Frozen Rack 11, Level: E, Position # 016 -  Back"
F11E017,Frozen,F11,"Frozen Rack 11, Level: E, Position # 017 -  Front"
F11E018,Frozen,F11,"Frozen Rack 11, Level: E, Position # 018 -  Back"
F11E019,Frozen,F11,"Frozen Rack 11, Level: E, Position # 019 -  Front"
F11E020,Frozen,F11,"Frozen Rack 11, Level: E, Position # 020 -  Back"
F11E021,Frozen,F11,"Frozen Rack 11, Level: E, Position # 021 -  Front"
F11E022,Frozen,F11,"Frozen Rack 11, Level: E, Position # 022 -  Back"
F11E023,Frozen,F11,"Frozen Rack 11, Level: E, Position # 023 -  Front"
F11E024,Frozen,F11,"Frozen Rack 11, Level: E, Position # 024 -  Back"
F11E025,Frozen,F11,"Frozen Rack 11, Level: E, Position # 025 -  Front"
F11E026,Frozen,F11,"Frozen Rack 11, Level: E, Position # 026 -  Back"
F11E027,Frozen,F11,"Frozen Rack 11, Level: E, Position # 027 -  Front"
F11E028,Frozen,F11,"Frozen Rack 11, Level: E, Position # 028 -  Back"
F11E029,Frozen,F11,"Frozen Rack 11, Level: E, Position # 029 -  Front"
F11E030,Frozen,F11,"Frozen Rack 11, Level: E, Position # 030 -  Back"
F11E031,Frozen,F11,"Frozen Rack 11, Level: E, Position # 031 -  Front"
F11E032,Frozen,F11,"Frozen Rack 11, Level: E, Position # 032 -  Back"
F11E033,Frozen,F11,"Frozen Rack 11, Level: E, Position # 033 -  Front"
F11E034,Frozen,F11,"Frozen Rack 11, Level: E, Position # 034 -  Back"
F11E035,Frozen,F11,"Frozen Rack 11, Level: E, Position # 035 -  Front"
F11E036,Frozen,F11,"Frozen Rack 11, Level: E, Position # 036 -  Back"
F11E037,Frozen,F11,"Frozen Rack 11, Level: E, Position # 037 -  Front"
F11E038,Frozen,F11,"Frozen Rack 11, Level: E, Position # 038 -  Back"
F11E039,Frozen,F11,"Frozen Rack 11, Level: E, Position # 039 -  Front"
F11E040,Frozen,F11,"Frozen Rack 11, Level: E, Position # 040 -  Back"
F11E041,Frozen,F11,"Frozen Rack 11, Level: E, Position # 041 -  Front"
F11E042,Frozen,F11,"Frozen Rack 11, Level: E, Position # 042 -  Back"
F11E043,Frozen,F11,"Frozen Rack 11, Level: E, Position # 043 -  Front"
F11E044,Frozen,F11,"Frozen Rack 11, Level: E, Position # 044 -  Back"
F11E045,Frozen,F11,"Frozen Rack 11, Level: E, Position # 045 -  Front"
F11E046,Frozen,F11,"Frozen Rack 11, Level: E, Position # 046 -  Back"
F11E047,Frozen,F11,"Frozen Rack 11, Level: E, Position # 047 -  Front"
F11E048,Frozen,F11,"Frozen Rack 11, Level: E, Position # 048 -  Back"
F11E049,Frozen,F11,"Frozen Rack 11, Level: E, Position # 049 -  Front"
F11E050,Frozen,F11,"Frozen Rack 11, Level: E, Position # 050 -  Back"
F11E051,Frozen,F11,"Frozen Rack 11, Level: E, Position # 051 -  Front"
F11E052,Frozen,F11,"Frozen Rack 11, Level: E, Position # 052 -  Back"
F11E053,Frozen,F11,"Frozen Rack 11, Level: E, Position # 053 -  Front"
F11E054,Frozen,F11,"Frozen Rack 11, Level: E, Position # 054 -  Back"
F11E055,Frozen,F11,"Frozen Rack 11, Level: E, Position # 055 -  Front"
F11E056,Frozen,F11,"Frozen Rack 11, Level: E, Position # 056 -  Back"
F11E057,Frozen,F11,"Frozen Rack 11, Level: E, Position # 057 -  Front"
F11E058,Frozen,F11,"Frozen Rack 11, Level: E, Position # 058 -  Back"
F11E059,Frozen,F11,"Frozen Rack 11, Level: E, Position # 059 -  Front"
F11E060,Frozen,F11,"Frozen Rack 11, Level: E, Position # 060 -  Back"
F11E061,Frozen,F11,"Frozen Rack 11, Level: E, Position # 061 -  Front"
F11E062,Frozen,F11,"Frozen Rack 11, Level: E, Position # 062 -  Back"
F11E063,Frozen,F11,"Frozen Rack 11, Level: E, Position # 063 -  Front"
F11E064,Frozen,F11,"Frozen Rack 11, Level: E, Position # 064 -  Back"
F11E065,Frozen,F11,"Frozen Rack 11, Level: E, Position # 065 -  Front"
F11E066,Frozen,F11,"Frozen Rack 11, Level: E, Position # 066 -  Back"
F11E067,Frozen,F11,"Frozen Rack 11, Level: E, Position # 067 -  Front"
F11E068,Frozen,F11,"Frozen Rack 11, Level: E, Position # 068 -  Back"
F11E069,Frozen,F11,"Frozen Rack 11, Level: E, Position # 069 -  Front"
F11E070,Frozen,F11,"Frozen Rack 11, Level: E, Position # 070 -  Back"
F11E071,Frozen,F11,"Frozen Rack 11, Level: E, Position # 071 -  Front"
F11E072,Frozen,F11,"Frozen Rack 11, Level: E, Position # 072 -  Back"
F11E073,Frozen,F11,"Frozen Rack 11, Level: E, Position # 073 -  Front"
F11E074,Frozen,F11,"Frozen Rack 11, Level: E, Position # 074 -  Back"
F11E075,Frozen,F11,"Frozen Rack 11, Level: E, Position # 075 -  Front"
F11E076,Frozen,F11,"Frozen Rack 11, Level: E, Position # 076 -  Back"
F11E077,Frozen,F11,"Frozen Rack 11, Level: E, Position # 077 -  Front"
F11E078,Frozen,F11,"Frozen Rack 11, Level: E, Position # 078 -  Back"
F11E079,Frozen,F11,"Frozen Rack 11, Level: E, Position # 079 -  Front"
F11E080,Frozen,F11,"Frozen Rack 11, Level: E, Position # 080 -  Back"
F11E081,Frozen,F11,"Frozen Rack 11, Level: E, Position # 081 -  Front"
F11E082,Frozen,F11,"Frozen Rack 11, Level: E, Position # 082 -  Back"
F11E083,Frozen,F11,"Frozen Rack 11, Level: E, Position # 083 -  Front"
F11E084,Frozen,F11,"Frozen Rack 11, Level: E, Position # 084 -  Back"
F11E085,Frozen,F11,"Frozen Rack 11, Level: E, Position # 085 -  Front"
F11E086,Frozen,F11,"Frozen Rack 11, Level: E, Position # 086 -  Back"
F11E087,Frozen,F11,"Frozen Rack 11, Level: E, Position # 087 -  Front"
F11E088,Frozen,F11,"Frozen Rack 11, Level: E, Position # 088 -  Back"
F11E089,Frozen,F11,"Frozen Rack 11, Level: E, Position # 089 -  Front"
F11E090,Frozen,F11,"Frozen Rack 11, Level: E, Position # 090 -  Back"
F11E091,Frozen,F11,"Frozen Rack 11, Level: E, Position # 091 -  Front"
F11E092,Frozen,F11,"Frozen Rack 11, Level: E, Position # 092 -  Back"
F11E093,Frozen,F11,"Frozen Rack 11, Level: E, Position # 093 -  Front"
F11E094,Frozen,F11,"Frozen Rack 11, Level: E, Position # 094 -  Back"
F11E095,Frozen,F11,"Frozen Rack 11, Level: E, Position # 095 -  Front"
F11E096,Frozen,F11,"Frozen Rack 11, Level: E, Position # 096 -  Back"
F11E097,Frozen,F11,"Frozen Rack 11, Level: E, Position # 097 -  Front"
F11E098,Frozen,F11,"Frozen Rack 11, Level: E, Position # 098 -  Back"
F11E099,Frozen,F11,"Frozen Rack 11, Level: E, Position # 099 -  Front"
F11E100,Frozen,F11,"Frozen Rack 11, Level: E, Position # 100 -  Back"
F11E101,Frozen,F11,"Frozen Rack 11, Level: E, Position # 101 -  Front"
F11E102,Frozen,F11,"Frozen Rack 11, Level: E, Position # 102 -  Back"
F11E103,Frozen,F11,"Frozen Rack 11, Level: E, Position # 103 -  Front"
F11E104,Frozen,F11,"Frozen Rack 11, Level: E, Position # 104 -  Back"
F11E105,Frozen,F11,"Frozen Rack 11, Level: E, Position # 105 -  Front"
F11E106,Frozen,F11,"Frozen Rack 11, Level: E, Position # 106 -  Back"
F11E107,Frozen,F11,"Frozen Rack 11, Level: E, Position # 107 -  Front"
F11E108,Frozen,F11,"Frozen Rack 11, Level: E, Position # 108 -  Back"
F11E109,Frozen,F11,"Frozen Rack 11, Level: E, Position # 109 -  Front"
F11E110,Frozen,F11,"Frozen Rack 11, Level: E, Position # 110 -  Back"
F11E111,Frozen,F11,"Frozen Rack 11, Level: E, Position # 111 -  Front"
F11E112,Frozen,F11,"Frozen Rack 11, Level: E, Position # 112 -  Back"
F11F001,Frozen,F11,"Frozen Rack 11, Level: F, Position # 001 -  Front"
F11F002,Frozen,F11,"Frozen Rack 11, Level: F, Position # 002 -  Back"
F11F003,Frozen,F11,"Frozen Rack 11, Level: F, Position # 003 -  Front"
F11F004,Frozen,F11,"Frozen Rack 11, Level: F, Position # 004 -  Back"
F11F005,Frozen,F11,"Frozen Rack 11, Level: F, Position # 005 -  Front"
F11F006,Frozen,F11,"Frozen Rack 11, Level: F, Position # 006 -  Back"
F11F007,Frozen,F11,"Frozen Rack 11, Level: F, Position # 007 -  Front"
F11F008,Frozen,F11,"Frozen Rack 11, Level: F, Position # 008 -  Back"
F11F009,Frozen,F11,"Frozen Rack 11, Level: F, Position # 009 -  Front"
F11F010,Frozen,F11,"Frozen Rack 11, Level: F, Position # 010 -  Back"
F11F011,Frozen,F11,"Frozen Rack 11, Level: F, Position # 011 -  Front"
F11F012,Frozen,F11,"Frozen Rack 11, Level: F, Position # 012 -  Back"
F11F013,Frozen,F11,"Frozen Rack 11, Level: F, Position # 013 -  Front"
F11F014,Frozen,F11,"Frozen Rack 11, Level: F, Position # 014 -  Back"
F11F015,Frozen,F11,"Frozen Rack 11, Level: F, Position # 015 -  Front"
F11F016,Frozen,F11,"Frozen Rack 11, Level: F, Position # 016 -  Back"
F11F017,Frozen,F11,"Frozen Rack 11, Level: F, Position # 017 -  Front"
F11F018,Frozen,F11,"Frozen Rack 11, Level: F, Position # 018 -  Back"
F11F019,Frozen,F11,"Frozen Rack 11, Level: F, Position # 019 -  Front"
F11F020,Frozen,F11,"Frozen Rack 11, Level: F, Position # 020 -  Back"
F11F021,Frozen,F11,"Frozen Rack 11, Level: F, Position # 021 -  Front"
F11F022,Frozen,F11,"Frozen Rack 11, Level: F, Position # 022 -  Back"
F11F023,Frozen,F11,"Frozen Rack 11, Level: F, Position # 023 -  Front"
F11F024,Frozen,F11,"Frozen Rack 11, Level: F, Position # 024 -  Back"
F11F025,Frozen,F11,"Frozen Rack 11, Level: F, Position # 025 -  Front"
F11F026,Frozen,F11,"Frozen Rack 11, Level: F, Position # 026 -  Back"
F11F027,Frozen,F11,"Frozen Rack 11, Level: F, Position # 027 -  Front"
F11F028,Frozen,F11,"Frozen Rack 11, Level: F, Position # 028 -  Back"
F11F029,Frozen,F11,"Frozen Rack 11, Level: F, Position # 029 -  Front"
F11F030,Frozen,F11,"Frozen Rack 11, Level: F, Position # 030 -  Back"
F11F031,Frozen,F11,"Frozen Rack 11, Level: F, Position # 031 -  Front"
F11F032,Frozen,F11,"Frozen Rack 11, Level: F, Position # 032 -  Back"
F11F033,Frozen,F11,"Frozen Rack 11, Level: F, Position # 033 -  Front"
F11F034,Frozen,F11,"Frozen Rack 11, Level: F, Position # 034 -  Back"
F11F035,Frozen,F11,"Frozen Rack 11, Level: F, Position # 035 -  Front"
F11F036,Frozen,F11,"Frozen Rack 11, Level: F, Position # 036 -  Back"
F11F037,Frozen,F11,"Frozen Rack 11, Level: F, Position # 037 -  Front"
F11F038,Frozen,F11,"Frozen Rack 11, Level: F, Position # 038 -  Back"
F11F039,Frozen,F11,"Frozen Rack 11, Level: F, Position # 039 -  Front"
F11F040,Frozen,F11,"Frozen Rack 11, Level: F, Position # 040 -  Back"
F11F041,Frozen,F11,"Frozen Rack 11, Level: F, Position # 041 -  Front"
F11F042,Frozen,F11,"Frozen Rack 11, Level: F, Position # 042 -  Back"
F11F043,Frozen,F11,"Frozen Rack 11, Level: F, Position # 043 -  Front"
F11F044,Frozen,F11,"Frozen Rack 11, Level: F, Position # 044 -  Back"
F11F045,Frozen,F11,"Frozen Rack 11, Level: F, Position # 045 -  Front"
F11F046,Frozen,F11,"Frozen Rack 11, Level: F, Position # 046 -  Back"
F11F047,Frozen,F11,"Frozen Rack 11, Level: F, Position # 047 -  Front"
F11F048,Frozen,F11,"Frozen Rack 11, Level: F, Position # 048 -  Back"
F11F049,Frozen,F11,"Frozen Rack 11, Level: F, Position # 049 -  Front"
F11F050,Frozen,F11,"Frozen Rack 11, Level: F, Position # 050 -  Back"
F11F051,Frozen,F11,"Frozen Rack 11, Level: F, Position # 051 -  Front"
F11F052,Frozen,F11,"Frozen Rack 11, Level: F, Position # 052 -  Back"
F11F053,Frozen,F11,"Frozen Rack 11, Level: F, Position # 053 -  Front"
F11F054,Frozen,F11,"Frozen Rack 11, Level: F, Position # 054 -  Back"
F11F055,Frozen,F11,"Frozen Rack 11, Level: F, Position # 055 -  Front"
F11F056,Frozen,F11,"Frozen Rack 11, Level: F, Position # 056 -  Back"
F11F057,Frozen,F11,"Frozen Rack 11, Level: F, Position # 057 -  Front"
F11F058,Frozen,F11,"Frozen Rack 11, Level: F, Position # 058 -  Back"
F11F059,Frozen,F11,"Frozen Rack 11, Level: F, Position # 059 -  Front"
F11F060,Frozen,F11,"Frozen Rack 11, Level: F, Position # 060 -  Back"
F11F061,Frozen,F11,"Frozen Rack 11, Level: F, Position # 061 -  Front"
F11F062,Frozen,F11,"Frozen Rack 11, Level: F, Position # 062 -  Back"
F11F063,Frozen,F11,"Frozen Rack 11, Level: F, Position # 063 -  Front"
F11F064,Frozen,F11,"Frozen Rack 11, Level: F, Position # 064 -  Back"
F11F065,Frozen,F11,"Frozen Rack 11, Level: F, Position # 065 -  Front"
F11F066,Frozen,F11,"Frozen Rack 11, Level: F, Position # 066 -  Back"
F11F067,Frozen,F11,"Frozen Rack 11, Level: F, Position # 067 -  Front"
F11F068,Frozen,F11,"Frozen Rack 11, Level: F, Position # 068 -  Back"
F11F069,Frozen,F11,"Frozen Rack 11, Level: F, Position # 069 -  Front"
F11F070,Frozen,F11,"Frozen Rack 11, Level: F, Position # 070 -  Back"
F11F071,Frozen,F11,"Frozen Rack 11, Level: F, Position # 071 -  Front"
F11F072,Frozen,F11,"Frozen Rack 11, Level: F, Position # 072 -  Back"
F11F073,Frozen,F11,"Frozen Rack 11, Level: F, Position # 073 -  Front"
F11F074,Frozen,F11,"Frozen Rack 11, Level: F, Position # 074 -  Back"
F11F075,Frozen,F11,"Frozen Rack 11, Level: F, Position # 075 -  Front"
F11F076,Frozen,F11,"Frozen Rack 11, Level: F, Position # 076 -  Back"
F11F077,Frozen,F11,"Frozen Rack 11, Level: F, Position # 077 -  Front"
F11F078,Frozen,F11,"Frozen Rack 11, Level: F, Position # 078 -  Back"
F11F079,Frozen,F11,"Frozen Rack 11, Level: F, Position # 079 -  Front"
F11F080,Frozen,F11,"Frozen Rack 11, Level: F, Position # 080 -  Back"
F11F081,Frozen,F11,"Frozen Rack 11, Level: F, Position # 081 -  Front"
F11F082,Frozen,F11,"Frozen Rack 11, Level: F, Position # 082 -  Back"
F11F083,Frozen,F11,"Frozen Rack 11, Level: F, Position # 083 -  Front"
F11F084,Frozen,F11,"Frozen Rack 11, Level: F, Position # 084 -  Back"
F11F085,Frozen,F11,"Frozen Rack 11, Level: F, Position # 085 -  Front"
F11F086,Frozen,F11,"Frozen Rack 11, Level: F, Position # 086 -  Back"
F11F087,Frozen,F11,"Frozen Rack 11, Level: F, Position # 087 -  Front"
F11F088,Frozen,F11,"Frozen Rack 11, Level: F, Position # 088 -  Back"
F11F089,Frozen,F11,"Frozen Rack 11, Level: F, Position # 089 -  Front"
F11F090,Frozen,F11,"Frozen Rack 11, Level: F, Position # 090 -  Back"
F11F091,Frozen,F11,"Frozen Rack 11, Level: F, Position # 091 -  Front"
F11F092,Frozen,F11,"Frozen Rack 11, Level: F, Position # 092 -  Back"
F11F093,Frozen,F11,"Frozen Rack 11, Level: F, Position # 093 -  Front"
F11F094,Frozen,F11,"Frozen Rack 11, Level: F, Position # 094 -  Back"
F11F095,Frozen,F11,"Frozen Rack 11, Level: F, Position # 095 -  Front"
F11F096,Frozen,F11,"Frozen Rack 11, Level: F, Position # 096 -  Back"
F11F097,Frozen,F11,"Frozen Rack 11, Level: F, Position # 097 -  Front"
F11F098,Frozen,F11,"Frozen Rack 11, Level: F, Position # 098 -  Back"
F11F099,Frozen,F11,"Frozen Rack 11, Level: F, Position # 099 -  Front"
F11F100,Frozen,F11,"Frozen Rack 11, Level: F, Position # 100 -  Back"
F11F101,Frozen,F11,"Frozen Rack 11, Level: F, Position # 101 -  Front"
F11F102,Frozen,F11,"Frozen Rack 11, Level: F, Position # 102 -  Back"
F11F103,Frozen,F11,"Frozen Rack 11, Level: F, Position # 103 -  Front"
F11F104,Frozen,F11,"Frozen Rack 11, Level: F, Position # 104 -  Back"
F11F105,Frozen,F11,"Frozen Rack 11, Level: F, Position # 105 -  Front"
F11F106,Frozen,F11,"Frozen Rack 11, Level: F, Position # 106 -  Back"
F11F107,Frozen,F11,"Frozen Rack 11, Level: F, Position # 107 -  Front"
F11F108,Frozen,F11,"Frozen Rack 11, Level: F, Position # 108 -  Back"
F11F109,Frozen,F11,"Frozen Rack 11, Level: F, Position # 109 -  Front"
F11F110,Frozen,F11,"Frozen Rack 11, Level: F, Position # 110 -  Back"
F11F111,Frozen,F11,"Frozen Rack 11, Level: F, Position # 111 -  Front"
F11F112,Frozen,F11,"Frozen Rack 11, Level: F, Position # 112 -  Back"
F12A001,Frozen,F12,"Frozen Rack 12, Level: A, Position # 001 -  Front"
F12A002,Frozen,F12,"Frozen Rack 12, Level: A, Position # 002 -  Back"
F12A003,Frozen,F12,"Frozen Rack 12, Level: A, Position # 003 -  Front"
F12A004,Frozen,F12,"Frozen Rack 12, Level: A, Position # 004 -  Back"
F12A005,Frozen,F12,"Frozen Rack 12, Level: A, Position # 005 -  Front"
F12A107,Frozen,F12,"Frozen Rack 12, Level: A, Position # 107 -  Front"
F12A108,Frozen,F12,"Frozen Rack 12, Level: A, Position # 108 -  Back"
F12A109,Frozen,F12,"Frozen Rack 12, Level: A, Position # 109 -  Front"
F12A110,Frozen,F12,"Frozen Rack 12, Level: A, Position # 110 -  Back"
F12A111,Frozen,F12,"Frozen Rack 12, Level: A, Position # 111 -  Front"
F12A112,Frozen,F12,"Frozen Rack 12, Level: A, Position # 112 -  Back"
F12B001,Frozen,F12,"Frozen Rack 12, Level: B, Position # 001 -  Front"
F12B002,Frozen,F12,"Frozen Rack 12, Level: B, Position # 002 -  Back"
F12B003,Frozen,F12,"Frozen Rack 12, Level: B, Position # 003 -  Front"
F12B004,Frozen,F12,"Frozen Rack 12, Level: B, Position # 004 -  Back"
F12B005,Frozen,F12,"Frozen Rack 12, Level: B, Position # 005 -  Front"
F12B006,Frozen,F12,"Frozen Rack 12, Level: B, Position # 006 -  Back"
F12B007,Frozen,F12,"Frozen Rack 12, Level: B, Position # 007 -  Front"
F12B008,Frozen,F12,"Frozen Rack 12, Level: B, Position # 008 -  Back"
F12B009,Frozen,F12,"Frozen Rack 12, Level: B, Position # 009 -  Front"
F12B010,Frozen,F12,"Frozen Rack 12, Level: B, Position # 010 -  Back"
F12B011,Frozen,F12,
F12B012,Frozen,F12,
F12B019,Frozen,F12,"Frozen Rack 12, Level: B, Position # 019 -  Front"
F12B020,Frozen,F12,"Frozen Rack 12, Level: B, Position # 020 -  Back"
F12B021,Frozen,F12,"Frozen Rack 12, Level: B, Position # 021 -  Front"
F12B022,Frozen,F12,"Frozen Rack 12, Level: B, Position # 022 -  Back"
F12B023,Frozen,F12,"Frozen Rack 12, Level: B, Position # 023 -  Front"
F12B024,Frozen,F12,"Frozen Rack 12, Level: B, Position # 024 -  Back"
F12B025,Frozen,F12,"Frozen Rack 12, Level: B, Position # 025 -  Front"
F12B026,Frozen,F12,"Frozen Rack 12, Level: B, Position # 026 -  Back"
F12B027,Frozen,F12,
F12B028,Frozen,F12,
F12B029,Frozen,F12,"Frozen Rack 12, Level: B, Position # 029 -  Front"
F12B030,Frozen,F12,"Frozen Rack 12, Level: B, Position # 030 -  Back"
F12B031,Frozen,F12,"Frozen Rack 12, Level: B, Position # 031 -  Front"
F12B032,Frozen,F12,"Frozen Rack 12, Level: B, Position # 032 -  Back"
F12B033,Frozen,F12,"Frozen Rack 12, Level: B, Position # 033 -  Front"
F12B034,Frozen,F12,
F12B035,Frozen,F12,
F12B036,Frozen,F12,
F12B037,Frozen,F12,"Frozen Rack 12, Level: B, Position # 037 -  Front"
F12B038,Frozen,F12,"Frozen Rack 12, Level: B, Position # 038 -  Back"
F12B039,Frozen,F12,"Frozen Rack 12, Level: B, Position # 039 -  Front"
F12B040,Frozen,F12,
F12B041,Frozen,F12,"Frozen Rack 12, Level: B, Position # 041 -  Front"
F12B042,Frozen,F12,
F12B043,Frozen,F12,"Frozen Rack 12, Level: B, Position # 043 -  Front"
F12B044,Frozen,F12,"Frozen Rack 12, Level: B, Position # 044 -  Back"
F12B045,Frozen,F12,"Frozen Rack 12, Level: B, Position # 045 -  Front"
F12B046,Frozen,F12,"Frozen Rack 12, Level: B, Position # 046 -  Back"
F12B047,Frozen,F12,"Frozen Rack 12, Level: B, Position # 047 -  Front"
F12B048,Frozen,F12,
F12B049,Frozen,F12,"Frozen Rack 12, Level: B, Position # 049 -  Front"
F12B050,Frozen,F12,"Frozen Rack 12, Level: B, Position # 050 -  Back"
F12B051,Frozen,F12,"Frozen Rack 12, Level: B, Position # 051 -  Front"
F12B052,Frozen,F12,"Frozen Rack 12, Level: B, Position # 052 -  Back"
F12B053,Frozen,F12,"Frozen Rack 12, Level: B, Position # 053 -  Front"
F12B054,Frozen,F12,"Frozen Rack 12, Level: B, Position # 054 -  Back"
F12B061,Frozen,F12,"Frozen Rack 12, Level: B, Position # 061 -  Front"
F12B062,Frozen,F12,"Frozen Rack 12, Level: B, Position # 062 -  Back"
F12B063,Frozen,F12,"Frozen Rack 12, Level: B, Position # 063 -  Front"
F12B064,Frozen,F12,"Frozen Rack 12, Level: B, Position # 064 -  Back"
F12B065,Frozen,F12,"Frozen Rack 12, Level: B, Position # 065 -  Front"
F12B066,Frozen,F12,
F12B067,Frozen,F12,"Frozen Rack 12, Level: B, Position # 067 -  Front"
F12B068,Frozen,F12,"Frozen Rack 12, Level: B, Position # 068 -  Back"
F12B069,Frozen,F12,"Frozen Rack 12, Level: B, Position # 069 -  Front"
F12B070,Frozen,F12,"Frozen Rack 12, Level: B, Position # 070 -  Back"
F12B071,Frozen,F12,"Frozen Rack 12, Level: B, Position # 071 -  Front"
F12B072,Frozen,F12,"Frozen Rack 12, Level: B, Position # 072 -  Back"
F12B073,Frozen,F12,"Frozen Rack 12, Level: B, Position # 073 -  Front"
F12B074,Frozen,F12,"Frozen Rack 12, Level: B, Position # 074 -  Back"
F12B075,Frozen,F12,
F12B076,Frozen,F12,
F12B077,Frozen,F12,"Frozen Rack 12, Level: B, Position # 077 -  Front"
F12B078,Frozen,F12,"Frozen Rack 12, Level: B, Position # 078 -  Back"
F12B079,Frozen,F12,"Frozen Rack 12, Level: B, Position # 079 -  Front"
F12B080,Frozen,F12,"Frozen Rack 12, Level: B, Position # 080 -  Back"
F12B081,Frozen,F12,"Frozen Rack 12, Level: B, Position # 081 -  Front"
F12B082,Frozen,F12,"Frozen Rack 12, Level: B, Position # 082 -  Back"
F12B083,Frozen,F12,"Frozen Rack 12, Level: B, Position # 083 -  Front"
F12B084,Frozen,F12,"Frozen Rack 12, Level: B, Position # 084 -  Back"
F12B085,Frozen,F12,"Frozen Rack 12, Level: B, Position # 085 -  Front"
F12B086,Frozen,F12,"Frozen Rack 12, Level: B, Position # 086 -  Back"
F12B087,Frozen,F12,"Frozen Rack 12, Level: B, Position # 087 -  Front"
F12B088,Frozen,F12,"Frozen Rack 12, Level: B, Position # 088 -  Back"
F12B089,Frozen,F12,"Frozen Rack 12, Level: B, Position # 089 -  Front"
F12B090,Frozen,F12,"Frozen Rack 12, Level: B, Position # 090 -  Back"
F12B091,Frozen,F12,"Frozen Rack 12, Level: B, Position # 091 -  Front"
F12B092,Frozen,F12,"Frozen Rack 12, Level: B, Position # 092 -  Back"
F12B093,Frozen,F12,"Frozen Rack 12, Level: B, Position # 093 -  Front"
F12B094,Frozen,F12,"Frozen Rack 12, Level: B, Position # 094 -  Back"
F12B095,Frozen,F12,"Frozen Rack 12, Level: B, Position # 095 -  Front"
F12B096,Frozen,F12,"Frozen Rack 12, Level: B, Position # 096 -  Back"
F12B103,Frozen,F12,"Frozen Rack 12, Level: B, Position # 103 -  Front"
F12B104,Frozen,F12,"Frozen Rack 12, Level: B, Position # 104 -  Back"
F12B105,Frozen,F12,"Frozen Rack 12, Level: B, Position # 105 -  Front"
F12B106,Frozen,F12,
F12B107,Frozen,F12,"Frozen Rack 12, Level: B, Position # 107 -  Front"
F12B108,Frozen,F12,"Frozen Rack 12, Level: B, Position # 108 -  Back"
F12B109,Frozen,F12,"Frozen Rack 12, Level: B, Position # 109 -  Front"
F12B110,Frozen,F12,"Frozen Rack 12, Level: B, Position # 110 -  Back"
F12B111,Frozen,F12,"Frozen Rack 12, Level: B, Position # 111 -  Front"
F12B112,Frozen,F12,"Frozen Rack 12, Level: B, Position # 112 -  Back"
F12C001,Frozen,F12,"Frozen Rack 12, Level: C, Position # 001 -  Front"
F12C002,Frozen,F12,
F12C003,Frozen,F12,
F12C004,Frozen,F12,
F12C005,Frozen,F12,"Frozen Rack 12, Level: C, Position # 005 -  Front"
F12C006,Frozen,F12,"Frozen Rack 12, Level: C, Position # 006 -  Back"
F12C007,Frozen,F12,"Frozen Rack 12, Level: C, Position # 007 -  Front"
F12C008,Frozen,F12,"Frozen Rack 12, Level: C, Position # 008 -  Back"
F12C009,Frozen,F12,"Frozen Rack 12, Level: C, Position # 009 -  Front"
F12C010,Frozen,F12,
F12C011,Frozen,F12,"Frozen Rack 12, Level: C, Position # 011 -  Front"
F12C012,Frozen,F12,"Frozen Rack 12, Level: C, Position # 012 -  Back"
F12C013,Frozen,F12,
F12C014,Frozen,F12,
F12C015,Frozen,F12,
F12C016,Frozen,F12,
F12C017,Frozen,F12,
F12C018,Frozen,F12,
F12C019,Frozen,F12,"Frozen Rack 12, Level: C, Position # 019 -  Front"
F12C020,Frozen,F12,"Frozen Rack 12, Level: C, Position # 020 -  Back"
F12C021,Frozen,F12,"Frozen Rack 12, Level: C, Position # 021 -  Front"
F12C022,Frozen,F12,"Frozen Rack 12, Level: C, Position # 022 -  Back"
F12C023,Frozen,F12,"Frozen Rack 12, Level: C, Position # 023 -  Front"
F12C024,Frozen,F12,"Frozen Rack 12, Level: C, Position # 024 -  Back"
F12C025,Frozen,F12,"Frozen Rack 12, Level: C, Position # 025 -  Front"
F12C026,Frozen,F12,"Frozen Rack 12, Level: C, Position # 026 -  Back"
F12C027,Frozen,F12,
F12C028,Frozen,F12,
F12C029,Frozen,F12,"Frozen Rack 12, Level: C, Position # 029 -  Front"
F12C030,Frozen,F12,
F12C031,Frozen,F12,"Frozen Rack 12, Level: C, Position # 031 -  Front"
F12C032,Frozen,F12,"Frozen Rack 12, Level: C, Position # 032 -  Back"
F12C033,Frozen,F12,"Frozen Rack 12, Level: C, Position # 033 -  Front"
F12C034,Frozen,F12,"Frozen Rack 12, Level: C, Position # 034 -  Back"
F12C035,Frozen,F12,"Frozen Rack 12, Level: C, Position # 035 -  Front"
F12C036,Frozen,F12,"Frozen Rack 12, Level: C, Position # 036 -  Back"
F12C037,Frozen,F12,"Frozen Rack 12, Level: C, Position # 037 -  Front"
F12C038,Frozen,F12,
F12C039,Frozen,F12,
F12C040,Frozen,F12,
F12C041,Frozen,F12,"Frozen Rack 12, Level: C, Position # 041 -  Front"
F12C042,Frozen,F12,"Frozen Rack 12, Level: C, Position # 042 -  Back"
F12C043,Frozen,F12,"Frozen Rack 12, Level: C, Position # 043 -  Front"
F12C044,Frozen,F12,"Frozen Rack 12, Level: C, Position # 044 -  Back"
F12C045,Frozen,F12,
F12C046,Frozen,F12,
F12C047,Frozen,F12,"Frozen Rack 12, Level: C, Position # 047 -  Front"
F12C048,Frozen,F12,
F12C049,Frozen,F12,"Frozen Rack 12, Level: C, Position # 049 -  Front"
F12C050,Frozen,F12,
F12C051,Frozen,F12,"Frozen Rack 12, Level: C, Position # 051 -  Front"
F12C052,Frozen,F12,"Frozen Rack 12, Level: C, Position # 052 -  Back"
F12C053,Frozen,F12,
F12C054,Frozen,F12,
F12C055,Frozen,F12,
F12C056,Frozen,F12,
F12C057,Frozen,F12,
F12C058,Frozen,F12,
F12C059,Frozen,F12,
F12C060,Frozen,F12,
F12C061,Frozen,F12,
F12C062,Frozen,F12,"Frozen Rack 12, Level: C, Position # 062 -  Back"
F12C063,Frozen,F12,
F12C064,Frozen,F12,
F12C065,Frozen,F12,
F12C066,Frozen,F12,
F12C067,Frozen,F12,
F12C068,Frozen,F12,
F12C069,Frozen,F12,"Frozen Rack 12, Level: C, Position # 069 -  Front"
F12C070,Frozen,F12,"Frozen Rack 12, Level: C, Position # 070 -  Back"
F12C071,Frozen,F12,"Frozen Rack 12, Level: C, Position # 071 -  Front"
F12C072,Frozen,F12,"Frozen Rack 12, Level: C, Position # 072 -  Back"
F12C073,Frozen,F12,"Frozen Rack 12, Level: C, Position # 073 -  Front"
F12C074,Frozen,F12,"Frozen Rack 12, Level: C, Position # 074 -  Back"
F12C075,Frozen,F12,"Frozen Rack 12, Level: C, Position # 075 -  Front"
F12C076,Frozen,F12,"Frozen Rack 12, Level: C, Position # 076 -  Back"
F12C077,Frozen,F12,"Frozen Rack 12, Level: C, Position # 077 -  Front"
F12C078,Frozen,F12,"Frozen Rack 12, Level: C, Position # 078 -  Back"
F12C079,Frozen,F12,
F12C080,Frozen,F12,
F12C081,Frozen,F12,"Frozen Rack 12, Level: C, Position # 081 -  Front"
F12C082,Frozen,F12,"Frozen Rack 12, Level: C, Position # 082 -  Back"
F12C083,Frozen,F12,"Frozen Rack 12, Level: C, Position # 083 -  Front"
F12C084,Frozen,F12,"Frozen Rack 12, Level: C, Position # 084 -  Back"
F12C085,Frozen,F12,"Frozen Rack 12, Level: C, Position # 085 -  Front"
F12C086,Frozen,F12,
F12C087,Frozen,F12,
F12C088,Frozen,F12,
F12C089,Frozen,F12,"Frozen Rack 12, Level: C, Position # 089 -  Front"
F12C090,Frozen,F12,"Frozen Rack 12, Level: C, Position # 090 -  Back"
F12C091,Frozen,F12,"Frozen Rack 12, Level: C, Position # 091 -  Front"
F12C092,Frozen,F12,"Frozen Rack 12, Level: C, Position # 092 -  Back"
F12C093,Frozen,F12,"Frozen Rack 12, Level: C, Position # 093 -  Front"
F12C094,Frozen,F12,
F12C095,Frozen,F12,"Frozen Rack 12, Level: C, Position # 095 -  Front"
F12C096,Frozen,F12,"Frozen Rack 12, Level: C, Position # 096 -  Back"
F12C097,Frozen,F12,
F12C098,Frozen,F12,
F12C099,Frozen,F12,
F12C100,Frozen,F12,
F12C101,Frozen,F12,
F12C102,Frozen,F12,
F12C103,Frozen,F12,
F12C104,Frozen,F12,"Frozen Rack 12, Level: C, Position # 104 -  Back"
F12C105,Frozen,F12,"Frozen Rack 12, Level: C, Position # 105 -  Front"
F12C106,Frozen,F12,
F12C107,Frozen,F12,"Frozen Rack 12, Level: C, Position # 107 -  Front"
F12C108,Frozen,F12,"Frozen Rack 12, Level: C, Position # 108 -  Back"
F12C109,Frozen,F12,"Frozen Rack 12, Level: C, Position # 109 -  Front"
F12C110,Frozen,F12,"Frozen Rack 12, Level: C, Position # 110 -  Back"
F12C111,Frozen,F12,
F12C112,Frozen,F12,
F12D001,Frozen,F12,"Frozen Rack 12, Level: D, Position # 001 -  Front"
F12D002,Frozen,F12,
F12D003,Frozen,F12,"Frozen Rack 12, Level: D, Position # 003 -  Front"
F12D004,Frozen,F12,
F12D005,Frozen,F12,
F12D006,Frozen,F12,
F12D007,Frozen,F12,
F12D008,Frozen,F12,
F12D009,Frozen,F12,"Frozen Rack 12, Level: D, Position # 009 -  Front"
F12D010,Frozen,F12,"Frozen Rack 12, Level: D, Position # 010 -  Back"
F12D011,Frozen,F12,"Frozen Rack 12, Level: D, Position # 011 -  Front"
F12D012,Frozen,F12,"Frozen Rack 12, Level: D, Position # 012 -  Back"
F12D013,Frozen,F12,"Frozen Rack 12, Level: D, Position # 013 -  Front"
F12D014,Frozen,F12,
F12D015,Frozen,F12,"Frozen Rack 12, Level: D, Position # 015 -  Front"
F12D016,Frozen,F12,"Frozen Rack 12, Level: D, Position # 016 -  Back"
F12D017,Frozen,F12,"Frozen Rack 12, Level: D, Position # 017 -  Front"
F12D018,Frozen,F12,"Frozen Rack 12, Level: D, Position # 018 -  Back"
F12D019,Frozen,F12,"Frozen Rack 12, Level: D, Position # 019 -  Front"
F12D020,Frozen,F12,
F12D021,Frozen,F12,
F12D022,Frozen,F12,
F12D023,Frozen,F12,"Frozen Rack 12, Level: D, Position # 023 -  Front"
F12D024,Frozen,F12,"Frozen Rack 12, Level: D, Position # 024 -  Back"
F12D025,Frozen,F12,"Frozen Rack 12, Level: D, Position # 025 -  Front"
F12D026,Frozen,F12,
F12D027,Frozen,F12,"Frozen Rack 12, Level: D, Position # 027 -  Front"
F12D028,Frozen,F12,
F12D029,Frozen,F12,
F12D030,Frozen,F12,
F12D031,Frozen,F12,"Frozen Rack 12, Level: D, Position # 031 -  Front"
F12D032,Frozen,F12,
F12D033,Frozen,F12,
F12D034,Frozen,F12,"Frozen Rack 12, Level: D, Position # 034 -  Back"
F12D035,Frozen,F12,
F12D036,Frozen,F12,"Frozen Rack 12, Level: D, Position # 036 -  Back"
F12D037,Frozen,F12,"Frozen Rack 12, Level: D, Position # 037 -  Front"
F12D038,Frozen,F12,"Frozen Rack 12, Level: D, Position # 038 -  Back"
F12D039,Frozen,F12,"Frozen Rack 12, Level: D, Position # 039 -  Front"
F12D040,Frozen,F12,"Frozen Rack 12, Level: D, Position # 040 -  Back"
F12D041,Frozen,F12,
F12D042,Frozen,F12,
F12D043,Frozen,F12,
F12D044,Frozen,F12,
F12D045,Frozen,F12,"Frozen Rack 12, Level: D, Position # 045 -  Front"
F12D046,Frozen,F12,
F12D047,Frozen,F12,
F12D048,Frozen,F12,
F12D049,Frozen,F12,
F12D050,Frozen,F12,
F12D051,Frozen,F12,"Frozen Rack 12, Level: D, Position # 051 -  Front"
F12D052,Frozen,F12,
F12D053,Frozen,F12,
F12D054,Frozen,F12,
F12D055,Frozen,F12,"Frozen Rack 12, Level: D, Position # 055 -  Front"
F12D056,Frozen,F12,"Frozen Rack 12, Level: D, Position # 056 -  Back"
F12D057,Frozen,F12,"Frozen Rack 12, Level: D, Position # 057 -  Front"
F12D058,Frozen,F12,"Frozen Rack 12, Level: D, Position # 058 -  Back"
F12D059,Frozen,F12,"Frozen Rack 12, Level: D, Position # 059 -  Front"
F12D060,Frozen,F12,"Frozen Rack 12, Level: D, Position # 060 -  Back"
F12D061,Frozen,F12,"Frozen Rack 12, Level: D, Position # 061 -  Front"
F12D062,Frozen,F12,
F12D063,Frozen,F12,
F12D064,Frozen,F12,
F12D065,Frozen,F12,"Frozen Rack 12, Level: D, Position # 065 -  Front"
F12D066,Frozen,F12,"Frozen Rack 12, Level: D, Position # 066 -  Back"
F12D067,Frozen,F12,"Frozen Rack 12, Level: D, Position # 067 -  Front"
F12D068,Frozen,F12,
F12D069,Frozen,F12,"Frozen Rack 12, Level: D, Position # 069 -  Front"
F12D070,Frozen,F12,
F12D071,Frozen,F12,"Frozen Rack 12, Level: D, Position # 071 -  Front"
F12D072,Frozen,F12,
F12D073,Frozen,F12,"Frozen Rack 12, Level: D, Position # 073 -  Front"
F12D074,Frozen,F12,
F12D075,Frozen,F12,
F12D076,Frozen,F12,
F12D077,Frozen,F12,"Frozen Rack 12, Level: D, Position # 077 -  Front"
F12D078,Frozen,F12,"Frozen Rack 12, Level: D, Position # 078 -  Back"
F12D079,Frozen,F12,"Frozen Rack 12, Level: D, Position # 079 -  Front"
F12D080,Frozen,F12,"Frozen Rack 12, Level: D, Position # 080 -  Back"
F12D081,Frozen,F12,"Frozen Rack 12, Level: D, Position # 081 -  Front"
F12D082,Frozen,F12,"Frozen Rack 12, Level: D, Position # 082 -  Back"
F12D083,Frozen,F12,"Frozen Rack 12, Level: D, Position # 083 -  Front"
F12D084,Frozen,F12,
F12D085,Frozen,F12,"Frozen Rack 12, Level: D, Position # 085 -  Front"
F12D086,Frozen,F12,"Frozen Rack 12, Level: D, Position # 086 -  Back"
F12D087,Frozen,F12,"Frozen Rack 12, Level: D, Position # 087 -  Front"
F12D088,Frozen,F12,"Frozen Rack 12, Level: D, Position # 088 -  Back"
F12D089,Frozen,F12,"Frozen Rack 12, Level: D, Position # 089 -  Front"
F12D090,Frozen,F12,"Frozen Rack 12, Level: D, Position # 090 -  Back"
F12D091,Frozen,F12,"Frozen Rack 12, Level: D, Position # 091 -  Front"
F12D092,Frozen,F12,"Frozen Rack 12, Level: D, Position # 092 -  Back"
F12D093,Frozen,F12,
F12D094,Frozen,F12,"Frozen Rack 12, Level: D, Position # 094 -  Back"
F12D095,Frozen,F12,"Frozen Rack 12, Level: D, Position # 095 -  Front"
F12D096,Frozen,F12,"Frozen Rack 12, Level: D, Position # 096 -  Back"
F12D097,Frozen,F12,"Frozen Rack 12, Level: D, Position # 097 -  Front"
F12D098,Frozen,F12,
F12D099,Frozen,F12,"Frozen Rack 12, Level: D, Position # 099 -  Front"
F12D100,Frozen,F12,
F12D101,Frozen,F12,"Frozen Rack 12, Level: D, Position # 101 -  Front"
F12D102,Frozen,F12,"Frozen Rack 12, Level: D, Position # 102 -  Back"
F12D103,Frozen,F12,"Frozen Rack 12, Level: D, Position # 103 -  Front"
F12D104,Frozen,F12,"Frozen Rack 12, Level: D, Position # 104 -  Back"
F12D105,Frozen,F12,
F12D106,Frozen,F12,
F12D107,Frozen,F12,"Frozen Rack 12, Level: D, Position # 107 -  Front"
F12D108,Frozen,F12,"Frozen Rack 12, Level: D, Position # 108 -  Back"
F12D109,Frozen,F12,"Frozen Rack 12, Level: D, Position # 109 -  Front"
F12D110,Frozen,F12,"Frozen Rack 12, Level: D, Position # 110 -  Back"
F12D111,Frozen,F12,
F12D112,Frozen,F12,
F12E001,Frozen,F12,"Frozen Rack 12, Level: E, Position # 001 -  Front"
F12E002,Frozen,F12,
F12E003,Frozen,F12,
F12E004,Frozen,F12,
F12E005,Frozen,F12,"Frozen Rack 12, Level: E, Position # 005 -  Front"
F12E006,Frozen,F12,"Frozen Rack 12, Level: E, Position # 006 -  Back"
F12E007,Frozen,F12,
F12E008,Frozen,F12,
F12E009,Frozen,F12,
F12E010,Frozen,F12,
F12E011,Frozen,F12,"Frozen Rack 12, Level: E, Position # 011 -  Front"
F12E012,Frozen,F12,
F12E013,Frozen,F12,
F12E014,Frozen,F12,"Frozen Rack 12, Level: E, Position # 014 -  Back"
F12E015,Frozen,F12,
F12E016,Frozen,F12,"Frozen Rack 12, Level: E, Position # 016 -  Back"
F12E017,Frozen,F12,"Frozen Rack 12, Level: E, Position # 017 -  Front"
F12E018,Frozen,F12,"Frozen Rack 12, Level: E, Position # 018 -  Back"
F12E019,Frozen,F12,"Frozen Rack 12, Level: E, Position # 019 -  Front"
F12E020,Frozen,F12,"Frozen Rack 12, Level: E, Position # 020 -  Back"
F12E021,Frozen,F12,
F12E022,Frozen,F12,
F12E023,Frozen,F12,"Frozen Rack 12, Level: E, Position # 023 -  Front"
F12E024,Frozen,F12,
F12E025,Frozen,F12,"Frozen Rack 12, Level: E, Position # 025 -  Front"
F12E026,Frozen,F12,"Frozen Rack 12, Level: E, Position # 026 -  Back"
F12E027,Frozen,F12,"Frozen Rack 12, Level: E, Position # 027 -  Front"
F12E028,Frozen,F12,"Frozen Rack 12, Level: E, Position # 028 -  Back"
F12E029,Frozen,F12,
F12E030,Frozen,F12,
F12E031,Frozen,F12,"Frozen Rack 12, Level: E, Position # 031 -  Front"
F12E032,Frozen,F12,
F12E033,Frozen,F12,"Frozen Rack 12, Level: E, Position # 033 -  Front"
F12E034,Frozen,F12,"Frozen Rack 12, Level: E, Position # 034 -  Back"
F12E035,Frozen,F12,
F12E036,Frozen,F12,
F12E037,Frozen,F12,
F12E038,Frozen,F12,
F12E039,Frozen,F12,
F12E040,Frozen,F12,
F12E041,Frozen,F12,
F12E042,Frozen,F12,
F12E043,Frozen,F12,
F12E044,Frozen,F12,"Frozen Rack 12, Level: E, Position # 044 -  Back"
F12E045,Frozen,F12,
F12E046,Frozen,F12,
F12E047,Frozen,F12,
F12E048,Frozen,F12,
F12E049,Frozen,F12,"Frozen Rack 12, Level: E, Position # 049 -  Front"
F12E050,Frozen,F12,
F12E051,Frozen,F12,
F12E052,Frozen,F12,
F12E053,Frozen,F12,
F12E054,Frozen,F12,
F12E055,Frozen,F12,
F12E056,Frozen,F12,
F12E057,Frozen,F12,
F12E058,Frozen,F12,
F12E059,Frozen,F12,"Frozen Rack 12, Level: E, Position # 059 -  Front"
F12E060,Frozen,F12,"Frozen Rack 12, Level: E, Position # 060 -  Back"
F12E061,Frozen,F12,
F12E062,Frozen,F12,
F12E063,Frozen,F12,
F12E064,Frozen,F12,
F12E065,Frozen,F12,
F12E066,Frozen,F12,
F12E067,Frozen,F12,"Frozen Rack 12, Level: E, Position # 067 -  Front"
F12E068,Frozen,F12,"Frozen Rack 12, Level: E, Position # 068 -  Back"
F12E069,Frozen,F12,
F12E070,Frozen,F12,
F12E071,Frozen,F12,
F12E072,Frozen,F12,
F12E073,Frozen,F12,
F12E074,Frozen,F12,
F12E075,Frozen,F12,
F12E076,Frozen,F12,
F12E077,Frozen,F12,
F12E078,Frozen,F12,
F12E079,Frozen,F12,
F12E080,Frozen,F12,
F12E081,Frozen,F12,"Frozen Rack 12, Level: E, Position # 081 -  Front"
F12E082,Frozen,F12,"Frozen Rack 12, Level: E, Position # 082 -  Back"
F12E083,Frozen,F12,"Frozen Rack 12, Level: E, Position # 083 -  Front"
F12E084,Frozen,F12,
F12E085,Frozen,F12,"Frozen Rack 12, Level: E, Position # 085 -  Front"
F12E086,Frozen,F12,
F12E087,Frozen,F12,"Frozen Rack 12, Level: E, Position # 087 -  Front"
F12E088,Frozen,F12,
F12E089,Frozen,F12,"Frozen Rack 12, Level: E, Position # 089 -  Front"
F12E090,Frozen,F12,"Frozen Rack 12, Level: E, Position # 090 -  Back"
F12E091,Frozen,F12,"Frozen Rack 12, Level: E, Position # 091 -  Front"
F12E092,Frozen,F12,"Frozen Rack 12, Level: E, Position # 092 -  Back"
F12E093,Frozen,F12,"Frozen Rack 12, Level: E, Position # 093 -  Front"
F12E094,Frozen,F12,"Frozen Rack 12, Level: E, Position # 094 -  Back"
F12E095,Frozen,F12,"Frozen Rack 12, Level: E, Position # 095 -  Front"
F12E096,Frozen,F12,"Frozen Rack 12, Level: E, Position # 096 -  Back"
F12E097,Frozen,F12,"Frozen Rack 12, Level: E, Position # 097 -  Front"
F12E098,Frozen,F12,"Frozen Rack 12, Level: E, Position # 098 -  Back"
F12E099,Frozen,F12,"Frozen Rack 12, Level: E, Position # 099 -  Front"
F12E100,Frozen,F12,"Frozen Rack 12, Level: E, Position # 100 -  Back"
F12E101,Frozen,F12,
F12E102,Frozen,F12,
F12E103,Frozen,F12,"Frozen Rack 12, Level: E, Position # 103 -  Front"
F12E104,Frozen,F12,
F12E105,Frozen,F12,"Frozen Rack 12, Level: E, Position # 105 -  Front"
F12E106,Frozen,F12,"Frozen Rack 12, Level: E, Position # 106 -  Back"
F12E107,Frozen,F12,
F12E108,Frozen,F12,"Frozen Rack 12, Level: E, Position # 108 -  Back"
F12E109,Frozen,F12,"Frozen Rack 12, Level: E, Position # 109 -  Front"
F12E110,Frozen,F12,
F12E111,Frozen,F12,"Frozen Rack 12, Level: E, Position # 111 -  Front"
F12E112,Frozen,F12,
F12F013,Frozen,F12,"Frozen Rack 12, Level: F, Position # 013 -  Front"
F12F014,Frozen,F12,"Frozen Rack 12, Level: F, Position # 014 -  Back"
F12F015,Frozen,F12,"Frozen Rack 12, Level: F, Position # 015 - Front"
F12F016,Frozen,F12,"Frozen Rack 12, Level: F, Position # 016 -  Back"
F12F017,Frozen,F12,
F12F018,Frozen,F12,"Frozen Rack 12, Level: F, Position # 018 -  Back"
F12F055,Frozen,F12,"Frozen Rack 12, Level: F, Position # 050 -  Back"
F12F056,Frozen,F12,"Frozen Rack 12, Level: F, Position # 056 -  Back"
F12F057,Frozen,F12,"Frozen Rack 12, Level: F, Position # 050 -  Back"
F12F058,Frozen,F12,"Frozen Rack 12, Level: F, Position # 056 -  Back"
F12F059,Frozen,F12,"Frozen Rack 12, Level: F, Position # 050 -  Back"
F12F060,Frozen,F12,"Frozen Rack 12, Level: F, Position # 056 -  Back"
F12F097,Frozen,F12,"Frozen Rack 12, Level: F, Position # 097 -  Front"
F12F098,Frozen,F12,"Frozen Rack 12, Level: F, Position # 098 -  Back"
F12F099,Frozen,F12,"Frozen Rack 12, Level: F, Position # 099 -  Front"
F12F100,Frozen,F12,"Frozen Rack 12, Level: F, Position # 100 -  Back"
F12F101,Frozen,F12,"Frozen Rack 12, Level: F, Position # 101 -  Front"
F12F102,Frozen,F12,"Frozen Rack 12, Level: F, Position # 102 -  Back"
F12F103,Frozen,F12,"Frozen Rack 12, Level: F, Position # 103 -  Front"
F12F104,Frozen,F12,"Frozen Rack 12, Level: F, Position # 104 -  Back"
F12F105,Frozen,F12,"Frozen Rack 12, Level: F, Position # 105 -  Front"
F12F106,Frozen,F12,"Frozen Rack 12, Level: F, Position # 106 -  Back"
F12F107,Frozen,F12,"Frozen Rack 12, Level: F, Position # 107 -  Front"
F12F108,Frozen,F12,"Frozen Rack 12, Level: F, Position # 108 -  Back"
F12F109,Frozen,F12,
F12F110,Frozen,F12,"Frozen Rack 12, Level: F, Position # 110 -  Back"
F12F111,Frozen,F12,"Frozen Rack 12, Level: F, Position # 111 -  Front"
F12F112,Frozen,F12,
F13A001,Frozen,F13,"Frozen Rack 13, Level: A, Position # 001 -  Front"
F13A002,Frozen,F13,"Frozen Rack 13, Level: A, Position # 002 -  Back"
F13A003,Frozen,F13,"Frozen Rack 13, Level: A, Position # 003 -  Front"
F13A004,Frozen,F13,"Frozen Rack 13, Level: A, Position # 004 -  Back"
F13A005,Frozen,F13,"Frozen Rack 13, Level: A, Position # 005 -  Front"
F13A006,Frozen,F13,"Frozen Rack 13, Level: A, Position # 006 -  Back"
F13A007,Frozen,F13,"Frozen Rack 13, Level: A, Position # 007 -  Front"
F13A008,Frozen,F13,"Frozen Rack 13, Level: A, Position # 008 -  Back"
F13A009,Frozen,F13,"Frozen Rack 13, Level: A, Position # 009 -  Front"
F13A024,Frozen,F13,"Frozen Rack 13, Level: A, Position # 024 -  Back"
F13A103,Frozen,F13,"Frozen Rack 13, Level: A, Position # 103 -  Front"
F13A104,Frozen,F13,"Frozen Rack 13, Level: A, Position # 104 -  Back"
F13A105,Frozen,F13,"Frozen Rack 13, Level: A, Position # 105 -  Front"
F13A106,Frozen,F13,"Frozen Rack 13, Level: A, Position # 106 -  Back"
F13A107,Frozen,F13,"Frozen Rack 13, Level: A, Position # 107 -  Front"
F13A108,Frozen,F13,"Frozen Rack 13, Level: A, Position # 108 -  Back"
F13A109,Frozen,F13,"Frozen Rack 13, Level: A, Position # 109 -  Front"
F13A110,Frozen,F13,"Frozen Rack 13, Level: A, Position # 110 -  Back"
F13A111,Frozen,F13,"Frozen Rack 13, Level: A, Position # 111 -  Front"
F13A112,Frozen,F13,"Frozen Rack 13, Level: A, Position # 112 -  Back"
F13B001,Frozen,F13,"Frozen Rack 13, Level: B, Position # 001 -  Front"
F13B002,Frozen,F13,"Frozen Rack 13, Level: B, Position # 002 -  Back"
F13B003,Frozen,F13,"Frozen Rack 13, Level: B, Position # 003 -  Front"
F13B004,Frozen,F13,"Frozen Rack 13, Level: B, Position # 004 -  Back"
F13B005,Frozen,F13,"Frozen Rack 13, Level: B, Position # 005 -  Front"
F13B006,Frozen,F13,"Frozen Rack 13, Level: B, Position # 006 -  Back"
F13B007,Frozen,F13,"Frozen Rack 13, Level: B, Position # 007 -  Front"
F13B008,Frozen,F13,"Frozen Rack 13, Level: B, Position # 008 -  Back"
F13B009,Frozen,F13,"Frozen Rack 13, Level: B, Position # 009 -  Front"
F13B010,Frozen,F13,"Frozen Rack 13, Level: B, Position # 010 -  Back"
F13B011,Frozen,F13,"Frozen Rack 13, Level: B, Position # 011 -  Front"
F13B012,Frozen,F13,"Frozen Rack 13, Level: B, Position # 012 -  Back"
F13B019,Frozen,F13,"Frozen Rack 13, Level: B, Position # 019 -  Front"
F13B020,Frozen,F13,"Frozen Rack 13, Level: B, Position # 020 -  Back"
F13B021,Frozen,F13,"Frozen Rack 13, Level: B, Position # 021 -  Front"
F13B022,Frozen,F13,"Frozen Rack 13, Level: B, Position # 022 -  Back"
F13B023,Frozen,F13,"Frozen Rack 13, Level: B, Position # 023 -  Front"
F13B024,Frozen,F13,"Frozen Rack 13, Level: B, Position # 024 -  Back"
F13B025,Frozen,F13,"Frozen Rack 13, Level: B, Position # 025 -  Front"
F13B026,Frozen,F13,"Frozen Rack 13, Level: B, Position # 026 -  Back"
F13B027,Frozen,F13,"Frozen Rack 13, Level: B, Position # 027 -  Front"
F13B028,Frozen,F13,"Frozen Rack 13, Level: B, Position # 028 -  Back"
F13B029,Frozen,F13,"Frozen Rack 13, Level: B, Position # 029 -  Front"
F13B030,Frozen,F13,"Frozen Rack 13, Level: B, Position # 030 -  Back"
F13B031,Frozen,F13,"Frozen Rack 13, Level: B, Position # 031 -  Front"
F13B032,Frozen,F13,"Frozen Rack 13, Level: B, Position # 032 -  Back"
F13B033,Frozen,F13,"Frozen Rack 13, Level: B, Position # 033 -  Front"
F13B034,Frozen,F13,"Frozen Rack 13, Level: B, Position # 034 -  Back"
F13B035,Frozen,F13,"Frozen Rack 13, Level: B, Position # 035 -  Front"
F13B036,Frozen,F13,"Frozen Rack 13, Level: B, Position # 036 -  Back"
F13B037,Frozen,F13,"Frozen Rack 13, Level: B, Position # 037 -  Front"
F13B038,Frozen,F13,"Frozen Rack 13, Level: B, Position # 038 -  Back"
F13B039,Frozen,F13,"Frozen Rack 13, Level: B, Position # 039 -  Front"
F13B040,Frozen,F13,"Frozen Rack 13, Level: B, Position # 040 -  Back"
F13B041,Frozen,F13,"Frozen Rack 13, Level: B, Position # 041 -  Front"
F13B042,Frozen,F13,"Frozen Rack 13, Level: B, Position # 042 -  Back"
F13B043,Frozen,F13,"Frozen Rack 13, Level: B, Position # 043 -  Front"
F13B044,Frozen,F13,"Frozen Rack 13, Level: B, Position # 044 -  Back"
F13B045,Frozen,F13,"Frozen Rack 13, Level: B, Position # 045 -  Front"
F13B046,Frozen,F13,"Frozen Rack 13, Level: B, Position # 046 -  Back"
F13B047,Frozen,F13,"Frozen Rack 13, Level: B, Position # 047 -  Front"
F13B048,Frozen,F13,"Frozen Rack 13, Level: B, Position # 048 -  Back"
F13B049,Frozen,F13,"Frozen Rack 13, Level: B, Position # 049 -  Front"
F13B050,Frozen,F13,"Frozen Rack 13, Level: B, Position # 050 -  Back"
F13B051,Frozen,F13,"Frozen Rack 13, Level: B, Position # 051 -  Front"
F13B052,Frozen,F13,"Frozen Rack 13, Level: B, Position # 052 -  Back"
F13B053,Frozen,F13,"Frozen Rack 13, Level: B, Position # 053 -  Front"
F13B054,Frozen,F13,"Frozen Rack 13, Level: B, Position # 054 -  Back"
F13B061,Frozen,F13,"Frozen Rack 13, Level: B, Position # 061 -  Front"
F13B062,Frozen,F13,"Frozen Rack 13, Level: B, Position # 062 -  Back"
F13B063,Frozen,F13,"Frozen Rack 13, Level: B, Position # 063 -  Front"
F13B064,Frozen,F13,"Frozen Rack 13, Level: B, Position # 064 -  Back"
F13B065,Frozen,F13,"Frozen Rack 13, Level: B, Position # 065 -  Front"
F13B066,Frozen,F13,"Frozen Rack 13, Level: B, Position # 066 -  Back"
F13B067,Frozen,F13,"Frozen Rack 13, Level: B, Position # 067 -  Front"
F13B068,Frozen,F13,"Frozen Rack 13, Level: B, Position # 068 -  Back"
F13B069,Frozen,F13,"Frozen Rack 13, Level: B, Position # 069 -  Front"
F13B070,Frozen,F13,"Frozen Rack 13, Level: B, Position # 070 -  Back"
F13B071,Frozen,F13,"Frozen Rack 13, Level: B, Position # 071 -  Front"
F13B072,Frozen,F13,"Frozen Rack 13, Level: B, Position # 072 -  Back"
F13B073,Frozen,F13,"Frozen Rack 13, Level: B, Position # 073 -  Front"
F13B074,Frozen,F13,"Frozen Rack 13, Level: B, Position # 074 -  Back"
F13B075,Frozen,F13,"Frozen Rack 13, Level: B, Position # 075 -  Front"
F13B076,Frozen,F13,"Frozen Rack 13, Level: B, Position # 076 -  Back"
F13B077,Frozen,F13,"Frozen Rack 13, Level: B, Position # 077 -  Front"
F13B078,Frozen,F13,"Frozen Rack 13, Level: B, Position # 078 -  Back"
F13B079,Frozen,F13,"Frozen Rack 13, Level: B, Position # 079 -  Front"
F13B080,Frozen,F13,"Frozen Rack 13, Level: B, Position # 080 -  Back"
F13B081,Frozen,F13,"Frozen Rack 13, Level: B, Position # 081 -  Front"
F13B082,Frozen,F13,"Frozen Rack 13, Level: B, Position # 082 -  Back"
F13B083,Frozen,F13,"Frozen Rack 13, Level: B, Position # 083 -  Front"
F13B084,Frozen,F13,"Frozen Rack 13, Level: B, Position # 084 -  Back"
F13B085,Frozen,F13,"Frozen Rack 13, Level: B, Position # 085 -  Front"
F13B086,Frozen,F13,"Frozen Rack 13, Level: B, Position # 086 -  Back"
F13B087,Frozen,F13,"Frozen Rack 13, Level: B, Position # 087 -  Front"
F13B088,Frozen,F13,"Frozen Rack 13, Level: B, Position # 088 -  Back"
F13B089,Frozen,F13,"Frozen Rack 13, Level: B, Position # 089 -  Front"
F13B090,Frozen,F13,"Frozen Rack 13, Level: B, Position # 090 -  Back"
F13B091,Frozen,F13,"Frozen Rack 13, Level: B, Position # 091 -  Front"
F13B092,Frozen,F13,"Frozen Rack 13, Level: B, Position # 092 -  Back"
F13B093,Frozen,F13,"Frozen Rack 13, Level: B, Position # 093 -  Front"
F13B094,Frozen,F13,"Frozen Rack 13, Level: B, Position # 094 -  Back"
F13B095,Frozen,F13,"Frozen Rack 13, Level: B, Position # 095 -  Front"
F13B096,Frozen,F13,"Frozen Rack 13, Level: B, Position # 096 -  Back"
F13B103,Frozen,F13,"Frozen Rack 13, Level: B, Position # 103 -  Front"
F13B104,Frozen,F13,"Frozen Rack 13, Level: B, Position # 104 -  Back"
F13B105,Frozen,F13,"Frozen Rack 13, Level: B, Position # 105 -  Front"
F13B106,Frozen,F13,"Frozen Rack 13, Level: B, Position # 106 -  Back"
F13B107,Frozen,F13,"Frozen Rack 13, Level: B, Position # 107 -  Front"
F13B108,Frozen,F13,"Frozen Rack 13, Level: B, Position # 108 -  Back"
F13B109,Frozen,F13,"Frozen Rack 13, Level: B, Position # 109 -  Front"
F13B110,Frozen,F13,"Frozen Rack 13, Level: B, Position # 110 -  Back"
F13B111,Frozen,F13,"Frozen Rack 13, Level: B, Position # 111 -  Front"
F13B112,Frozen,F13,"Frozen Rack 13, Level: B, Position # 112 -  Back"
F13C001,Frozen,F13,"Frozen Rack 13, Level: C, Position # 001 -  Front"
F13C002,Frozen,F13,"Frozen Rack 13, Level: C, Position # 002 -  Back"
F13C003,Frozen,F13,"Frozen Rack 13, Level: C, Position # 003 -  Front"
F13C004,Frozen,F13,"Frozen Rack 13, Level: C, Position # 004 -  Back"
F13C005,Frozen,F13,"Frozen Rack 13, Level: C, Position # 005 -  Front"
F13C006,Frozen,F13,"Frozen Rack 13, Level: C, Position # 006 -  Back"
F13C007,Frozen,F13,"Frozen Rack 13, Level: C, Position # 007 -  Front"
F13C008,Frozen,F13,"Frozen Rack 13, Level: C, Position # 008 -  Back"
F13C009,Frozen,F13,"Frozen Rack 13, Level: C, Position # 009 -  Front"
F13C010,Frozen,F13,"Frozen Rack 13, Level: C, Position # 010 -  Back"
F13C011,Frozen,F13,"Frozen Rack 13, Level: C, Position # 011 -  Front"
F13C012,Frozen,F13,"Frozen Rack 13, Level: C, Position # 012 -  Back"
F13C019,Frozen,F13,"Frozen Rack 13, Level: C, Position # 019 -  Front"
F13C020,Frozen,F13,"Frozen Rack 13, Level: C, Position # 020 -  Back"
F13C021,Frozen,F13,"Frozen Rack 13, Level: C, Position # 021 -  Front"
F13C022,Frozen,F13,"Frozen Rack 13, Level: C, Position # 022 -  Back"
F13C023,Frozen,F13,"Frozen Rack 13, Level: C, Position # 023 -  Front"
F13C024,Frozen,F13,"Frozen Rack 13, Level: C, Position # 024 -  Back"
F13C025,Frozen,F13,"Frozen Rack 13, Level: C, Position # 025 -  Front"
F13C026,Frozen,F13,"Frozen Rack 13, Level: C, Position # 026 -  Back"
F13C027,Frozen,F13,"Frozen Rack 13, Level: C, Position # 027 -  Front"
F13C028,Frozen,F13,"Frozen Rack 13, Level: C, Position # 028 -  Back"
F13C029,Frozen,F13,"Frozen Rack 13, Level: C, Position # 029 -  Front"
F13C030,Frozen,F13,"Frozen Rack 13, Level: C, Position # 030 -  Back"
F13C031,Frozen,F13,"Frozen Rack 13, Level: C, Position # 031 -  Front"
F13C032,Frozen,F13,"Frozen Rack 13, Level: C, Position # 032 -  Back"
F13C033,Frozen,F13,"Frozen Rack 13, Level: C, Position # 033 -  Front"
F13C034,Frozen,F13,"Frozen Rack 13, Level: C, Position # 034 -  Back"
F13C035,Frozen,F13,"Frozen Rack 13, Level: C, Position # 035 -  Front"
F13C036,Frozen,F13,"Frozen Rack 13, Level: C, Position # 036 -  Back"
F13C037,Frozen,F13,"Frozen Rack 13, Level: C, Position # 037 -  Front"
F13C038,Frozen,F13,"Frozen Rack 13, Level: C, Position # 038 -  Back"
F13C039,Frozen,F13,"Frozen Rack 13, Level: C, Position # 039 -  Front"
F13C040,Frozen,F13,"Frozen Rack 13, Level: C, Position # 040 -  Back"
F13C041,Frozen,F13,"Frozen Rack 13, Level: C, Position # 041 -  Front"
F13C042,Frozen,F13,"Frozen Rack 13, Level: C, Position # 042 -  Back"
F13C043,Frozen,F13,"Frozen Rack 13, Level: C, Position # 043 -  Front"
F13C044,Frozen,F13,"Frozen Rack 13, Level: C, Position # 044 -  Back"
F13C045,Frozen,F13,"Frozen Rack 13, Level: C, Position # 045 -  Front"
F13C046,Frozen,F13,"Frozen Rack 13, Level: C, Position # 046 -  Back"
F13C047,Frozen,F13,"Frozen Rack 13, Level: C, Position # 047 -  Front"
F13C048,Frozen,F13,"Frozen Rack 13, Level: C, Position # 048 -  Back"
F13C049,Frozen,F13,"Frozen Rack 13, Level: C, Position # 049 -  Front"
F13C050,Frozen,F13,"Frozen Rack 13, Level: C, Position # 050 -  Back"
F13C051,Frozen,F13,"Frozen Rack 13, Level: C, Position # 051 -  Front"
F13C052,Frozen,F13,"Frozen Rack 13, Level: C, Position # 052 -  Back"
F13C053,Frozen,F13,"Frozen Rack 13, Level: C, Position # 053 -  Front"
F13C054,Frozen,F13,"Frozen Rack 13, Level: C, Position # 054 -  Back"
F13C061,Frozen,F13,"Frozen Rack 13, Level: C, Position # 061 -  Front"
F13C062,Frozen,F13,"Frozen Rack 13, Level: C, Position # 062 -  Back"
F13C063,Frozen,F13,"Frozen Rack 13, Level: C, Position # 063 -  Front"
F13C064,Frozen,F13,"Frozen Rack 13, Level: C, Position # 064 -  Back"
F13C065,Frozen,F13,"Frozen Rack 13, Level: C, Position # 065 -  Front"
F13C066,Frozen,F13,"Frozen Rack 13, Level: C, Position # 066 -  Back"
F13C067,Frozen,F13,"Frozen Rack 13, Level: C, Position # 067 -  Front"
F13C068,Frozen,F13,"Frozen Rack 13, Level: C, Position # 068 -  Back"
F13C069,Frozen,F13,"Frozen Rack 13, Level: C, Position # 069 -  Front"
F13C070,Frozen,F13,"Frozen Rack 13, Level: C, Position # 070 -  Back"
F13C071,Frozen,F13,"Frozen Rack 13, Level: C, Position # 071 -  Front"
F13C072,Frozen,F13,"Frozen Rack 13, Level: C, Position # 072 -  Back"
F13C073,Frozen,F13,"Frozen Rack 13, Level: C, Position # 073 -  Front"
F13C074,Frozen,F13,"Frozen Rack 13, Level: C, Position # 074 -  Back"
F13C075,Frozen,F13,"Frozen Rack 13, Level: C, Position # 075 -  Front"
F13C076,Frozen,F13,"Frozen Rack 13, Level: C, Position # 076 -  Back"
F13C077,Frozen,F13,"Frozen Rack 13, Level: C, Position # 077 -  Front"
F13C078,Frozen,F13,"Frozen Rack 13, Level: C, Position # 078 -  Back"
F13C079,Frozen,F13,"Frozen Rack 13, Level: C, Position # 079 -  Front"
F13C080,Frozen,F13,"Frozen Rack 13, Level: C, Position # 080 -  Back"
F13C081,Frozen,F13,"Frozen Rack 13, Level: C, Position # 081 -  Front"
F13C082,Frozen,F13,"Frozen Rack 13, Level: C, Position # 082 -  Back"
F13C083,Frozen,F13,"Frozen Rack 13, Level: C, Position # 083 -  Front"
F13C084,Frozen,F13,"Frozen Rack 13, Level: C, Position # 084 -  Back"
F13C085,Frozen,F13,"Frozen Rack 13, Level: C, Position # 085 -  Front"
F13C086,Frozen,F13,"Frozen Rack 13, Level: C, Position # 086 -  Back"
F13C087,Frozen,F13,"Frozen Rack 13, Level: C, Position # 087 -  Front"
F13C088,Frozen,F13,"Frozen Rack 13, Level: C, Position # 088 -  Back"
F13C089,Frozen,F13,"Frozen Rack 13, Level: C, Position # 089 -  Front"
F13C090,Frozen,F13,"Frozen Rack 13, Level: C, Position # 090 -  Back"
F13C091,Frozen,F13,"Frozen Rack 13, Level: C, Position # 091 -  Front"
F13C092,Frozen,F13,"Frozen Rack 13, Level: C, Position # 092 -  Back"
F13C093,Frozen,F13,"Frozen Rack 13, Level: C, Position # 093 -  Front"
F13C094,Frozen,F13,"Frozen Rack 13, Level: C, Position # 094 -  Back"
F13C095,Frozen,F13,"Frozen Rack 13, Level: C, Position # 095 -  Front"
F13C096,Frozen,F13,"Frozen Rack 13, Level: C, Position # 096 -  Back"
F13C103,Frozen,F13,"Frozen Rack 13, Level: C, Position # 103 -  Front"
F13C104,Frozen,F13,"Frozen Rack 13, Level: C, Position # 104 -  Back"
F13C105,Frozen,F13,"Frozen Rack 13, Level: C, Position # 105 -  Front"
F13C106,Frozen,F13,"Frozen Rack 13, Level: C, Position # 106 -  Back"
F13C107,Frozen,F13,"Frozen Rack 13, Level: C, Position # 107 -  Front"
F13C108,Frozen,F13,"Frozen Rack 13, Level: C, Position # 108 -  Back"
F13C109,Frozen,F13,"Frozen Rack 13, Level: C, Position # 109 -  Front"
F13C110,Frozen,F13,"Frozen Rack 13, Level: C, Position # 110 -  Back"
F13C111,Frozen,F13,"Frozen Rack 13, Level: C, Position # 111 -  Front"
F13C112,Frozen,F13,"Frozen Rack 13, Level: C, Position # 112 -  Back"
F13D001,Frozen,F13,"Frozen Rack 13, Level: D, Position # 001 -  Front"
F13D002,Frozen,F13,"Frozen Rack 13, Level: D, Position # 002 -  Back"
F13D003,Frozen,F13,"Frozen Rack 13, Level: D, Position # 003 -  Front"
F13D004,Frozen,F13,"Frozen Rack 13, Level: D, Position # 004 -  Back"
F13D005,Frozen,F13,"Frozen Rack 13, Level: D, Position # 005 -  Front"
F13D006,Frozen,F13,"Frozen Rack 13, Level: D, Position # 006 -  Back"
F13D007,Frozen,F13,"Frozen Rack 13, Level: D, Position # 007 -  Front"
F13D008,Frozen,F13,"Frozen Rack 13, Level: D, Position # 008 -  Back"
F13D009,Frozen,F13,"Frozen Rack 13, Level: D, Position # 009 -  Front"
F13D010,Frozen,F13,"Frozen Rack 13, Level: D, Position # 010 -  Back"
F13D011,Frozen,F13,"Frozen Rack 13, Level: D, Position # 011 -  Front"
F13D012,Frozen,F13,"Frozen Rack 13, Level: D, Position # 012 -  Back"
F13D013,Frozen,F13,"Frozen Rack 13, Level: D, Position # 013 -  Front"
F13D014,Frozen,F13,"Frozen Rack 13, Level: D, Position # 014 -  Back"
F13D015,Frozen,F13,"Frozen Rack 13, Level: D, Position # 015 -  Front"
F13D016,Frozen,F13,"Frozen Rack 13, Level: D, Position # 016 -  Back"
F13D017,Frozen,F13,"Frozen Rack 13, Level: D, Position # 017 -  Front"
F13D018,Frozen,F13,"Frozen Rack 13, Level: D, Position # 018 -  Back"
F13D019,Frozen,F13,"Frozen Rack 13, Level: D, Position # 019 -  Front"
F13D020,Frozen,F13,"Frozen Rack 13, Level: D, Position # 020 -  Back"
F13D021,Frozen,F13,"Frozen Rack 13, Level: D, Position # 021 -  Front"
F13D022,Frozen,F13,"Frozen Rack 13, Level: D, Position # 022 -  Back"
F13D023,Frozen,F13,"Frozen Rack 13, Level: D, Position # 023 -  Front"
F13D024,Frozen,F13,"Frozen Rack 13, Level: D, Position # 024 -  Back"
F13D025,Frozen,F13,"Frozen Rack 13, Level: D, Position # 025 -  Front"
F13D026,Frozen,F13,"Frozen Rack 13, Level: D, Position # 026 -  Back"
F13D027,Frozen,F13,"Frozen Rack 13, Level: D, Position # 027 -  Front"
F13D028,Frozen,F13,"Frozen Rack 13, Level: D, Position # 028 -  Back"
F13D029,Frozen,F13,"Frozen Rack 13, Level: D, Position # 029 -  Front"
F13D030,Frozen,F13,"Frozen Rack 13, Level: D, Position # 030 -  Back"
F13D031,Frozen,F13,"Frozen Rack 13, Level: D, Position # 031 -  Front"
F13D032,Frozen,F13,"Frozen Rack 13, Level: D, Position # 032 -  Back"
F13D033,Frozen,F13,"Frozen Rack 13, Level: D, Position # 033 -  Front"
F13D034,Frozen,F13,"Frozen Rack 13, Level: D, Position # 034 -  Back"
F13D035,Frozen,F13,"Frozen Rack 13, Level: D, Position # 035 -  Front"
F13D036,Frozen,F13,"Frozen Rack 13, Level: D, Position # 036 -  Back"
F13D037,Frozen,F13,"Frozen Rack 13, Level: D, Position # 037 -  Front"
F13D038,Frozen,F13,"Frozen Rack 13, Level: D, Position # 038 -  Back"
F13D039,Frozen,F13,"Frozen Rack 13, Level: D, Position # 039 -  Front"
F13D040,Frozen,F13,"Frozen Rack 13, Level: D, Position # 040 -  Back"
F13D041,Frozen,F13,"Frozen Rack 13, Level: D, Position # 041 -  Front"
F13D042,Frozen,F13,"Frozen Rack 13, Level: D, Position # 042 -  Back"
F13D043,Frozen,F13,"Frozen Rack 13, Level: D, Position # 043 -  Front"
F13D044,Frozen,F13,"Frozen Rack 13, Level: D, Position # 044 -  Back"
F13D045,Frozen,F13,"Frozen Rack 13, Level: D, Position # 045 -  Front"
F13D046,Frozen,F13,"Frozen Rack 13, Level: D, Position # 046 -  Back"
F13D047,Frozen,F13,"Frozen Rack 13, Level: D, Position # 047 -  Front"
F13D048,Frozen,F13,"Frozen Rack 13, Level: D, Position # 048 -  Back"
F13D049,Frozen,F13,"Frozen Rack 13, Level: D, Position # 049 -  Front"
F13D050,Frozen,F13,"Frozen Rack 13, Level: D, Position # 050 -  Back"
F13D051,Frozen,F13,"Frozen Rack 13, Level: D, Position # 051 -  Front"
F13D052,Frozen,F13,"Frozen Rack 13, Level: D, Position # 052 -  Back"
F13D053,Frozen,F13,"Frozen Rack 13, Level: D, Position # 053 -  Front"
F13D054,Frozen,F13,"Frozen Rack 13, Level: D, Position # 054 -  Back"
F13D055,Frozen,F13,"Frozen Rack 13, Level: D, Position # 055 -  Front"
F13D056,Frozen,F13,"Frozen Rack 13, Level: D, Position # 056 -  Back"
F13D057,Frozen,F13,"Frozen Rack 13, Level: D, Position # 057 -  Front"
F13D058,Frozen,F13,"Frozen Rack 13, Level: D, Position # 058 -  Back"
F13D059,Frozen,F13,"Frozen Rack 13, Level: D, Position # 059 -  Front"
F13D060,Frozen,F13,"Frozen Rack 13, Level: D, Position # 060 -  Back"
F13D061,Frozen,F13,"Frozen Rack 13, Level: D, Position # 061 -  Front"
F13D062,Frozen,F13,"Frozen Rack 13, Level: D, Position # 062 -  Back"
F13D063,Frozen,F13,"Frozen Rack 13, Level: D, Position # 063 -  Front"
F13D064,Frozen,F13,"Frozen Rack 13, Level: D, Position # 064 -  Back"
F13D065,Frozen,F13,"Frozen Rack 13, Level: D, Position # 065 -  Front"
F13D066,Frozen,F13,"Frozen Rack 13, Level: D, Position # 066 -  Back"
F13D067,Frozen,F13,"Frozen Rack 13, Level: D, Position # 067 -  Front"
F13D068,Frozen,F13,"Frozen Rack 13, Level: D, Position # 068 -  Back"
F13D069,Frozen,F13,"Frozen Rack 13, Level: D, Position # 069 -  Front"
F13D070,Frozen,F13,"Frozen Rack 13, Level: D, Position # 070 -  Back"
F13D071,Frozen,F13,"Frozen Rack 13, Level: D, Position # 071 -  Front"
F13D072,Frozen,F13,"Frozen Rack 13, Level: D, Position # 072 -  Back"
F13D073,Frozen,F13,"Frozen Rack 13, Level: D, Position # 073 -  Front"
F13D074,Frozen,F13,"Frozen Rack 13, Level: D, Position # 074 -  Back"
F13D075,Frozen,F13,"Frozen Rack 13, Level: D, Position # 075 -  Front"
F13D076,Frozen,F13,"Frozen Rack 13, Level: D, Position # 076 -  Back"
F13D077,Frozen,F13,"Frozen Rack 13, Level: D, Position # 077 -  Front"
F13D078,Frozen,F13,"Frozen Rack 13, Level: D, Position # 078 -  Back"
F13D079,Frozen,F13,"Frozen Rack 13, Level: D, Position # 079 -  Front"
F13D080,Frozen,F13,"Frozen Rack 13, Level: D, Position # 080 -  Back"
F13D081,Frozen,F13,"Frozen Rack 13, Level: D, Position # 081 -  Front"
F13D082,Frozen,F13,"Frozen Rack 13, Level: D, Position # 082 -  Back"
F13D083,Frozen,F13,"Frozen Rack 13, Level: D, Position # 083 -  Front"
F13D084,Frozen,F13,"Frozen Rack 13, Level: D, Position # 084 -  Back"
F13D085,Frozen,F13,"Frozen Rack 13, Level: D, Position # 085 -  Front"
F13D086,Frozen,F13,"Frozen Rack 13, Level: D, Position # 086 -  Back"
F13D087,Frozen,F13,"Frozen Rack 13, Level: D, Position # 087 -  Front"
F13D088,Frozen,F13,"Frozen Rack 13, Level: D, Position # 088 -  Back"
F13D089,Frozen,F13,"Frozen Rack 13, Level: D, Position # 089 -  Front"
F13D090,Frozen,F13,"Frozen Rack 13, Level: D, Position # 090 -  Back"
F13D091,Frozen,F13,"Frozen Rack 13, Level: D, Position # 091 -  Front"
F13D092,Frozen,F13,"Frozen Rack 13, Level: D, Position # 092 -  Back"
F13D093,Frozen,F13,"Frozen Rack 13, Level: D, Position # 093 -  Front"
F13D094,Frozen,F13,"Frozen Rack 13, Level: D, Position # 094 -  Back"
F13D095,Frozen,F13,"Frozen Rack 13, Level: D, Position # 095 -  Front"
F13D096,Frozen,F13,"Frozen Rack 13, Level: D, Position # 096 -  Back"
F13D097,Frozen,F13,"Frozen Rack 13, Level: D, Position # 097 -  Front"
F13D098,Frozen,F13,"Frozen Rack 13, Level: D, Position # 098 -  Back"
F13D099,Frozen,F13,"Frozen Rack 13, Level: D, Position # 099 -  Front"
F13D100,Frozen,F13,"Frozen Rack 13, Level: D, Position # 100 -  Back"
F13D101,Frozen,F13,"Frozen Rack 13, Level: D, Position # 101 -  Front"
F13D102,Frozen,F13,"Frozen Rack 13, Level: D, Position # 102 -  Back"
F13D103,Frozen,F13,"Frozen Rack 13, Level: D, Position # 103 -  Front"
F13D104,Frozen,F13,"Frozen Rack 13, Level: D, Position # 104 -  Back"
F13D105,Frozen,F13,"Frozen Rack 13, Level: D, Position # 105 -  Front"
F13D106,Frozen,F13,"Frozen Rack 13, Level: D, Position # 106 -  Back"
F13D107,Frozen,F13,"Frozen Rack 13, Level: D, Position # 107 -  Front"
F13D108,Frozen,F13,"Frozen Rack 13, Level: D, Position # 108 -  Back"
F13D109,Frozen,F13,"Frozen Rack 13, Level: D, Position # 109 -  Front"
F13D110,Frozen,F13,"Frozen Rack 13, Level: D, Position # 110 -  Back"
F13D111,Frozen,F13,"Frozen Rack 13, Level: D, Position # 111 -  Front"
F13D112,Frozen,F13,"Frozen Rack 13, Level: D, Position # 112 -  Back"
F13E001,Frozen,F13,"Frozen Rack 13, Level: E, Position # 001 -  Front"
F13E002,Frozen,F13,"Frozen Rack 13, Level: E, Position # 002 -  Back"
F13E003,Frozen,F13,"Frozen Rack 13, Level: E, Position # 003 -  Front"
F13E004,Frozen,F13,"Frozen Rack 13, Level: E, Position # 004 -  Back"
F13E005,Frozen,F13,"Frozen Rack 13, Level: E, Position # 005 -  Front"
F13E006,Frozen,F13,"Frozen Rack 13, Level: E, Position # 006 -  Back"
F13E007,Frozen,F13,"Frozen Rack 13, Level: E, Position # 007 -  Front"
F13E008,Frozen,F13,"Frozen Rack 13, Level: E, Position # 008 -  Back"
F13E009,Frozen,F13,"Frozen Rack 13, Level: E, Position # 009 -  Front"
F13E010,Frozen,F13,"Frozen Rack 13, Level: E, Position # 010 -  Back"
F13E011,Frozen,F13,"Frozen Rack 13, Level: E, Position # 011 -  Front"
F13E012,Frozen,F13,"Frozen Rack 13, Level: E, Position # 012 -  Back"
F13E013,Frozen,F13,"Frozen Rack 13, Level: E, Position # 013 -  Front"
F13E014,Frozen,F13,"Frozen Rack 13, Level: E, Position # 014 -  Back"
F13E015,Frozen,F13,"Frozen Rack 13, Level: E, Position # 015 -  Front"
F13E016,Frozen,F13,"Frozen Rack 13, Level: E, Position # 016 -  Back"
F13E017,Frozen,F13,"Frozen Rack 13, Level: E, Position # 017 -  Front"
F13E018,Frozen,F13,"Frozen Rack 13, Level: E, Position # 018 -  Back"
F13E019,Frozen,F13,"Frozen Rack 13, Level: E, Position # 019 -  Front"
F13E020,Frozen,F13,"Frozen Rack 13, Level: E, Position # 020 -  Back"
F13E021,Frozen,F13,"Frozen Rack 13, Level: E, Position # 021 -  Front"
F13E022,Frozen,F13,"Frozen Rack 13, Level: E, Position # 022 -  Back"
F13E023,Frozen,F13,"Frozen Rack 13, Level: E, Position # 023 -  Front"
F13E024,Frozen,F13,"Frozen Rack 13, Level: E, Position # 024 -  Back"
F13E025,Frozen,F13,"Frozen Rack 13, Level: E, Position # 025 -  Front"
F13E026,Frozen,F13,"Frozen Rack 13, Level: E, Position # 026 -  Back"
F13E027,Frozen,F13,"Frozen Rack 13, Level: E, Position # 027 -  Front"
F13E028,Frozen,F13,"Frozen Rack 13, Level: E, Position # 028 -  Back"
F13E029,Frozen,F13,"Frozen Rack 13, Level: E, Position # 029 -  Front"
F13E030,Frozen,F13,"Frozen Rack 13, Level: E, Position # 030 -  Back"
F13E031,Frozen,F13,"Frozen Rack 13, Level: E, Position # 031 -  Front"
F13E032,Frozen,F13,"Frozen Rack 13, Level: E, Position # 032 -  Back"
F13E033,Frozen,F13,"Frozen Rack 13, Level: E, Position # 033 -  Front"
F13E034,Frozen,F13,"Frozen Rack 13, Level: E, Position # 034 -  Back"
F13E035,Frozen,F13,"Frozen Rack 13, Level: E, Position # 035 -  Front"
F13E036,Frozen,F13,"Frozen Rack 13, Level: E, Position # 036 -  Back"
F13E037,Frozen,F13,"Frozen Rack 13, Level: E, Position # 037 -  Front"
F13E038,Frozen,F13,"Frozen Rack 13, Level: E, Position # 038 -  Back"
F13E039,Frozen,F13,"Frozen Rack 13, Level: E, Position # 039 -  Front"
F13E040,Frozen,F13,"Frozen Rack 13, Level: E, Position # 040 -  Back"
F13E041,Frozen,F13,"Frozen Rack 13, Level: E, Position # 041 -  Front"
F13E042,Frozen,F13,"Frozen Rack 13, Level: E, Position # 042 -  Back"
F13E043,Frozen,F13,"Frozen Rack 13, Level: E, Position # 043 -  Front"
F13E044,Frozen,F13,"Frozen Rack 13, Level: E, Position # 044 -  Back"
F13E045,Frozen,F13,"Frozen Rack 13, Level: E, Position # 045 -  Front"
F13E046,Frozen,F13,"Frozen Rack 13, Level: E, Position # 046 -  Back"
F13E047,Frozen,F13,"Frozen Rack 13, Level: E, Position # 047 -  Front"
F13E048,Frozen,F13,"Frozen Rack 13, Level: E, Position # 048 -  Back"
F13E049,Frozen,F13,"Frozen Rack 13, Level: E, Position # 049 -  Front"
F13E050,Frozen,F13,"Frozen Rack 13, Level: E, Position # 050 -  Back"
F13E051,Frozen,F13,"Frozen Rack 13, Level: E, Position # 051 -  Front"
F13E052,Frozen,F13,"Frozen Rack 13, Level: E, Position # 052 -  Back"
F13E053,Frozen,F13,"Frozen Rack 13, Level: E, Position # 053 -  Front"
F13E054,Frozen,F13,"Frozen Rack 13, Level: E, Position # 054 -  Back"
F13E055,Frozen,F13,"Frozen Rack 13, Level: E, Position # 055 -  Front"
F13E056,Frozen,F13,"Frozen Rack 13, Level: E, Position # 056 -  Back"
F13E057,Frozen,F13,"Frozen Rack 13, Level: E, Position # 057 -  Front"
F13E058,Frozen,F13,"Frozen Rack 13, Level: E, Position # 058 -  Back"
F13E059,Frozen,F13,"Frozen Rack 13, Level: E, Position # 059 -  Front"
F13E060,Frozen,F13,"Frozen Rack 13, Level: E, Position # 060 -  Back"
F13E061,Frozen,F13,"Frozen Rack 13, Level: E, Position # 061 -  Front"
F13E062,Frozen,F13,"Frozen Rack 13, Level: E, Position # 062 -  Back"
F13E063,Frozen,F13,"Frozen Rack 13, Level: E, Position # 063 -  Front"
F13E064,Frozen,F13,"Frozen Rack 13, Level: E, Position # 064 -  Back"
F13E065,Frozen,F13,"Frozen Rack 13, Level: E, Position # 065 -  Front"
F13E066,Frozen,F13,"Frozen Rack 13, Level: E, Position # 066 -  Back"
F13E067,Frozen,F13,"Frozen Rack 13, Level: E, Position # 067 -  Front"
F13E068,Frozen,F13,"Frozen Rack 13, Level: E, Position # 068 -  Back"
F13E069,Frozen,F13,"Frozen Rack 13, Level: E, Position # 069 -  Front"
F13E070,Frozen,F13,"Frozen Rack 13, Level: E, Position # 070 -  Back"
F13E071,Frozen,F13,"Frozen Rack 13, Level: E, Position # 071 -  Front"
F13E072,Frozen,F13,"Frozen Rack 13, Level: E, Position # 072 -  Back"
F13E073,Frozen,F13,"Frozen Rack 13, Level: E, Position # 073 -  Front"
F13E074,Frozen,F13,"Frozen Rack 13, Level: E, Position # 074 -  Back"
F13E075,Frozen,F13,"Frozen Rack 13, Level: E, Position # 075 -  Front"
F13E076,Frozen,F13,"Frozen Rack 13, Level: E, Position # 076 -  Back"
F13E077,Frozen,F13,"Frozen Rack 13, Level: E, Position # 077 -  Front"
F13E078,Frozen,F13,"Frozen Rack 13, Level: E, Position # 078 -  Back"
F13E079,Frozen,F13,"Frozen Rack 13, Level: E, Position # 079 -  Front"
F13E080,Frozen,F13,"Frozen Rack 13, Level: E, Position # 080 -  Back"
F13E081,Frozen,F13,"Frozen Rack 13, Level: E, Position # 081 -  Front"
F13E082,Frozen,F13,"Frozen Rack 13, Level: E, Position # 082 -  Back"
F13E083,Frozen,F13,"Frozen Rack 13, Level: E, Position # 083 -  Front"
F13E084,Frozen,F13,"Frozen Rack 13, Level: E, Position # 084 -  Back"
F13E085,Frozen,F13,"Frozen Rack 13, Level: E, Position # 085 -  Front"
F13E086,Frozen,F13,"Frozen Rack 13, Level: E, Position # 086 -  Back"
F13E087,Frozen,F13,"Frozen Rack 13, Level: E, Position # 087 -  Front"
F13E088,Frozen,F13,"Frozen Rack 13, Level: E, Position # 088 -  Back"
F13E089,Frozen,F13,"Frozen Rack 13, Level: E, Position # 089 -  Front"
F13E090,Frozen,F13,"Frozen Rack 13, Level: E, Position # 090 -  Back"
F13E091,Frozen,F13,"Frozen Rack 13, Level: E, Position # 091 -  Front"
F13E092,Frozen,F13,"Frozen Rack 13, Level: E, Position # 092 -  Back"
F13E093,Frozen,F13,"Frozen Rack 13, Level: E, Position # 093 -  Front"
F13E094,Frozen,F13,"Frozen Rack 13, Level: E, Position # 094 -  Back"
F13E095,Frozen,F13,"Frozen Rack 13, Level: E, Position # 095 -  Front"
F13E096,Frozen,F13,"Frozen Rack 13, Level: E, Position # 096 -  Back"
F13E097,Frozen,F13,"Frozen Rack 13, Level: E, Position # 097 -  Front"
F13E098,Frozen,F13,"Frozen Rack 13, Level: E, Position # 098 -  Back"
F13E099,Frozen,F13,"Frozen Rack 13, Level: E, Position # 099 -  Front"
F13E100,Frozen,F13,"Frozen Rack 13, Level: E, Position # 100 -  Back"
F13E101,Frozen,F13,"Frozen Rack 13, Level: E, Position # 101 -  Front"
F13E102,Frozen,F13,"Frozen Rack 13, Level: E, Position # 102 -  Back"
F13E103,Frozen,F13,"Frozen Rack 13, Level: E, Position # 103 -  Front"
F13E104,Frozen,F13,"Frozen Rack 13, Level: E, Position # 104 -  Back"
F13E105,Frozen,F13,"Frozen Rack 13, Level: E, Position # 105 -  Front"
F13E106,Frozen,F13,"Frozen Rack 13, Level: E, Position # 106 -  Back"
F13E107,Frozen,F13,"Frozen Rack 13, Level: E, Position # 107 -  Front"
F13E108,Frozen,F13,"Frozen Rack 13, Level: E, Position # 108 -  Back"
F13E109,Frozen,F13,"Frozen Rack 13, Level: E, Position # 109 -  Front"
F13E110,Frozen,F13,"Frozen Rack 13, Level: E, Position # 110 -  Back"
F13E111,Frozen,F13,"Frozen Rack 13, Level: E, Position # 111 -  Front"
F13E112,Frozen,F13,"Frozen Rack 13, Level: E, Position # 112 -  Back"
F13F013,Frozen,F13,"Frozen Rack 13, Level: F, Position # 013 -  Front"
F13F014,Frozen,F13,"Frozen Rack 13, Level: F, Position # 014 -  Back"
F13F015,Frozen,F13,"Frozen Rack 13, Level: F, Position # 015 -  Front"
F13F016,Frozen,F13,"Frozen Rack 13, Level: F, Position # 016 -  Back"
F13F017,Frozen,F13,"Frozen Rack 13, Level: F, Position # 017 -  Front"
F13F018,Frozen,F13,"Frozen Rack 13, Level: F, Position # 018 -  Back"
F13F055,Frozen,F13,"Frozen Rack 13, Level: F, Position # 055 -  Front"
F13F056,Frozen,F13,"Frozen Rack 13, Level: F, Position # 056 -  Back"
F13F057,Frozen,F13,"Frozen Rack 13, Level: F, Position # 057 -  Front"
F13F058,Frozen,F13,"Frozen Rack 13, Level: F, Position # 058 -  Back"
F13F059,Frozen,F13,"Frozen Rack 13, Level: F, Position # 059 -  Front"
F13F060,Frozen,F13,"Frozen Rack 13, Level: F, Position # 060 -  Back"
F13F097,Frozen,F13,"Frozen Rack 13, Level: F, Position # 097 -  Front"
F13F098,Frozen,F13,"Frozen Rack 13, Level: F, Position # 098 -  Back"
F13F099,Frozen,F13,"Frozen Rack 13, Level: F, Position # 099 -  Front"
F13F100,Frozen,F13,"Frozen Rack 13, Level: F, Position # 100 -  Back"
F13F101,Frozen,F13,"Frozen Rack 13, Level: F, Position # 101 -  Front"
F13F102,Frozen,F13,"Frozen Rack 13, Level: F, Position # 102 -  Back"
F13F103,Frozen,F13,"Frozen Rack 13, Level: F, Position # 103 -  Front"
F13F104,Frozen,F13,"Frozen Rack 13, Level: F, Position # 104 -  Back"
F13F105,Frozen,F13,"Frozen Rack 13, Level: F, Position # 105 -  Front"
F13F106,Frozen,F13,"Frozen Rack 13, Level: F, Position # 106 -  Back"
F13F107,Frozen,F13,"Frozen Rack 13, Level: F, Position # 107 -  Front"
F13F108,Frozen,F13,"Frozen Rack 13, Level: F, Position # 108 -  Back"
F13F110,Frozen,F13,"Frozen Rack 13, Level: F, Position # 110 -  Back"
F13F111,Frozen,F13,"Frozen Rack 13, Level: F, Position # 111 -  Front"
F13F112,Frozen,F13,"Frozen Rack 13, Level: F, Position # 112 -  Back"
F14A001,Frozen,F14,"Frozen Rack 14, Level: A, Position # 001 -  Front"
F14A002,Frozen,F14,"Frozen Rack 14, Level: A, Position # 002 -  Back"
F14A003,Frozen,F14,"Frozen Rack 14, Level: A, Position # 003 -  Front"
F14A004,Frozen,F14,"Frozen Rack 14, Level: A, Position # 004 -  Back"
F14A005,Frozen,F14,"Frozen Rack 14, Level: A, Position # 005 -  Front"
F14A006,Frozen,F14,"Frozen Rack 14, Level: A, Position # 006 -  Back"
F14A007,Frozen,F14,"Frozen Rack 14, Level: A, Position # 007 -  Front"
F14A008,Frozen,F14,"Frozen Rack 14, Level: A, Position # 008 -  Back"
F14A009,Frozen,F14,"Frozen Rack 14, Level: A, Position # 009 -  Front"
F14A010,Frozen,F14,"Frozen Rack 14, Level: A, Position # 010 -  Back"
F14A011,Frozen,F14,"Frozen Rack 14, Level: A, Position # 011 -  Front"
F14A012,Frozen,F14,"Frozen Rack 14, Level: A, Position # 012 -  Back"
F14A019,Frozen,F14,"Frozen Rack 14, Level: A, Position # 019 -  Front"
F14A020,Frozen,F14,"Frozen Rack 14, Level: A, Position # 020 -  Back"
F14A021,Frozen,F14,"Frozen Rack 14, Level: A, Position # 021 -  Front"
F14A022,Frozen,F14,"Frozen Rack 14, Level: A, Position # 022 -  Back"
F14A023,Frozen,F14,"Frozen Rack 14, Level: A, Position # 023 -  Front"
F14A024,Frozen,F14,"Frozen Rack 14, Level: A, Position # 024 -  Back"
F14A025,Frozen,F14,"Frozen Rack 14, Level: A, Position # 025 -  Front"
F14A026,Frozen,F14,"Frozen Rack 14, Level: A, Position # 026 -  Back"
F14A027,Frozen,F14,"Frozen Rack 14, Level: A, Position # 027 -  Front"
F14A028,Frozen,F14,"Frozen Rack 14, Level: A, Position # 028 -  Back"
F14A029,Frozen,F14,"Frozen Rack 14, Level: A, Position # 029 -  Front"
F14A030,Frozen,F14,"Frozen Rack 14, Level: A, Position # 030 -  Back"
F14A031,Frozen,F14,"Frozen Rack 14, Level: A, Position # 031 -  Front"
F14A032,Frozen,F14,"Frozen Rack 14, Level: A, Position # 032 -  Back"
F14A033,Frozen,F14,"Frozen Rack 14, Level: A, Position # 033 -  Front"
F14A034,Frozen,F14,"Frozen Rack 14, Level: A, Position # 034 -  Back"
F14A035,Frozen,F14,"Frozen Rack 14, Level: A, Position # 035 -  Front"
F14A036,Frozen,F14,"Frozen Rack 14, Level: A, Position # 036 -  Back"
F14A037,Frozen,F14,"Frozen Rack 14, Level: A, Position # 037 -  Front"
F14A038,Frozen,F14,"Frozen Rack 14, Level: A, Position # 038 -  Back"
F14A039,Frozen,F14,"Frozen Rack 14, Level: A, Position # 039 -  Front"
F14A040,Frozen,F14,"Frozen Rack 14, Level: A, Position # 040 -  Back"
F14A041,Frozen,F14,"Frozen Rack 14, Level: A, Position # 041 -  Front"
F14A042,Frozen,F14,"Frozen Rack 14, Level: A, Position # 042 -  Back"
F14A043,Frozen,F14,"Frozen Rack 14, Level: A, Position # 043 -  Front"
F14A044,Frozen,F14,"Frozen Rack 14, Level: A, Position # 044 -  Back"
F14A045,Frozen,F14,"Frozen Rack 14, Level: A, Position # 045 -  Front"
F14A046,Frozen,F14,"Frozen Rack 14, Level: A, Position # 046 -  Back"
F14A047,Frozen,F14,"Frozen Rack 14, Level: A, Position # 047 -  Front"
F14A048,Frozen,F14,"Frozen Rack 14, Level: A, Position # 048 -  Back"
F14A049,Frozen,F14,"Frozen Rack 14, Level: A, Position # 049 -  Front"
F14A050,Frozen,F14,"Frozen Rack 14, Level: A, Position # 050 -  Back"
F14A051,Frozen,F14,"Frozen Rack 14, Level: A, Position # 051 -  Front"
F14A052,Frozen,F14,"Frozen Rack 14, Level: A, Position # 052 -  Back"
F14A053,Frozen,F14,"Frozen Rack 14, Level: A, Position # 053 -  Front"
F14A054,Frozen,F14,"Frozen Rack 14, Level: A, Position # 054 -  Back"
F14A061,Frozen,F14,"Frozen Rack 14, Level: A, Position # 061 -  Front"
F14A062,Frozen,F14,"Frozen Rack 14, Level: A, Position # 062 -  Back"
F14A063,Frozen,F14,"Frozen Rack 14, Level: A, Position # 063 -  Front"
F14A064,Frozen,F14,"Frozen Rack 14, Level: A, Position # 064 -  Back"
F14A065,Frozen,F14,"Frozen Rack 14, Level: A, Position # 065 -  Front"
F14A066,Frozen,F14,"Frozen Rack 14, Level: A, Position # 066 -  Back"
F14A067,Frozen,F14,"Frozen Rack 14, Level: A, Position # 067 -  Front"
F14A068,Frozen,F14,"Frozen Rack 14, Level: A, Position # 068 -  Back"
F14A069,Frozen,F14,"Frozen Rack 14, Level: A, Position # 069 -  Front"
F14A070,Frozen,F14,"Frozen Rack 14, Level: A, Position # 070 -  Back"
F14A071,Frozen,F14,"Frozen Rack 14, Level: A, Position # 071 -  Front"
F14A072,Frozen,F14,"Frozen Rack 14, Level: A, Position # 072 -  Back"
F14A073,Frozen,F14,"Frozen Rack 14, Level: A, Position # 073 -  Front"
F14A074,Frozen,F14,"Frozen Rack 14, Level: A, Position # 074 -  Back"
F14A075,Frozen,F14,"Frozen Rack 14, Level: A, Position # 075 -  Front"
F14A076,Frozen,F14,"Frozen Rack 14, Level: A, Position # 076 -  Back"
F14A077,Frozen,F14,"Frozen Rack 14, Level: A, Position # 077 -  Front"
F14A078,Frozen,F14,"Frozen Rack 14, Level: A, Position # 078 -  Back"
F14A079,Frozen,F14,"Frozen Rack 14, Level: A, Position # 079 -  Front"
F14A080,Frozen,F14,"Frozen Rack 14, Level: A, Position # 080 -  Back"
F14A081,Frozen,F14,"Frozen Rack 14, Level: A, Position # 081 -  Front"
F14A082,Frozen,F14,"Frozen Rack 14, Level: A, Position # 082 -  Back"
F14A083,Frozen,F14,"Frozen Rack 14, Level: A, Position # 083 -  Front"
F14A084,Frozen,F14,"Frozen Rack 14, Level: A, Position # 084 -  Back"
F14A085,Frozen,F14,"Frozen Rack 14, Level: A, Position # 085 -  Front"
F14A086,Frozen,F14,"Frozen Rack 14, Level: A, Position # 086 -  Back"
F14A087,Frozen,F14,"Frozen Rack 14, Level: A, Position # 087 -  Front"
F14A088,Frozen,F14,"Frozen Rack 14, Level: A, Position # 088 -  Back"
F14A089,Frozen,F14,"Frozen Rack 14, Level: A, Position # 089 -  Front"
F14A090,Frozen,F14,"Frozen Rack 14, Level: A, Position # 090 -  Back"
F14A091,Frozen,F14,"Frozen Rack 14, Level: A, Position # 091 -  Front"
F14A092,Frozen,F14,"Frozen Rack 14, Level: A, Position # 092 -  Back"
F14A093,Frozen,F14,"Frozen Rack 14, Level: A, Position # 093 -  Front"
F14A094,Frozen,F14,"Frozen Rack 14, Level: A, Position # 094 -  Back"
F14A095,Frozen,F14,"Frozen Rack 14, Level: A, Position # 095 -  Front"
F14A096,Frozen,F14,"Frozen Rack 14, Level: A, Position # 096 -  Back"
F14A103,Frozen,F14,Damaged Goods for Destruction
F14A104,Frozen,F14,Damaged Goods for Destruction
F14A105,Frozen,F14,Damaged Goods for Destruction
F14A106,Frozen,F14,Damaged Goods for Destruction
F14A107,Frozen,F14,Damaged Goods for Destruction
F14A108,Frozen,F14,Damaged Goods for Destruction
F14A109,Frozen,F14,Damaged Goods for Destruction
F14A110,Frozen,F14,Damaged Goods for Destruction
F14B001,Frozen,F14,"Frozen Rack 14, Level: B, Position # 001 -  Front"
F14B002,Frozen,F14,"Frozen Rack 14, Level: B, Position # 002 -  Back"
F14B003,Frozen,F14,"Frozen Rack 14, Level: B, Position # 003 -  Front"
F14B004,Frozen,F14,"Frozen Rack 14, Level: B, Position # 004 -  Back"
F14B005,Frozen,F14,"Frozen Rack 14, Level: B, Position # 005 -  Front"
F14B006,Frozen,F14,"Frozen Rack 14, Level: B, Position # 006 -  Back"
F14B007,Frozen,F14,"Frozen Rack 14, Level: B, Position # 007 -  Front"
F14B008,Frozen,F14,"Frozen Rack 14, Level: B, Position # 008 -  Back"
F14B009,Frozen,F14,"Frozen Rack 14, Level: B, Position # 009 -  Front"
F14B010,Frozen,F14,"Frozen Rack 14, Level: B, Position # 010 -  Back"
F14B011,Frozen,F14,"Frozen Rack 14, Level: B, Position # 011 -  Front"
F14B012,Frozen,F14,"Frozen Rack 14, Level: B, Position # 012 -  Back"
F14B019,Frozen,F14,"Frozen Rack 14, Level: B, Position # 019 -  Front"
F14B020,Frozen,F14,"Frozen Rack 14, Level: B, Position # 020 -  Back"
F14B021,Frozen,F14,"Frozen Rack 14, Level: B, Position # 021 -  Front"
F14B022,Frozen,F14,"Frozen Rack 14, Level: B, Position # 022 -  Back"
F14B023,Frozen,F14,"Frozen Rack 14, Level: B, Position # 023 -  Front"
F14B024,Frozen,F14,"Frozen Rack 14, Level: B, Position # 024 -  Back"
F14B025,Frozen,F14,"Frozen Rack 14, Level: B, Position # 025 -  Front"
F14B026,Frozen,F14,"Frozen Rack 14, Level: B, Position # 026 -  Back"
F14B027,Frozen,F14,"Frozen Rack 14, Level: B, Position # 027 -  Front"
F14B028,Frozen,F14,"Frozen Rack 14, Level: B, Position # 028 -  Back"
F14B029,Frozen,F14,"Frozen Rack 14, Level: B, Position # 029 -  Front"
F14B030,Frozen,F14,"Frozen Rack 14, Level: B, Position # 030 -  Back"
F14B031,Frozen,F14,"Frozen Rack 14, Level: B, Position # 031 -  Front"
F14B032,Frozen,F14,"Frozen Rack 14, Level: B, Position # 032 -  Back"
F14B033,Frozen,F14,"Frozen Rack 14, Level: B, Position # 033 -  Front"
F14B034,Frozen,F14,"Frozen Rack 14, Level: B, Position # 034 -  Back"
F14B035,Frozen,F14,"Frozen Rack 14, Level: B, Position # 035 -  Front"
F14B036,Frozen,F14,"Frozen Rack 14, Level: B, Position # 036 -  Back"
F14B037,Frozen,F14,"Frozen Rack 14, Level: B, Position # 037 -  Front"
F14B038,Frozen,F14,"Frozen Rack 14, Level: B, Position # 038 -  Back"
F14B039,Frozen,F14,"Frozen Rack 14, Level: B, Position # 039 -  Front"
F14B040,Frozen,F14,"Frozen Rack 14, Level: B, Position # 040 -  Back"
F14B041,Frozen,F14,"Frozen Rack 14, Level: B, Position # 041 -  Front"
F14B042,Frozen,F14,"Frozen Rack 14, Level: B, Position # 042 -  Back"
F14B043,Frozen,F14,"Frozen Rack 14, Level: B, Position # 043 -  Front"
F14B044,Frozen,F14,"Frozen Rack 14, Level: B, Position # 044 -  Back"
F14B045,Frozen,F14,"Frozen Rack 14, Level: B, Position # 045 -  Front"
F14B046,Frozen,F14,"Frozen Rack 14, Level: B, Position # 046 -  Back"
F14B047,Frozen,F14,"Frozen Rack 14, Level: B, Position # 047 -  Front"
F14B048,Frozen,F14,"Frozen Rack 14, Level: B, Position # 048 -  Back"
F14B049,Frozen,F14,"Frozen Rack 14, Level: B, Position # 049 -  Front"
F14B050,Frozen,F14,"Frozen Rack 14, Level: B, Position # 050 -  Back"
F14B051,Frozen,F14,"Frozen Rack 14, Level: B, Position # 051 -  Front"
F14B052,Frozen,F14,"Frozen Rack 14, Level: B, Position # 052 -  Back"
F14B053,Frozen,F14,"Frozen Rack 14, Level: B, Position # 053 -  Front"
F14B054,Frozen,F14,"Frozen Rack 14, Level: B, Position # 054 -  Back"
F14B061,Frozen,F14,"Frozen Rack 14, Level: B, Position # 061 -  Front"
F14B062,Frozen,F14,"Frozen Rack 14, Level: B, Position # 062 -  Back"
F14B063,Frozen,F14,"Frozen Rack 14, Level: B, Position # 063 -  Front"
F14B064,Frozen,F14,"Frozen Rack 14, Level: B, Position # 064 -  Back"
F14B065,Frozen,F14,"Frozen Rack 14, Level: B, Position # 065 -  Front"
F14B066,Frozen,F14,"Frozen Rack 14, Level: B, Position # 066 -  Back"
F14B067,Frozen,F14,"Frozen Rack 14, Level: B, Position # 067 -  Front"
F14B068,Frozen,F14,"Frozen Rack 14, Level: B, Position # 068 -  Back"
F14B069,Frozen,F14,"Frozen Rack 14, Level: B, Position # 069 -  Front"
F14B070,Frozen,F14,"Frozen Rack 14, Level: B, Position # 070 -  Back"
F14B071,Frozen,F14,"Frozen Rack 14, Level: B, Position # 071 -  Front"
F14B072,Frozen,F14,"Frozen Rack 14, Level: B, Position # 072 -  Back"
F14B073,Frozen,F14,"Frozen Rack 14, Level: B, Position # 073 -  Front"
F14B074,Frozen,F14,"Frozen Rack 14, Level: B, Position # 074 -  Back"
F14B075,Frozen,F14,"Frozen Rack 14, Level: B, Position # 075 -  Front"
F14B076,Frozen,F14,"Frozen Rack 14, Level: B, Position # 076 -  Back"
F14B077,Frozen,F14,"Frozen Rack 14, Level: B, Position # 077 -  Front"
F14B078,Frozen,F14,"Frozen Rack 14, Level: B, Position # 078 -  Back"
F14B079,Frozen,F14,"Frozen Rack 14, Level: B, Position # 079 -  Front"
F14B080,Frozen,F14,"Frozen Rack 14, Level: B, Position # 080 -  Back"
F14B081,Frozen,F14,"Frozen Rack 14, Level: B, Position # 081 -  Front"
F14B082,Frozen,F14,"Frozen Rack 14, Level: B, Position # 082 -  Back"
F14B083,Frozen,F14,"Frozen Rack 14, Level: B, Position # 083 -  Front"
F14B084,Frozen,F14,"Frozen Rack 14, Level: B, Position # 084 -  Back"
F14B085,Frozen,F14,"Frozen Rack 14, Level: B, Position # 085 -  Front"
F14B086,Frozen,F14,"Frozen Rack 14, Level: B, Position # 086 -  Back"
F14B087,Frozen,F14,"Frozen Rack 14, Level: B, Position # 087 -  Front"
F14B088,Frozen,F14,"Frozen Rack 14, Level: B, Position # 088 -  Back"
F14B089,Frozen,F14,"Frozen Rack 14, Level: B, Position # 089 -  Front"
F14B090,Frozen,F14,"Frozen Rack 14, Level: B, Position # 090 -  Back"
F14B091,Frozen,F14,"Frozen Rack 14, Level: B, Position # 091 -  Front"
F14B092,Frozen,F14,"Frozen Rack 14, Level: B, Position # 092 -  Back"
F14B093,Frozen,F14,"Frozen Rack 14, Level: B, Position # 093 -  Front"
F14B094,Frozen,F14,"Frozen Rack 14, Level: B, Position # 094 -  Back"
F14B095,Frozen,F14,"Frozen Rack 14, Level: B, Position # 095 -  Front"
F14B096,Frozen,F14,"Frozen Rack 14, Level: B, Position # 096 -  Back"
F14B103,Frozen,F14,Damaged Goods for Destruction
F14B104,Frozen,F14,Damaged Goods for Destruction
F14B105,Frozen,F14,Damaged Goods for Destruction
F14B106,Frozen,F14,Damaged Goods for Destruction
F14B107,Frozen,F14,Damaged Goods for Destruction
F14B108,Frozen,F14,Damaged Goods for Destruction
F14B109,Frozen,F14,Damaged Goods for Destruction
F14B110,Frozen,F14,Damaged Goods for Destruction
F14C001,Frozen,F14,"Frozen Rack 14, Level: C, Position # 001 -  Front"
F14C002,Frozen,F14,"Frozen Rack 14, Level: C, Position # 002 -  Back"
F14C003,Frozen,F14,"Frozen Rack 14, Level: C, Position # 003 -  Front"
F14C004,Frozen,F14,"Frozen Rack 14, Level: C, Position # 004 -  Back"
F14C005,Frozen,F14,"Frozen Rack 14, Level: C, Position # 005 -  Front"
F14C006,Frozen,F14,"Frozen Rack 14, Level: C, Position # 006 -  Back"
F14C007,Frozen,F14,"Frozen Rack 14, Level: C, Position # 007 -  Front"
F14C008,Frozen,F14,"Frozen Rack 14, Level: C, Position # 008 -  Back"
F14C009,Frozen,F14,"Frozen Rack 14, Level: C, Position # 009 -  Front"
F14C010,Frozen,F14,"Frozen Rack 14, Level: C, Position # 010 -  Back"
F14C011,Frozen,F14,"Frozen Rack 14, Level: C, Position # 011 -  Front"
F14C012,Frozen,F14,"Frozen Rack 14, Level: C, Position # 012 -  Back"
F14C019,Frozen,F14,"Frozen Rack 14, Level: C, Position # 019 -  Front"
F14C020,Frozen,F14,"Frozen Rack 14, Level: C, Position # 020 -  Back"
F14C021,Frozen,F14,"Frozen Rack 14, Level: C, Position # 021 -  Front"
F14C022,Frozen,F14,"Frozen Rack 14, Level: C, Position # 022 -  Back"
F14C023,Frozen,F14,"Frozen Rack 14, Level: C, Position # 023 -  Front"
F14C024,Frozen,F14,"Frozen Rack 14, Level: C, Position # 024 -  Back"
F14C025,Frozen,F14,"Frozen Rack 14, Level: C, Position # 025 -  Front"
F14C026,Frozen,F14,"Frozen Rack 14, Level: C, Position # 026 -  Back"
F14C027,Frozen,F14,"Frozen Rack 14, Level: C, Position # 027 -  Front"
F14C028,Frozen,F14,"Frozen Rack 14, Level: C, Position # 028 -  Back"
F14C029,Frozen,F14,"Frozen Rack 14, Level: C, Position # 029 -  Front"
F14C030,Frozen,F14,"Frozen Rack 14, Level: C, Position # 030 -  Back"
F14C031,Frozen,F14,"Frozen Rack 14, Level: C, Position # 031 -  Front"
F14C032,Frozen,F14,"Frozen Rack 14, Level: C, Position # 032 -  Back"
F14C033,Frozen,F14,"Frozen Rack 14, Level: C, Position # 033 -  Front"
F14C034,Frozen,F14,"Frozen Rack 14, Level: C, Position # 034 -  Back"
F14C035,Frozen,F14,"Frozen Rack 14, Level: C, Position # 035 -  Front"
F14C036,Frozen,F14,"Frozen Rack 14, Level: C, Position # 036 -  Back"
F14C037,Frozen,F14,"Frozen Rack 14, Level: C, Position # 037 -  Front"
F14C038,Frozen,F14,"Frozen Rack 14, Level: C, Position # 038 -  Back"
F14C039,Frozen,F14,"Frozen Rack 14, Level: C, Position # 039 -  Front"
F14C040,Frozen,F14,"Frozen Rack 14, Level: C, Position # 040 -  Back"
F14C041,Frozen,F14,"Frozen Rack 14, Level: C, Position # 041 -  Front"
F14C042,Frozen,F14,"Frozen Rack 14, Level: C, Position # 042 -  Back"
F14C043,Frozen,F14,"Frozen Rack 14, Level: C, Position # 043 -  Front"
F14C044,Frozen,F14,"Frozen Rack 14, Level: C, Position # 044 -  Back"
F14C045,Frozen,F14,"Frozen Rack 14, Level: C, Position # 045 -  Front"
F14C046,Frozen,F14,"Frozen Rack 14, Level: C, Position # 046 -  Back"
F14C047,Frozen,F14,"Frozen Rack 14, Level: C, Position # 047 -  Front"
F14C048,Frozen,F14,"Frozen Rack 14, Level: C, Position # 048 -  Back"
F14C049,Frozen,F14,"Frozen Rack 14, Level: C, Position # 049 -  Front"
F14C050,Frozen,F14,"Frozen Rack 14, Level: C, Position # 050 -  Back"
F14C051,Frozen,F14,"Frozen Rack 14, Level: C, Position # 051 -  Front"
F14C052,Frozen,F14,"Frozen Rack 14, Level: C, Position # 052 -  Back"
F14C053,Frozen,F14,"Frozen Rack 14, Level: C, Position # 053 -  Front"
F14C054,Frozen,F14,"Frozen Rack 14, Level: C, Position # 054 -  Back"
F14C061,Frozen,F14,"Frozen Rack 14, Level: C, Position # 061 -  Front"
F14C062,Frozen,F14,"Frozen Rack 14, Level: C, Position # 062 -  Back"
F14C063,Frozen,F14,"Frozen Rack 14, Level: C, Position # 063 -  Front"
F14C064,Frozen,F14,"Frozen Rack 14, Level: C, Position # 064 -  Back"
F14C065,Frozen,F14,"Frozen Rack 14, Level: C, Position # 065 -  Front"
F14C066,Frozen,F14,"Frozen Rack 14, Level: C, Position # 066 -  Back"
F14C067,Frozen,F14,"Frozen Rack 14, Level: C, Position # 067 -  Front"
F14C068,Frozen,F14,"Frozen Rack 14, Level: C, Position # 068 -  Back"
F14C069,Frozen,F14,"Frozen Rack 14, Level: C, Position # 069 -  Front"
F14C070,Frozen,F14,"Frozen Rack 14, Level: C, Position # 070 -  Back"
F14C071,Frozen,F14,"Frozen Rack 14, Level: C, Position # 071 -  Front"
F14C072,Frozen,F14,"Frozen Rack 14, Level: C, Position # 072 -  Back"
F14C073,Frozen,F14,"Frozen Rack 14, Level: C, Position # 073 -  Front"
F14C074,Frozen,F14,"Frozen Rack 14, Level: C, Position # 074 -  Back"
F14C075,Frozen,F14,"Frozen Rack 14, Level: C, Position # 075 -  Front"
F14C076,Frozen,F14,"Frozen Rack 14, Level: C, Position # 076 -  Back"
F14C077,Frozen,F14,"Frozen Rack 14, Level: C, Position # 077 -  Front"
F14C078,Frozen,F14,"Frozen Rack 14, Level: C, Position # 078 -  Back"
F14C079,Frozen,F14,"Frozen Rack 14, Level: C, Position # 079 -  Front"
F14C080,Frozen,F14,"Frozen Rack 14, Level: C, Position # 080 -  Back"
F14C081,Frozen,F14,"Frozen Rack 14, Level: C, Position # 081 -  Front"
F14C082,Frozen,F14,"Frozen Rack 14, Level: C, Position # 082 -  Back"
F14C083,Frozen,F14,"Frozen Rack 14, Level: C, Position # 083 -  Front"
F14C084,Frozen,F14,"Frozen Rack 14, Level: C, Position # 084 -  Back"
F14C085,Frozen,F14,"Frozen Rack 14, Level: C, Position # 085 -  Front"
F14C086,Frozen,F14,"Frozen Rack 14, Level: C, Position # 086 -  Back"
F14C087,Frozen,F14,"Frozen Rack 14, Level: C, Position # 087 -  Front"
F14C088,Frozen,F14,"Frozen Rack 14, Level: C, Position # 088 -  Back"
F14C089,Frozen,F14,"Frozen Rack 14, Level: C, Position # 089 -  Front"
F14C090,Frozen,F14,"Frozen Rack 14, Level: C, Position # 090 -  Back"
F14C091,Frozen,F14,"Frozen Rack 14, Level: C, Position # 091 -  Front"
F14C092,Frozen,F14,"Frozen Rack 14, Level: C, Position # 092 -  Back"
F14C093,Frozen,F14,"Frozen Rack 14, Level: C, Position # 093 -  Front"
F14C094,Frozen,F14,"Frozen Rack 14, Level: C, Position # 094 -  Back"
F14C095,Frozen,F14,"Frozen Rack 14, Level: C, Position # 095 -  Front"
F14C096,Frozen,F14,"Frozen Rack 14, Level: C, Position # 096 -  Back"
F14C103,Frozen,F14,"Frozen Rack 14, Level: C, Position # 103 -  Front"
F14C104,Frozen,F14,"Frozen Rack 14, Level: C, Position # 104 -  Back"
F14C105,Frozen,F14,"Frozen Rack 14, Level: C, Position # 105 -  Front"
F14C106,Frozen,F14,"Frozen Rack 14, Level: C, Position # 106 -  Back"
F14C107,Frozen,F14,"Frozen Rack 14, Level: C, Position # 107 -  Front"
F14C108,Frozen,F14,"Frozen Rack 14, Level: C, Position # 108 -  Back"
F14C109,Frozen,F14,"Frozen Rack 14, Level: C, Position # 109 -  Front"
F14C110,Frozen,F14,"Frozen Rack 14, Level: C, Position # 110 -  Back"
F14D001,Frozen,F14,"Frozen Rack 14, Level: D, Position # 001 -  Front"
F14D002,Frozen,F14,"Frozen Rack 14, Level: D, Position # 002 -  Back"
F14D003,Frozen,F14,"Frozen Rack 14, Level: D, Position # 003 -  Front"
F14D004,Frozen,F14,"Frozen Rack 14, Level: D, Position # 004 -  Back"
F14D005,Frozen,F14,"Frozen Rack 14, Level: D, Position # 005 -  Front"
F14D006,Frozen,F14,"Frozen Rack 14, Level: D, Position # 006 -  Back"
F14D007,Frozen,F14,"Frozen Rack 14, Level: D, Position # 007 -  Front"
F14D008,Frozen,F14,"Frozen Rack 14, Level: D, Position # 008 -  Back"
F14D009,Frozen,F14,"Frozen Rack 14, Level: D, Position # 009 -  Front"
F14D010,Frozen,F14,"Frozen Rack 14, Level: D, Position # 010 -  Back"
F14D011,Frozen,F14,"Frozen Rack 14, Level: D, Position # 011 -  Front"
F14D012,Frozen,F14,"Frozen Rack 14, Level: D, Position # 012 -  Back"
F14D013,Frozen,F14,"Frozen Rack 14, Level: D, Position # 013 -  Front"
F14D014,Frozen,F14,"Frozen Rack 14, Level: D, Position # 014 -  Back"
F14D015,Frozen,F14,"Frozen Rack 14, Level: D, Position # 015 -  Front"
F14D016,Frozen,F14,"Frozen Rack 14, Level: D, Position # 016 -  Back"
F14D017,Frozen,F14,"Frozen Rack 14, Level: D, Position # 017 -  Front"
F14D018,Frozen,F14,"Frozen Rack 14, Level: D, Position # 018 -  Back"
F14D019,Frozen,F14,"Frozen Rack 14, Level: D, Position # 019 -  Front"
F14D020,Frozen,F14,"Frozen Rack 14, Level: D, Position # 020 -  Back"
F14D021,Frozen,F14,"Frozen Rack 14, Level: D, Position # 021 -  Front"
F14D022,Frozen,F14,"Frozen Rack 14, Level: D, Position # 022 -  Back"
F14D023,Frozen,F14,"Frozen Rack 14, Level: D, Position # 023 -  Front"
F14D024,Frozen,F14,"Frozen Rack 14, Level: D, Position # 024 -  Back"
F14D025,Frozen,F14,"Frozen Rack 14, Level: D, Position # 025 -  Front"
F14D026,Frozen,F14,"Frozen Rack 14, Level: D, Position # 026 -  Back"
F14D027,Frozen,F14,"Frozen Rack 14, Level: D, Position # 027 -  Front"
F14D028,Frozen,F14,"Frozen Rack 14, Level: D, Position # 028 -  Back"
F14D029,Frozen,F14,"Frozen Rack 14, Level: D, Position # 029 -  Front"
F14D030,Frozen,F14,"Frozen Rack 14, Level: D, Position # 030 -  Back"
F14D031,Frozen,F14,"Frozen Rack 14, Level: D, Position # 031 -  Front"
F14D032,Frozen,F14,"Frozen Rack 14, Level: D, Position # 032 -  Back"
F14D033,Frozen,F14,"Frozen Rack 14, Level: D, Position # 033 -  Front"
F14D034,Frozen,F14,"Frozen Rack 14, Level: D, Position # 034 -  Back"
F14D035,Frozen,F14,"Frozen Rack 14, Level: D, Position # 035 -  Front"
F14D036,Frozen,F14,"Frozen Rack 14, Level: D, Position # 036 -  Back"
F14D037,Frozen,F14,"Frozen Rack 14, Level: D, Position # 037 -  Front"
F14D038,Frozen,F14,"Frozen Rack 14, Level: D, Position # 038 -  Back"
F14D039,Frozen,F14,"Frozen Rack 14, Level: D, Position # 039 -  Front"
F14D040,Frozen,F14,"Frozen Rack 14, Level: D, Position # 040 -  Back"
F14D041,Frozen,F14,"Frozen Rack 14, Level: D, Position # 041 -  Front"
F14D042,Frozen,F14,"Frozen Rack 14, Level: D, Position # 042 -  Back"
F14D043,Frozen,F14,"Frozen Rack 14, Level: D, Position # 043 -  Front"
F14D044,Frozen,F14,"Frozen Rack 14, Level: D, Position # 044 -  Back"
F14D045,Frozen,F14,"Frozen Rack 14, Level: D, Position # 045 -  Front"
F14D046,Frozen,F14,"Frozen Rack 14, Level: D, Position # 046 -  Back"
F14D047,Frozen,F14,"Frozen Rack 14, Level: D, Position # 047 -  Front"
F14D048,Frozen,F14,"Frozen Rack 14, Level: D, Position # 048 -  Back"
F14D049,Frozen,F14,"Frozen Rack 14, Level: D, Position # 049 -  Front"
F14D050,Frozen,F14,"Frozen Rack 14, Level: D, Position # 050 -  Back"
F14D051,Frozen,F14,"Frozen Rack 14, Level: D, Position # 051 -  Front"
F14D052,Frozen,F14,"Frozen Rack 14, Level: D, Position # 052 -  Back"
F14D053,Frozen,F14,"Frozen Rack 14, Level: D, Position # 053 -  Front"
F14D054,Frozen,F14,"Frozen Rack 14, Level: D, Position # 054 -  Back"
F14D055,Frozen,F14,"Frozen Rack 14, Level: D, Position # 055 -  Front"
F14D056,Frozen,F14,"Frozen Rack 14, Level: D, Position # 056 -  Back"
F14D057,Frozen,F14,"Frozen Rack 14, Level: D, Position # 057 -  Front"
F14D058,Frozen,F14,"Frozen Rack 14, Level: D, Position # 058 -  Back"
F14D059,Frozen,F14,"Frozen Rack 14, Level: D, Position # 059 -  Front"
F14D060,Frozen,F14,"Frozen Rack 14, Level: D, Position # 060 -  Back"
F14D061,Frozen,F14,"Frozen Rack 14, Level: D, Position # 061 -  Front"
F14D062,Frozen,F14,"Frozen Rack 14, Level: D, Position # 062 -  Back"
F14D063,Frozen,F14,"Frozen Rack 14, Level: D, Position # 063 -  Front"
F14D064,Frozen,F14,"Frozen Rack 14, Level: D, Position # 064 -  Back"
F14D065,Frozen,F14,"Frozen Rack 14, Level: D, Position # 065 -  Front"
F14D066,Frozen,F14,"Frozen Rack 14, Level: D, Position # 066 -  Back"
F14D067,Frozen,F14,"Frozen Rack 14, Level: D, Position # 067 -  Front"
F14D068,Frozen,F14,"Frozen Rack 14, Level: D, Position # 068 -  Back"
F14D069,Frozen,F14,"Frozen Rack 14, Level: D, Position # 069 -  Front"
F14D070,Frozen,F14,"Frozen Rack 14, Level: D, Position # 070 -  Back"
F14D071,Frozen,F14,"Frozen Rack 14, Level: D, Position # 071 -  Front"
F14D072,Frozen,F14,"Frozen Rack 14, Level: D, Position # 072 -  Back"
F14D073,Frozen,F14,"Frozen Rack 14, Level: D, Position # 073 -  Front"
F14D074,Frozen,F14,"Frozen Rack 14, Level: D, Position # 074 -  Back"
F14D075,Frozen,F14,"Frozen Rack 14, Level: D, Position # 075 -  Front"
F14D076,Frozen,F14,"Frozen Rack 14, Level: D, Position # 076 -  Back"
F14D077,Frozen,F14,"Frozen Rack 14, Level: D, Position # 077 -  Front"
F14D078,Frozen,F14,"Frozen Rack 14, Level: D, Position # 078 -  Back"
F14D079,Frozen,F14,"Frozen Rack 14, Level: D, Position # 079 -  Front"
F14D080,Frozen,F14,"Frozen Rack 14, Level: D, Position # 080 -  Back"
F14D081,Frozen,F14,"Frozen Rack 14, Level: D, Position # 081 -  Front"
F14D082,Frozen,F14,"Frozen Rack 14, Level: D, Position # 082 -  Back"
F14D083,Frozen,F14,"Frozen Rack 14, Level: D, Position # 083 -  Front"
F14D084,Frozen,F14,"Frozen Rack 14, Level: D, Position # 084 -  Back"
F14D085,Frozen,F14,"Frozen Rack 14, Level: D, Position # 085 -  Front"
F14D086,Frozen,F14,"Frozen Rack 14, Level: D, Position # 086 -  Back"
F14D087,Frozen,F14,"Frozen Rack 14, Level: D, Position # 087 -  Front"
F14D088,Frozen,F14,"Frozen Rack 14, Level: D, Position # 088 -  Back"
F14D089,Frozen,F14,"Frozen Rack 14, Level: D, Position # 089 -  Front"
F14D090,Frozen,F14,"Frozen Rack 14, Level: D, Position # 090 -  Back"
F14D091,Frozen,F14,"Frozen Rack 14, Level: D, Position # 091 -  Front"
F14D092,Frozen,F14,"Frozen Rack 14, Level: D, Position # 092 -  Back"
F14D093,Frozen,F14,"Frozen Rack 14, Level: D, Position # 093 -  Front"
F14D094,Frozen,F14,"Frozen Rack 14, Level: D, Position # 094 -  Back"
F14D095,Frozen,F14,"Frozen Rack 14, Level: D, Position # 095 -  Front"
F14D096,Frozen,F14,"Frozen Rack 14, Level: D, Position # 096 -  Back"
F14D097,Frozen,F14,"Frozen Rack 14, Level: D, Position # 097 -  Front"
F14D098,Frozen,F14,"Frozen Rack 14, Level: D, Position # 098 -  Back"
F14D099,Frozen,F14,"Frozen Rack 14, Level: D, Position # 099 -  Front"
F14D100,Frozen,F14,"Frozen Rack 14, Level: D, Position # 100 -  Back"
F14D101,Frozen,F14,"Frozen Rack 14, Level: D, Position # 101 -  Front"
F14D102,Frozen,F14,"Frozen Rack 14, Level: D, Position # 102 -  Back"
F14D103,Frozen,F14,"Frozen Rack 14, Level: D, Position # 103 -  Front"
F14D104,Frozen,F14,"Frozen Rack 14, Level: D, Position # 104 -  Back"
F14D105,Frozen,F14,"Frozen Rack 14, Level: D, Position # 105 -  Front"
F14D106,Frozen,F14,"Frozen Rack 14, Level: D, Position # 106 -  Back"
F14D107,Frozen,F14,"Frozen Rack 14, Level: D, Position # 107 -  Front"
F14D108,Frozen,F14,"Frozen Rack 14, Level: D, Position # 108 -  Back"
F14D109,Frozen,F14,"Frozen Rack 14, Level: D, Position # 109 -  Front"
F14D110,Frozen,F14,"Frozen Rack 14, Level: D, Position # 110 -  Back"
F14E001,Frozen,F14,"Frozen Rack 14, Level: E, Position # 001 -  Front"
F14E002,Frozen,F14,"Frozen Rack 14, Level: E, Position # 002 -  Back"
F14E003,Frozen,F14,"Frozen Rack 14, Level: E, Position # 003 -  Front"
F14E004,Frozen,F14,"Frozen Rack 14, Level: E, Position # 004 -  Back"
F14E005,Frozen,F14,"Frozen Rack 14, Level: E, Position # 005 -  Front"
F14E006,Frozen,F14,"Frozen Rack 14, Level: E, Position # 006 -  Back"
F14E007,Frozen,F14,"Frozen Rack 14, Level: E, Position # 007 -  Front"
F14E008,Frozen,F14,"Frozen Rack 14, Level: E, Position # 008 -  Back"
F14E009,Frozen,F14,"Frozen Rack 14, Level: E, Position # 009 -  Front"
F14E010,Frozen,F14,"Frozen Rack 14, Level: E, Position # 010 -  Back"
F14E011,Frozen,F14,"Frozen Rack 14, Level: E, Position # 011 -  Front"
F14E012,Frozen,F14,"Frozen Rack 14, Level: E, Position # 012 -  Back"
F14E013,Frozen,F14,"Frozen Rack 14, Level: E, Position # 013 -  Front"
F14E014,Frozen,F14,"Frozen Rack 14, Level: E, Position # 014 -  Back"
F14E015,Frozen,F14,"Frozen Rack 14, Level: E, Position # 015 -  Front"
F14E016,Frozen,F14,"Frozen Rack 14, Level: E, Position # 016 -  Back"
F14E017,Frozen,F14,"Frozen Rack 14, Level: E, Position # 017 -  Front"
F14E018,Frozen,F14,"Frozen Rack 14, Level: E, Position # 018 -  Back"
F14E019,Frozen,F14,"Frozen Rack 14, Level: E, Position # 019 -  Front"
F14E020,Frozen,F14,"Frozen Rack 14, Level: E, Position # 020 -  Back"
F14E021,Frozen,F14,"Frozen Rack 14, Level: E, Position # 021 -  Front"
F14E022,Frozen,F14,"Frozen Rack 14, Level: E, Position # 022 -  Back"
F14E023,Frozen,F14,"Frozen Rack 14, Level: E, Position # 023 -  Front"
F14E024,Frozen,F14,"Frozen Rack 14, Level: E, Position # 024 -  Back"
F14E025,Frozen,F14,"Frozen Rack 14, Level: E, Position # 025 -  Front"
F14E026,Frozen,F14,"Frozen Rack 14, Level: E, Position # 026 -  Back"
F14E027,Frozen,F14,"Frozen Rack 14, Level: E, Position # 027 -  Front"
F14E028,Frozen,F14,"Frozen Rack 14, Level: E, Position # 028 -  Back"
F14E029,Frozen,F14,"Frozen Rack 14, Level: E, Position # 029 -  Front"
F14E030,Frozen,F14,"Frozen Rack 14, Level: E, Position # 030 -  Back"
F14E031,Frozen,F14,"Frozen Rack 14, Level: E, Position # 031 -  Front"
F14E032,Frozen,F14,"Frozen Rack 14, Level: E, Position # 032 -  Back"
F14E033,Frozen,F14,"Frozen Rack 14, Level: E, Position # 033 -  Front"
F14E034,Frozen,F14,"Frozen Rack 14, Level: E, Position # 034 -  Back"
F14E035,Frozen,F14,"Frozen Rack 14, Level: E, Position # 035 -  Front"
F14E036,Frozen,F14,"Frozen Rack 14, Level: E, Position # 036 -  Back"
F14E037,Frozen,F14,"Frozen Rack 14, Level: E, Position # 037 -  Front"
F14E038,Frozen,F14,"Frozen Rack 14, Level: E, Position # 038 -  Back"
F14E039,Frozen,F14,"Frozen Rack 14, Level: E, Position # 039 -  Front"
F14E040,Frozen,F14,"Frozen Rack 14, Level: E, Position # 040 -  Back"
F14E041,Frozen,F14,"Frozen Rack 14, Level: E, Position # 041 -  Front"
F14E042,Frozen,F14,"Frozen Rack 14, Level: E, Position # 042 -  Back"
F14E043,Frozen,F14,"Frozen Rack 14, Level: E, Position # 043 -  Front"
F14E044,Frozen,F14,"Frozen Rack 14, Level: E, Position # 044 -  Back"
F14E045,Frozen,F14,"Frozen Rack 14, Level: E, Position # 045 -  Front"
F14E046,Frozen,F14,"Frozen Rack 14, Level: E, Position # 046 -  Back"
F14E047,Frozen,F14,"Frozen Rack 14, Level: E, Position # 047 -  Front"
F14E048,Frozen,F14,"Frozen Rack 14, Level: E, Position # 048 -  Back"
F14E049,Frozen,F14,"Frozen Rack 14, Level: E, Position # 049 -  Front"
F14E050,Frozen,F14,"Frozen Rack 14, Level: E, Position # 050 -  Back"
F14E051,Frozen,F14,"Frozen Rack 14, Level: E, Position # 051 -  Front"
F14E052,Frozen,F14,"Frozen Rack 14, Level: E, Position # 052 -  Back"
F14E053,Frozen,F14,"Frozen Rack 14, Level: E, Position # 053 -  Front"
F14E054,Frozen,F14,"Frozen Rack 14, Level: E, Position # 054 -  Back"
F14E055,Frozen,F14,"Frozen Rack 14, Level: E, Position # 055 -  Front"
F14E056,Frozen,F14,"Frozen Rack 14, Level: E, Position # 056 -  Back"
F14E057,Frozen,F14,"Frozen Rack 14, Level: E, Position # 057 -  Front"
F14E058,Frozen,F14,"Frozen Rack 14, Level: E, Position # 058 -  Back"
F14E059,Frozen,F14,"Frozen Rack 14, Level: E, Position # 059 -  Front"
F14E060,Frozen,F14,"Frozen Rack 14, Level: E, Position # 060 -  Back"
F14E061,Frozen,F14,"Frozen Rack 14, Level: E, Position # 061 -  Front"
F14E062,Frozen,F14,"Frozen Rack 14, Level: E, Position # 062 -  Back"
F14E063,Frozen,F14,"Frozen Rack 14, Level: E, Position # 063 -  Front"
F14E064,Frozen,F14,"Frozen Rack 14, Level: E, Position # 064 -  Back"
F14E065,Frozen,F14,"Frozen Rack 14, Level: E, Position # 065 -  Front"
F14E066,Frozen,F14,"Frozen Rack 14, Level: E, Position # 066 -  Back"
F14E067,Frozen,F14,"Frozen Rack 14, Level: E, Position # 067 -  Front"
F14E068,Frozen,F14,"Frozen Rack 14, Level: E, Position # 068 -  Back"
F14E069,Frozen,F14,"Frozen Rack 14, Level: E, Position # 069 -  Front"
F14E070,Frozen,F14,"Frozen Rack 14, Level: E, Position # 070 -  Back"
F14E071,Frozen,F14,"Frozen Rack 14, Level: E, Position # 071 -  Front"
F14E072,Frozen,F14,"Frozen Rack 14, Level: E, Position # 072 -  Back"
F14E073,Frozen,F14,"Frozen Rack 14, Level: E, Position # 073 -  Front"
F14E074,Frozen,F14,"Frozen Rack 14, Level: E, Position # 074 -  Back"
F14E075,Frozen,F14,"Frozen Rack 14, Level: E, Position # 075 -  Front"
F14E076,Frozen,F14,"Frozen Rack 14, Level: E, Position # 076 -  Back"
F14E077,Frozen,F14,"Frozen Rack 14, Level: E, Position # 077 -  Front"
F14E078,Frozen,F14,"Frozen Rack 14, Level: E, Position # 078 -  Back"
F14E079,Frozen,F14,"Frozen Rack 14, Level: E, Position # 079 -  Front"
F14E080,Frozen,F14,"Frozen Rack 14, Level: E, Position # 080 -  Back"
F14E081,Frozen,F14,"Frozen Rack 14, Level: E, Position # 081 -  Front"
F14E082,Frozen,F14,"Frozen Rack 14, Level: E, Position # 082 -  Back"
F14E083,Frozen,F14,"Frozen Rack 14, Level: E, Position # 083 -  Front"
F14E084,Frozen,F14,"Frozen Rack 14, Level: E, Position # 084 -  Back"
F14E085,Frozen,F14,"Frozen Rack 14, Level: E, Position # 085 -  Front"
F14E086,Frozen,F14,"Frozen Rack 14, Level: E, Position # 086 -  Back"
F14E087,Frozen,F14,"Frozen Rack 14, Level: E, Position # 087 -  Front"
F14E088,Frozen,F14,"Frozen Rack 14, Level: E, Position # 088 -  Back"
F14E089,Frozen,F14,"Frozen Rack 14, Level: E, Position # 089 -  Front"
F14E090,Frozen,F14,"Frozen Rack 14, Level: E, Position # 090 -  Back"
F14E091,Frozen,F14,"Frozen Rack 14, Level: E, Position # 091 -  Front"
F14E092,Frozen,F14,"Frozen Rack 14, Level: E, Position # 092 -  Back"
F14E093,Frozen,F14,"Frozen Rack 14, Level: E, Position # 093 -  Front"
F14E094,Frozen,F14,"Frozen Rack 14, Level: E, Position # 094 -  Back"
F14E095,Frozen,F14,"Frozen Rack 14, Level: E, Position # 095 -  Front"
F14E096,Frozen,F14,"Frozen Rack 14, Level: E, Position # 096 -  Back"
F14E097,Frozen,F14,"Frozen Rack 14, Level: E, Position # 097 -  Front"
F14E098,Frozen,F14,"Frozen Rack 14, Level: E, Position # 098 -  Back"
F14E099,Frozen,F14,"Frozen Rack 14, Level: E, Position # 099 -  Front"
F14E100,Frozen,F14,"Frozen Rack 14, Level: E, Position # 100 -  Back"
F14E101,Frozen,F14,"Frozen Rack 14, Level: E, Position # 101 -  Front"
F14E102,Frozen,F14,"Frozen Rack 14, Level: E, Position # 102 -  Back"
F14E103,Frozen,F14,"Frozen Rack 14, Level: E, Position # 103 -  Front"
F14E104,Frozen,F14,"Frozen Rack 14, Level: E, Position # 104 -  Back"
F14E105,Frozen,F14,"Frozen Rack 14, Level: E, Position # 105 -  Front"
F14E106,Frozen,F14,"Frozen Rack 14, Level: E, Position # 106 -  Back"
F14E107,Frozen,F14,"Frozen Rack 14, Level: E, Position # 107 -  Front"
F14E108,Frozen,F14,"Frozen Rack 14, Level: E, Position # 108 -  Back"
F14E109,Frozen,F14,"Frozen Rack 14, Level: E, Position # 109 -  Front"
F14E110,Frozen,F14,"Frozen Rack 14, Level: E, Position # 110 -  Back"
F14F013,Frozen,F14,"Frozen Rack 14, Level: F, Position # 013 -  Front"
F14F014,Frozen,F14,"Frozen Rack 14, Level: F, Position # 014 -  Back"
F14F015,Frozen,F14,"Frozen Rack 14, Level: F, Position # 015 -  Front"
F14F016,Frozen,F14,"Frozen Rack 14, Level: F, Position # 016 -  Back"
F14F017,Frozen,F14,"Frozen Rack 14, Level: F, Position # 017 -  Front"
F14F018,Frozen,F14,"Frozen Rack 14, Level: F, Position # 018 -  Back"
F14F055,Frozen,F14,"Frozen Rack 14, Level: F, Position # 050 -  Back"
F14F056,Frozen,F14,"Frozen Rack 14, Level: F, Position # 056 -  Back"
F14F057,Frozen,F14,"Frozen Rack 14, Level: F, Position # 050 -  Back"
F14F058,Frozen,F14,"Frozen Rack 14, Level: F, Position # 056 -  Back"
F14F059,Frozen,F14,"Frozen Rack 14, Level: F, Position # 050 -  Back"
F14F060,Frozen,F14,"Frozen Rack 14, Level: F, Position # 056 -  Back"
F14F097,Frozen,F14,"Frozen Rack 14, Level: F, Position # 097 -  Front"
F14F098,Frozen,F14,"Frozen Rack 14, Level: F, Position # 098 -  Back"
F14F099,Frozen,F14,"Frozen Rack 14, Level: F, Position # 099 -  Front"
F14F100,Frozen,F14,"Frozen Rack 14, Level: F, Position # 100 -  Back"
F14F101,Frozen,F14,"Frozen Rack 14, Level: F, Position # 101 -  Front"
F14F102,Frozen,F14,"Frozen Rack 14, Level: F, Position # 102 -  Back"
F14F103,Frozen,F14,"Frozen Rack 14, Level: F, Position # 103 -  Front"
F14F104,Frozen,F14,"Frozen Rack 14, Level: F, Position # 104 -  Back"
F14F105,Frozen,F14,"Frozen Rack 14, Level: F, Position # 105 -  Front"
F14F106,Frozen,F14,"Frozen Rack 14, Level: F, Position # 106 -  Back"
F14F107,Frozen,F14,"Frozen Rack 14, Level: F, Position # 107 -  Front"
F14F108,Frozen,F14,"Frozen Rack 14, Level: F, Position # 108 -  Back"
F14F110,Frozen,F14,"Frozen Rack 14, Level: F, Position # 110 -  Back"
F15A001,Frozen,F15,"Frozen Rack 15, Level: A, Position # 001 -  Front"
F15A002,Frozen,F15,"Frozen Rack 15, Level: A, Position # 002 -  Back"
F15A003,Frozen,F15,"Frozen Rack 15, Level: A, Position # 003 -  Front"
F15A004,Frozen,F15,"Frozen Rack 15, Level: A, Position # 004 -  Back"
F15A005,Frozen,F15,"Frozen Rack 15, Level: A, Position # 005 -  Front"
F15A006,Frozen,F15,"Frozen Rack 15, Level: A, Position # 006 -  Back"
F15A007,Frozen,F15,"Frozen Rack 15, Level: A, Position # 007 -  Front"
F15A008,Frozen,F15,"Frozen Rack 15, Level: A, Position # 008 -  Back"
F15A009,Frozen,F15,"Frozen Rack 15, Level: A, Position # 009 -  Front"
F15A010,Frozen,F15,"Frozen Rack 15, Level: A, Position # 010 -  Back"
F15A011,Frozen,F15,"Frozen Rack 15, Level: A, Position # 011 -  Front"
F15A012,Frozen,F15,"Frozen Rack 15, Level: A, Position # 012 -  Back"
F15A019,Frozen,F15,"Frozen Rack 15, Level: A, Position # 019 -  Front"
F15A020,Frozen,F15,"Frozen Rack 15, Level: A, Position # 020 -  Back"
F15A021,Frozen,F15,"Frozen Rack 15, Level: A, Position # 021 -  Front"
F15A022,Frozen,F15,"Frozen Rack 15, Level: A, Position # 022 -  Back"
F15A023,Frozen,F15,"Frozen Rack 15, Level: A, Position # 023 -  Front"
F15A024,Frozen,F15,"Frozen Rack 15, Level: A, Position # 024 -  Back"
F15A025,Frozen,F15,"Frozen Rack 15, Level: A, Position # 025 -  Front"
F15A026,Frozen,F15,"Frozen Rack 15, Level: A, Position # 026 -  Back"
F15A027,Frozen,F15,"Frozen Rack 15, Level: A, Position # 027 -  Front"
F15A028,Frozen,F15,"Frozen Rack 15, Level: A, Position # 028 -  Back"
F15A029,Frozen,F15,"Frozen Rack 15, Level: A, Position # 029 -  Front"
F15A030,Frozen,F15,"Frozen Rack 15, Level: A, Position # 030 -  Back"
F15A031,Frozen,F15,"Frozen Rack 15, Level: A, Position # 031 -  Front"
F15A032,Frozen,F15,"Frozen Rack 15, Level: A, Position # 032 -  Back"
F15A033,Frozen,F15,"Frozen Rack 15, Level: A, Position # 033 -  Front"
F15A034,Frozen,F15,"Frozen Rack 15, Level: A, Position # 034 -  Back"
F15A035,Frozen,F15,"Frozen Rack 15, Level: A, Position # 035 -  Front"
F15A036,Frozen,F15,"Frozen Rack 15, Level: A, Position # 036 -  Back"
F15A037,Frozen,F15,"Frozen Rack 15, Level: A, Position # 037 -  Front"
F15A038,Frozen,F15,"Frozen Rack 15, Level: A, Position # 038 -  Back"
F15A039,Frozen,F15,"Frozen Rack 15, Level: A, Position # 039 -  Front"
F15A040,Frozen,F15,"Frozen Rack 15, Level: A, Position # 040 -  Back"
F15A041,Frozen,F15,"Frozen Rack 15, Level: A, Position # 041 -  Front"
F15A042,Frozen,F15,"Frozen Rack 15, Level: A, Position # 042 -  Back"
F15A043,Frozen,F15,"Frozen Rack 15, Level: A, Position # 043 -  Front"
F15A044,Frozen,F15,"Frozen Rack 15, Level: A, Position # 044 -  Back"
F15A045,Frozen,F15,"Frozen Rack 15, Level: A, Position # 045 -  Front"
F15A046,Frozen,F15,"Frozen Rack 15, Level: A, Position # 046 -  Back"
F15A047,Frozen,F15,"Frozen Rack 15, Level: A, Position # 047 -  Front"
F15A048,Frozen,F15,"Frozen Rack 15, Level: A, Position # 048 -  Back"
F15A049,Frozen,F15,"Frozen Rack 15, Level: A, Position # 049 -  Front"
F15A050,Frozen,F15,"Frozen Rack 15, Level: A, Position # 050 -  Back"
F15A051,Frozen,F15,"Frozen Rack 15, Level: A, Position # 051 -  Front"
F15A052,Frozen,F15,"Frozen Rack 15, Level: A, Position # 052 -  Back"
F15A053,Frozen,F15,"Frozen Rack 15, Level: A, Position # 053 -  Front"
F15A054,Frozen,F15,"Frozen Rack 15, Level: A, Position # 054 -  Back"
F15A061,Frozen,F15,"Frozen Rack 15, Level: A, Position # 061 -  Front"
F15A062,Frozen,F15,"Frozen Rack 15, Level: A, Position # 062 -  Back"
F15A063,Frozen,F15,"Frozen Rack 15, Level: A, Position # 063 -  Front"
F15A064,Frozen,F15,"Frozen Rack 15, Level: A, Position # 064 -  Back"
F15A065,Frozen,F15,"Frozen Rack 15, Level: A, Position # 065 -  Front"
F15A066,Frozen,F15,"Frozen Rack 15, Level: A, Position # 066 -  Back"
F15A067,Frozen,F15,"Frozen Rack 15, Level: A, Position # 067 -  Front"
F15A068,Frozen,F15,"Frozen Rack 15, Level: A, Position # 068 -  Back"
F15A069,Frozen,F15,"Frozen Rack 15, Level: A, Position # 069 -  Front"
F15A070,Frozen,F15,"Frozen Rack 15, Level: A, Position # 070 -  Back"
F15A071,Frozen,F15,"Frozen Rack 15, Level: A, Position # 071 -  Front"
F15A072,Frozen,F15,"Frozen Rack 15, Level: A, Position # 072 -  Back"
F15A073,Frozen,F15,"Frozen Rack 15, Level: A, Position # 073 -  Front"
F15A074,Frozen,F15,"Frozen Rack 15, Level: A, Position # 074 -  Back"
F15A075,Frozen,F15,"Frozen Rack 15, Level: A, Position # 075 -  Front"
F15A076,Frozen,F15,"Frozen Rack 15, Level: A, Position # 076 -  Back"
F15A077,Frozen,F15,"Frozen Rack 15, Level: A, Position # 077 -  Front"
F15A078,Frozen,F15,"Frozen Rack 15, Level: A, Position # 078 -  Back"
F15A079,Frozen,F15,"Frozen Rack 15, Level: A, Position # 079 -  Front"
F15A080,Frozen,F15,"Frozen Rack 15, Level: A, Position # 080 -  Back"
F15A081,Frozen,F15,"Frozen Rack 15, Level: A, Position # 081 -  Front"
F15A082,Frozen,F15,"Frozen Rack 15, Level: A, Position # 082 -  Back"
F15A083,Frozen,F15,"Frozen Rack 15, Level: A, Position # 083 -  Front"
F15A084,Frozen,F15,"Frozen Rack 15, Level: A, Position # 084 -  Back"
F15A085,Frozen,F15,"Frozen Rack 15, Level: A, Position # 085 -  Front"
F15A086,Frozen,F15,"Frozen Rack 15, Level: A, Position # 086 -  Back"
F15A087,Frozen,F15,"Frozen Rack 15, Level: A, Position # 087 -  Front"
F15A088,Frozen,F15,"Frozen Rack 15, Level: A, Position # 088 -  Back"
F15A089,Frozen,F15,"Frozen Rack 15, Level: A, Position # 089 -  Front"
F15A090,Frozen,F15,"Frozen Rack 15, Level: A, Position # 090 -  Back"
F15A091,Frozen,F15,"Frozen Rack 15, Level: A, Position # 091 -  Front"
F15A092,Frozen,F15,"Frozen Rack 15, Level: A, Position # 092 -  Back"
F15A093,Frozen,F15,"Frozen Rack 15, Level: A, Position # 093 -  Front"
F15A094,Frozen,F15,"Frozen Rack 15, Level: A, Position # 094 -  Back"
F15A095,Frozen,F15,"Frozen Rack 15, Level: A, Position # 095 -  Front"
F15A096,Frozen,F15,"Frozen Rack 15, Level: A, Position # 096 -  Back"
F15B001,Frozen,F15,"Frozen Rack 15, Level: B, Position # 001 -  Front"
F15B002,Frozen,F15,"Frozen Rack 15, Level: B, Position # 002 -  Back"
F15B003,Frozen,F15,"Frozen Rack 15, Level: B, Position # 003 -  Front"
F15B004,Frozen,F15,"Frozen Rack 15, Level: B, Position # 004 -  Back"
F15B005,Frozen,F15,"Frozen Rack 15, Level: B, Position # 005 -  Front"
F15B006,Frozen,F15,"Frozen Rack 15, Level: B, Position # 006 -  Back"
F15B007,Frozen,F15,"Frozen Rack 15, Level: B, Position # 007 -  Front"
F15B008,Frozen,F15,"Frozen Rack 15, Level: B, Position # 008 -  Back"
F15B009,Frozen,F15,"Frozen Rack 15, Level: B, Position # 009 -  Front"
F15B010,Frozen,F15,"Frozen Rack 15, Level: B, Position # 010 -  Back"
F15B011,Frozen,F15,"Frozen Rack 15, Level: B, Position # 011 -  Front"
F15B012,Frozen,F15,"Frozen Rack 15, Level: B, Position # 012 -  Back"
F15B019,Frozen,F15,"Frozen Rack 15, Level: B, Position # 019 -  Front"
F15B020,Frozen,F15,"Frozen Rack 15, Level: B, Position # 020 -  Back"
F15B021,Frozen,F15,"Frozen Rack 15, Level: B, Position # 021 -  Front"
F15B022,Frozen,F15,"Frozen Rack 15, Level: B, Position # 022 -  Back"
F15B023,Frozen,F15,"Frozen Rack 15, Level: B, Position # 023 -  Front"
F15B024,Frozen,F15,"Frozen Rack 15, Level: B, Position # 024 -  Back"
F15B025,Frozen,F15,"Frozen Rack 15, Level: B, Position # 025 -  Front"
F15B026,Frozen,F15,"Frozen Rack 15, Level: B, Position # 026 -  Back"
F15B027,Frozen,F15,"Frozen Rack 15, Level: B, Position # 027 -  Front"
F15B028,Frozen,F15,"Frozen Rack 15, Level: B, Position # 028 -  Back"
F15B029,Frozen,F15,"Frozen Rack 15, Level: B, Position # 029 -  Front"
F15B030,Frozen,F15,"Frozen Rack 15, Level: B, Position # 030 -  Back"
F15B031,Frozen,F15,"Frozen Rack 15, Level: B, Position # 031 -  Front"
F15B032,Frozen,F15,"Frozen Rack 15, Level: B, Position # 032 -  Back"
F15B033,Frozen,F15,"Frozen Rack 15, Level: B, Position # 033 -  Front"
F15B034,Frozen,F15,"Frozen Rack 15, Level: B, Position # 034 -  Back"
F15B035,Frozen,F15,"Frozen Rack 15, Level: B, Position # 035 -  Front"
F15B036,Frozen,F15,"Frozen Rack 15, Level: B, Position # 036 -  Back"
F15B037,Frozen,F15,"Frozen Rack 15, Level: B, Position # 037 -  Front"
F15B038,Frozen,F15,"Frozen Rack 15, Level: B, Position # 038 -  Back"
F15B039,Frozen,F15,"Frozen Rack 15, Level: B, Position # 039 -  Front"
F15B040,Frozen,F15,"Frozen Rack 15, Level: B, Position # 040 -  Back"
F15B041,Frozen,F15,"Frozen Rack 15, Level: B, Position # 041 -  Front"
F15B042,Frozen,F15,"Frozen Rack 15, Level: B, Position # 042 -  Back"
F15B043,Frozen,F15,"Frozen Rack 15, Level: B, Position # 043 -  Front"
F15B044,Frozen,F15,"Frozen Rack 15, Level: B, Position # 044 -  Back"
F15B045,Frozen,F15,"Frozen Rack 15, Level: B, Position # 045 -  Front"
F15B046,Frozen,F15,"Frozen Rack 15, Level: B, Position # 046 -  Back"
F15B047,Frozen,F15,"Frozen Rack 15, Level: B, Position # 047 -  Front"
F15B048,Frozen,F15,"Frozen Rack 15, Level: B, Position # 048 -  Back"
F15B049,Frozen,F15,"Frozen Rack 15, Level: B, Position # 049 -  Front"
F15B050,Frozen,F15,"Frozen Rack 15, Level: B, Position # 050 -  Back"
F15B051,Frozen,F15,"Frozen Rack 15, Level: B, Position # 051 -  Front"
F15B052,Frozen,F15,"Frozen Rack 15, Level: B, Position # 052 -  Back"
F15B053,Frozen,F15,"Frozen Rack 15, Level: B, Position # 053 -  Front"
F15B054,Frozen,F15,"Frozen Rack 15, Level: B, Position # 054 -  Back"
F15B061,Frozen,F15,"Frozen Rack 15, Level: B, Position # 061 -  Front"
F15B062,Frozen,F15,"Frozen Rack 15, Level: B, Position # 062 -  Back"
F15B063,Frozen,F15,"Frozen Rack 15, Level: B, Position # 063 -  Front"
F15B064,Frozen,F15,"Frozen Rack 15, Level: B, Position # 064 -  Back"
F15B065,Frozen,F15,"Frozen Rack 15, Level: B, Position # 065 -  Front"
F15B066,Frozen,F15,"Frozen Rack 15, Level: B, Position # 066 -  Back"
F15B067,Frozen,F15,"Frozen Rack 15, Level: B, Position # 067 -  Front"
F15B068,Frozen,F15,"Frozen Rack 15, Level: B, Position # 068 -  Back"
F15B069,Frozen,F15,"Frozen Rack 15, Level: B, Position # 069 -  Front"
F15B070,Frozen,F15,"Frozen Rack 15, Level: B, Position # 070 -  Back"
F15B071,Frozen,F15,"Frozen Rack 15, Level: B, Position # 071 -  Front"
F15B072,Frozen,F15,"Frozen Rack 15, Level: B, Position # 072 -  Back"
F15B073,Frozen,F15,"Frozen Rack 15, Level: B, Position # 073 -  Front"
F15B074,Frozen,F15,"Frozen Rack 15, Level: B, Position # 074 -  Back"
F15B075,Frozen,F15,"Frozen Rack 15, Level: B, Position # 075 -  Front"
F15B076,Frozen,F15,"Frozen Rack 15, Level: B, Position # 076 -  Back"
F15B077,Frozen,F15,"Frozen Rack 15, Level: B, Position # 077 -  Front"
F15B078,Frozen,F15,"Frozen Rack 15, Level: B, Position # 078 -  Back"
F15B079,Frozen,F15,"Frozen Rack 15, Level: B, Position # 079 -  Front"
F15B080,Frozen,F15,"Frozen Rack 15, Level: B, Position # 080 -  Back"
F15B081,Frozen,F15,"Frozen Rack 15, Level: B, Position # 081 -  Front"
F15B082,Frozen,F15,"Frozen Rack 15, Level: B, Position # 082 -  Back"
F15B083,Frozen,F15,"Frozen Rack 15, Level: B, Position # 083 -  Front"
F15B084,Frozen,F15,"Frozen Rack 15, Level: B, Position # 084 -  Back"
F15B085,Frozen,F15,"Frozen Rack 15, Level: B, Position # 085 -  Front"
F15B086,Frozen,F15,"Frozen Rack 15, Level: B, Position # 086 -  Back"
F15B087,Frozen,F15,"Frozen Rack 15, Level: B, Position # 087 -  Front"
F15B088,Frozen,F15,"Frozen Rack 15, Level: B, Position # 088 -  Back"
F15B089,Frozen,F15,"Frozen Rack 15, Level: B, Position # 089 -  Front"
F15B090,Frozen,F15,"Frozen Rack 15, Level: B, Position # 090 -  Back"
F15B091,Frozen,F15,"Frozen Rack 15, Level: B, Position # 091 -  Front"
F15B092,Frozen,F15,"Frozen Rack 15, Level: B, Position # 092 -  Back"
F15B093,Frozen,F15,"Frozen Rack 15, Level: B, Position # 093 -  Front"
F15B094,Frozen,F15,"Frozen Rack 15, Level: B, Position # 094 -  Back"
F15B095,Frozen,F15,"Frozen Rack 15, Level: B, Position # 095 -  Front"
F15B096,Frozen,F15,"Frozen Rack 15, Level: B, Position # 096 -  Back"
F15B103,Frozen,F15,"Frozen Rack 15, Level: B, Position # 103 -  Front"
F15B104,Frozen,F15,"Frozen Rack 15, Level: B, Position # 104 -  Back"
F15B105,Frozen,F15,"Frozen Rack 15, Level: B, Position # 105 -  Front"
F15B106,Frozen,F15,"Frozen Rack 15, Level: B, Position # 106 -  Back"
F15B107,Frozen,F15,"Frozen Rack 15, Level: B, Position # 107 -  Front"
F15B108,Frozen,F15,"Frozen Rack 15, Level: B, Position # 108 -  Back"
F15B109,Frozen,F15,"Frozen Rack 15, Level: B, Position # 109 -  Front"
F15B110,Frozen,F15,"Frozen Rack 15, Level: B, Position # 110 -  Back"
F15B111,Frozen,F15,"Frozen Rack 15, Level: B, Position # 111 -  Front"
F15B112,Frozen,F15,"Frozen Rack 15, Level: B, Position # 112 -  Back"
F15C001,Frozen,F15,"Frozen Rack 15, Level: C, Position # 001 -  Front"
F15C002,Frozen,F15,"Frozen Rack 15, Level: C, Position # 002 -  Back"
F15C003,Frozen,F15,"Frozen Rack 15, Level: C, Position # 003 -  Front"
F15C004,Frozen,F15,"Frozen Rack 15, Level: C, Position # 004 -  Back"
F15C005,Frozen,F15,"Frozen Rack 15, Level: C, Position # 005 -  Front"
F15C006,Frozen,F15,"Frozen Rack 15, Level: C, Position # 006 -  Back"
F15C007,Frozen,F15,"Frozen Rack 15, Level: C, Position # 007 -  Front"
F15C008,Frozen,F15,"Frozen Rack 15, Level: C, Position # 008 -  Back"
F15C009,Frozen,F15,"Frozen Rack 15, Level: C, Position # 009 -  Front"
F15C010,Frozen,F15,"Frozen Rack 15, Level: C, Position # 010 -  Back"
F15C011,Frozen,F15,"Frozen Rack 15, Level: C, Position # 011 -  Front"
F15C012,Frozen,F15,"Frozen Rack 15, Level: C, Position # 012 -  Back"
F15C019,Frozen,F15,"Frozen Rack 15, Level: C, Position # 019 -  Front"
F15C020,Frozen,F15,"Frozen Rack 15, Level: C, Position # 020 -  Back"
F15C021,Frozen,F15,"Frozen Rack 15, Level: C, Position # 021 -  Front"
F15C022,Frozen,F15,"Frozen Rack 15, Level: C, Position # 022 -  Back"
F15C023,Frozen,F15,"Frozen Rack 15, Level: C, Position # 023 -  Front"
F15C024,Frozen,F15,"Frozen Rack 15, Level: C, Position # 024 -  Back"
F15C025,Frozen,F15,"Frozen Rack 15, Level: C, Position # 025 -  Front"
F15C026,Frozen,F15,"Frozen Rack 15, Level: C, Position # 026 -  Back"
F15C027,Frozen,F15,"Frozen Rack 15, Level: C, Position # 027 -  Front"
F15C028,Frozen,F15,"Frozen Rack 15, Level: C, Position # 028 -  Back"
F15C029,Frozen,F15,"Frozen Rack 15, Level: C, Position # 029 -  Front"
F15C030,Frozen,F15,"Frozen Rack 15, Level: C, Position # 030 -  Back"
F15C031,Frozen,F15,"Frozen Rack 15, Level: C, Position # 031 -  Front"
F15C032,Frozen,F15,"Frozen Rack 15, Level: C, Position # 032 -  Back"
F15C033,Frozen,F15,"Frozen Rack 15, Level: C, Position # 033 -  Front"
F15C034,Frozen,F15,"Frozen Rack 15, Level: C, Position # 034 -  Back"
F15C035,Frozen,F15,"Frozen Rack 15, Level: C, Position # 035 -  Front"
F15C036,Frozen,F15,"Frozen Rack 15, Level: C, Position # 036 -  Back"
F15C037,Frozen,F15,"Frozen Rack 15, Level: C, Position # 037 -  Front"
F15C038,Frozen,F15,"Frozen Rack 15, Level: C, Position # 038 -  Back"
F15C039,Frozen,F15,"Frozen Rack 15, Level: C, Position # 039 -  Front"
F15C040,Frozen,F15,"Frozen Rack 15, Level: C, Position # 040 -  Back"
F15C041,Frozen,F15,"Frozen Rack 15, Level: C, Position # 041 -  Front"
F15C042,Frozen,F15,"Frozen Rack 15, Level: C, Position # 042 -  Back"
F15C043,Frozen,F15,"Frozen Rack 15, Level: C, Position # 043 -  Front"
F15C044,Frozen,F15,"Frozen Rack 15, Level: C, Position # 044 -  Back"
F15C045,Frozen,F15,"Frozen Rack 15, Level: C, Position # 045 -  Front"
F15C046,Frozen,F15,"Frozen Rack 15, Level: C, Position # 046 -  Back"
F15C047,Frozen,F15,"Frozen Rack 15, Level: C, Position # 047 -  Front"
F15C048,Frozen,F15,"Frozen Rack 15, Level: C, Position # 048 -  Back"
F15C049,Frozen,F15,"Frozen Rack 15, Level: C, Position # 049 -  Front"
F15C050,Frozen,F15,"Frozen Rack 15, Level: C, Position # 050 -  Back"
F15C051,Frozen,F15,"Frozen Rack 15, Level: C, Position # 051 -  Front"
F15C052,Frozen,F15,"Frozen Rack 15, Level: C, Position # 052 -  Back"
F15C053,Frozen,F15,"Frozen Rack 15, Level: C, Position # 053 -  Front"
F15C054,Frozen,F15,"Frozen Rack 15, Level: C, Position # 054 -  Back"
F15C061,Frozen,F15,"Frozen Rack 15, Level: C, Position # 061 -  Front"
F15C062,Frozen,F15,"Frozen Rack 15, Level: C, Position # 062 -  Back"
F15C063,Frozen,F15,"Frozen Rack 15, Level: C, Position # 063 -  Front"
F15C064,Frozen,F15,"Frozen Rack 15, Level: C, Position # 064 -  Back"
F15C065,Frozen,F15,"Frozen Rack 15, Level: C, Position # 065 -  Front"
F15C066,Frozen,F15,"Frozen Rack 15, Level: C, Position # 066 -  Back"
F15C067,Frozen,F15,"Frozen Rack 15, Level: C, Position # 067 -  Front"
F15C068,Frozen,F15,"Frozen Rack 15, Level: C, Position # 068 -  Back"
F15C069,Frozen,F15,"Frozen Rack 15, Level: C, Position # 069 -  Front"
F15C070,Frozen,F15,"Frozen Rack 15, Level: C, Position # 070 -  Back"
F15C071,Frozen,F15,"Frozen Rack 15, Level: C, Position # 071 -  Front"
F15C072,Frozen,F15,"Frozen Rack 15, Level: C, Position # 072 -  Back"
F15C073,Frozen,F15,"Frozen Rack 15, Level: C, Position # 073 -  Front"
F15C074,Frozen,F15,"Frozen Rack 15, Level: C, Position # 074 -  Back"
F15C075,Frozen,F15,"Frozen Rack 15, Level: C, Position # 075 -  Front"
F15C076,Frozen,F15,"Frozen Rack 15, Level: C, Position # 076 -  Back"
F15C077,Frozen,F15,"Frozen Rack 15, Level: C, Position # 077 -  Front"
F15C078,Frozen,F15,"Frozen Rack 15, Level: C, Position # 078 -  Back"
F15C079,Frozen,F15,"Frozen Rack 15, Level: C, Position # 079 -  Front"
F15C080,Frozen,F15,"Frozen Rack 15, Level: C, Position # 080 -  Back"
F15C081,Frozen,F15,"Frozen Rack 15, Level: C, Position # 081 -  Front"
F15C082,Frozen,F15,"Frozen Rack 15, Level: C, Position # 082 -  Back"
F15C083,Frozen,F15,"Frozen Rack 15, Level: C, Position # 083 -  Front"
F15C084,Frozen,F15,"Frozen Rack 15, Level: C, Position # 084 -  Back"
F15C085,Frozen,F15,"Frozen Rack 15, Level: C, Position # 085 -  Front"
F15C086,Frozen,F15,"Frozen Rack 15, Level: C, Position # 086 -  Back"
F15C087,Frozen,F15,"Frozen Rack 15, Level: C, Position # 087 -  Front"
F15C088,Frozen,F15,"Frozen Rack 15, Level: C, Position # 088 -  Back"
F15C089,Frozen,F15,"Frozen Rack 15, Level: C, Position # 089 -  Front"
F15C090,Frozen,F15,"Frozen Rack 15, Level: C, Position # 090 -  Back"
F15C091,Frozen,F15,"Frozen Rack 15, Level: C, Position # 091 -  Front"
F15C092,Frozen,F15,"Frozen Rack 15, Level: C, Position # 092 -  Back"
F15C093,Frozen,F15,"Frozen Rack 15, Level: C, Position # 093 -  Front"
F15C094,Frozen,F15,"Frozen Rack 15, Level: C, Position # 094 -  Back"
F15C095,Frozen,F15,"Frozen Rack 15, Level: C, Position # 095 -  Front"
F15C096,Frozen,F15,"Frozen Rack 15, Level: C, Position # 096 -  Back"
F15C103,Frozen,F15,"Frozen Rack 15, Level: C, Position # 103 -  Front"
F15C104,Frozen,F15,"Frozen Rack 15, Level: C, Position # 104 -  Back"
F15C105,Frozen,F15,"Frozen Rack 15, Level: C, Position # 105 -  Front"
F15C106,Frozen,F15,"Frozen Rack 15, Level: C, Position # 106 -  Back"
F15C107,Frozen,F15,"Frozen Rack 15, Level: C, Position # 107 -  Front"
F15C108,Frozen,F15,"Frozen Rack 15, Level: C, Position # 108 -  Back"
F15C109,Frozen,F15,"Frozen Rack 15, Level: C, Position # 109 -  Front"
F15C110,Frozen,F15,"Frozen Rack 15, Level: C, Position # 110 -  Back"
F15C111,Frozen,F15,"Frozen Rack 15, Level: C, Position # 111 -  Front"
F15C112,Frozen,F15,"Frozen Rack 15, Level: C, Position # 112 -  Back"
F15D001,Frozen,F15,"Frozen Rack 15, Level: D, Position # 001 -  Front"
F15D002,Frozen,F15,"Frozen Rack 15, Level: D, Position # 002 -  Back"
F15D003,Frozen,F15,"Frozen Rack 15, Level: D, Position # 003 -  Front"
F15D004,Frozen,F15,"Frozen Rack 15, Level: D, Position # 004 -  Back"
F15D005,Frozen,F15,"Frozen Rack 15, Level: D, Position # 005 -  Front"
F15D006,Frozen,F15,"Frozen Rack 15, Level: D, Position # 006 -  Back"
F15D007,Frozen,F15,"Frozen Rack 15, Level: D, Position # 007 -  Front"
F15D008,Frozen,F15,"Frozen Rack 15, Level: D, Position # 008 -  Back"
F15D009,Frozen,F15,"Frozen Rack 15, Level: D, Position # 009 -  Front"
F15D010,Frozen,F15,"Frozen Rack 15, Level: D, Position # 010 -  Back"
F15D011,Frozen,F15,"Frozen Rack 15, Level: D, Position # 011 -  Front"
F15D012,Frozen,F15,"Frozen Rack 15, Level: D, Position # 012 -  Back"
F15D013,Frozen,F15,"Frozen Rack 15, Level: D, Position # 013 -  Front"
F15D014,Frozen,F15,"Frozen Rack 15, Level: D, Position # 014 -  Back"
F15D015,Frozen,F15,"Frozen Rack 15, Level: D, Position # 015 -  Front"
F15D016,Frozen,F15,"Frozen Rack 15, Level: D, Position # 016 -  Back"
F15D017,Frozen,F15,"Frozen Rack 15, Level: D, Position # 017 -  Front"
F15D018,Frozen,F15,"Frozen Rack 15, Level: D, Position # 018 -  Back"
F15D019,Frozen,F15,"Frozen Rack 15, Level: D, Position # 019 -  Front"
F15D020,Frozen,F15,"Frozen Rack 15, Level: D, Position # 020 -  Back"
F15D021,Frozen,F15,"Frozen Rack 15, Level: D, Position # 021 -  Front"
F15D022,Frozen,F15,"Frozen Rack 15, Level: D, Position # 022 -  Back"
F15D023,Frozen,F15,"Frozen Rack 15, Level: D, Position # 023 -  Front"
F15D024,Frozen,F15,"Frozen Rack 15, Level: D, Position # 024 -  Back"
F15D025,Frozen,F15,"Frozen Rack 15, Level: D, Position # 025 -  Front"
F15D026,Frozen,F15,"Frozen Rack 15, Level: D, Position # 026 -  Back"
F15D027,Frozen,F15,"Frozen Rack 15, Level: D, Position # 027 -  Front"
F15D028,Frozen,F15,"Frozen Rack 15, Level: D, Position # 028 -  Back"
F15D029,Frozen,F15,"Frozen Rack 15, Level: D, Position # 029 -  Front"
F15D030,Frozen,F15,"Frozen Rack 15, Level: D, Position # 030 -  Back"
F15D031,Frozen,F15,"Frozen Rack 15, Level: D, Position # 031 -  Front"
F15D032,Frozen,F15,"Frozen Rack 15, Level: D, Position # 032 -  Back"
F15D033,Frozen,F15,"Frozen Rack 15, Level: D, Position # 033 -  Front"
F15D034,Frozen,F15,"Frozen Rack 15, Level: D, Position # 034 -  Back"
F15D035,Frozen,F15,"Frozen Rack 15, Level: D, Position # 035 -  Front"
F15D036,Frozen,F15,"Frozen Rack 15, Level: D, Position # 036 -  Back"
F15D037,Frozen,F15,"Frozen Rack 15, Level: D, Position # 037 -  Front"
F15D038,Frozen,F15,"Frozen Rack 15, Level: D, Position # 038 -  Back"
F15D039,Frozen,F15,"Frozen Rack 15, Level: D, Position # 039 -  Front"
F15D040,Frozen,F15,"Frozen Rack 15, Level: D, Position # 040 -  Back"
F15D041,Frozen,F15,"Frozen Rack 15, Level: D, Position # 041 -  Front"
F15D042,Frozen,F15,"Frozen Rack 15, Level: D, Position # 042 -  Back"
F15D043,Frozen,F15,"Frozen Rack 15, Level: D, Position # 043 -  Front"
F15D044,Frozen,F15,"Frozen Rack 15, Level: D, Position # 044 -  Back"
F15D045,Frozen,F15,"Frozen Rack 15, Level: D, Position # 045 -  Front"
F15D046,Frozen,F15,"Frozen Rack 15, Level: D, Position # 046 -  Back"
F15D047,Frozen,F15,"Frozen Rack 15, Level: D, Position # 047 -  Front"
F15D048,Frozen,F15,"Frozen Rack 15, Level: D, Position # 048 -  Back"
F15D049,Frozen,F15,"Frozen Rack 15, Level: D, Position # 049 -  Front"
F15D050,Frozen,F15,"Frozen Rack 15, Level: D, Position # 050 -  Back"
F15D051,Frozen,F15,"Frozen Rack 15, Level: D, Position # 051 -  Front"
F15D052,Frozen,F15,"Frozen Rack 15, Level: D, Position # 052 -  Back"
F15D053,Frozen,F15,"Frozen Rack 15, Level: D, Position # 053 -  Front"
F15D054,Frozen,F15,"Frozen Rack 15, Level: D, Position # 054 -  Back"
F15D055,Frozen,F15,"Frozen Rack 15, Level: D, Position # 055 -  Front"
F15D056,Frozen,F15,"Frozen Rack 15, Level: D, Position # 056 -  Back"
F15D057,Frozen,F15,"Frozen Rack 15, Level: D, Position # 057 -  Front"
F15D058,Frozen,F15,"Frozen Rack 15, Level: D, Position # 058 -  Back"
F15D059,Frozen,F15,"Frozen Rack 15, Level: D, Position # 059 -  Front"
F15D060,Frozen,F15,"Frozen Rack 15, Level: D, Position # 060 -  Back"
F15D061,Frozen,F15,"Frozen Rack 15, Level: D, Position # 061 -  Front"
F15D062,Frozen,F15,"Frozen Rack 15, Level: D, Position # 062 -  Back"
F15D063,Frozen,F15,"Frozen Rack 15, Level: D, Position # 063 -  Front"
F15D064,Frozen,F15,"Frozen Rack 15, Level: D, Position # 064 -  Back"
F15D065,Frozen,F15,"Frozen Rack 15, Level: D, Position # 065 -  Front"
F15D066,Frozen,F15,"Frozen Rack 15, Level: D, Position # 066 -  Back"
F15D067,Frozen,F15,"Frozen Rack 15, Level: D, Position # 067 -  Front"
F15D068,Frozen,F15,"Frozen Rack 15, Level: D, Position # 068 -  Back"
F15D069,Frozen,F15,"Frozen Rack 15, Level: D, Position # 069 -  Front"
F15D070,Frozen,F15,"Frozen Rack 15, Level: D, Position # 070 -  Back"
F15D071,Frozen,F15,"Frozen Rack 15, Level: D, Position # 071 -  Front"
F15D072,Frozen,F15,"Frozen Rack 15, Level: D, Position # 072 -  Back"
F15D073,Frozen,F15,"Frozen Rack 15, Level: D, Position # 073 -  Front"
F15D074,Frozen,F15,"Frozen Rack 15, Level: D, Position # 074 -  Back"
F15D075,Frozen,F15,"Frozen Rack 15, Level: D, Position # 075 -  Front"
F15D076,Frozen,F15,"Frozen Rack 15, Level: D, Position # 076 -  Back"
F15D077,Frozen,F15,"Frozen Rack 15, Level: D, Position # 077 -  Front"
F15D078,Frozen,F15,"Frozen Rack 15, Level: D, Position # 078 -  Back"
F15D079,Frozen,F15,"Frozen Rack 15, Level: D, Position # 079 -  Front"
F15D080,Frozen,F15,"Frozen Rack 15, Level: D, Position # 080 -  Back"
F15D081,Frozen,F15,"Frozen Rack 15, Level: D, Position # 081 -  Front"
F15D082,Frozen,F15,"Frozen Rack 15, Level: D, Position # 082 -  Back"
F15D083,Frozen,F15,"Frozen Rack 15, Level: D, Position # 083 -  Front"
F15D084,Frozen,F15,"Frozen Rack 15, Level: D, Position # 084 -  Back"
F15D085,Frozen,F15,"Frozen Rack 15, Level: D, Position # 085 -  Front"
F15D086,Frozen,F15,"Frozen Rack 15, Level: D, Position # 086 -  Back"
F15D087,Frozen,F15,"Frozen Rack 15, Level: D, Position # 087 -  Front"
F15D088,Frozen,F15,"Frozen Rack 15, Level: D, Position # 088 -  Back"
F15D089,Frozen,F15,"Frozen Rack 15, Level: D, Position # 089 -  Front"
F15D090,Frozen,F15,"Frozen Rack 15, Level: D, Position # 090 -  Back"
F15D091,Frozen,F15,"Frozen Rack 15, Level: D, Position # 091 -  Front"
F15D092,Frozen,F15,"Frozen Rack 15, Level: D, Position # 092 -  Back"
F15D093,Frozen,F15,"Frozen Rack 15, Level: D, Position # 093 -  Front"
F15D094,Frozen,F15,"Frozen Rack 15, Level: D, Position # 094 -  Back"
F15D095,Frozen,F15,"Frozen Rack 15, Level: D, Position # 095 -  Front"
F15D096,Frozen,F15,"Frozen Rack 15, Level: D, Position # 096 -  Back"
F15D097,Frozen,F15,"Frozen Rack 15, Level: D, Position # 097 -  Front"
F15D098,Frozen,F15,"Frozen Rack 15, Level: D, Position # 098 -  Back"
F15D099,Frozen,F15,"Frozen Rack 15, Level: D, Position # 099 -  Front"
F15D100,Frozen,F15,"Frozen Rack 15, Level: D, Position # 100 -  Back"
F15D101,Frozen,F15,"Frozen Rack 15, Level: D, Position # 101 -  Front"
F15D102,Frozen,F15,"Frozen Rack 15, Level: D, Position # 102 -  Back"
F15D103,Frozen,F15,"Frozen Rack 15, Level: D, Position # 103 -  Front"
F15D104,Frozen,F15,"Frozen Rack 15, Level: D, Position # 104 -  Back"
F15D105,Frozen,F15,"Frozen Rack 15, Level: D, Position # 105 -  Front"
F15D106,Frozen,F15,"Frozen Rack 15, Level: D, Position # 106 -  Back"
F15D107,Frozen,F15,"Frozen Rack 15, Level: D, Position # 107 -  Front"
F15D108,Frozen,F15,"Frozen Rack 15, Level: D, Position # 108 -  Back"
F15D109,Frozen,F15,"Frozen Rack 15, Level: D, Position # 109 -  Front"
F15D110,Frozen,F15,"Frozen Rack 15, Level: D, Position # 110 -  Back"
F15D111,Frozen,F15,"Frozen Rack 15, Level: D, Position # 111 -  Front"
F15D112,Frozen,F15,"Frozen Rack 15, Level: D, Position # 112 -  Back"
F15E001,Frozen,F15,"Frozen Rack 15, Level: E, Position # 001 -  Front"
F15E002,Frozen,F15,"Frozen Rack 15, Level: E, Position # 002 -  Back"
F15E003,Frozen,F15,"Frozen Rack 15, Level: E, Position # 003 -  Front"
F15E004,Frozen,F15,"Frozen Rack 15, Level: E, Position # 004 -  Back"
F15E005,Frozen,F15,"Frozen Rack 15, Level: E, Position # 005 -  Front"
F15E006,Frozen,F15,"Frozen Rack 15, Level: E, Position # 006 -  Back"
F15E007,Frozen,F15,"Frozen Rack 15, Level: E, Position # 007 -  Front"
F15E008,Frozen,F15,"Frozen Rack 15, Level: E, Position # 008 -  Back"
F15E009,Frozen,F15,"Frozen Rack 15, Level: E, Position # 009 -  Front"
F15E010,Frozen,F15,"Frozen Rack 15, Level: E, Position # 010 -  Back"
F15E011,Frozen,F15,"Frozen Rack 15, Level: E, Position # 011 -  Front"
F15E012,Frozen,F15,"Frozen Rack 15, Level: E, Position # 012 -  Back"
F15E013,Frozen,F15,"Frozen Rack 15, Level: E, Position # 013 -  Front"
F15E014,Frozen,F15,"Frozen Rack 15, Level: E, Position # 014 -  Back"
F15E015,Frozen,F15,"Frozen Rack 15, Level: E, Position # 015 -  Front"
F15E016,Frozen,F15,"Frozen Rack 15, Level: E, Position # 016 -  Back"
F15E017,Frozen,F15,"Frozen Rack 15, Level: E, Position # 017 -  Front"
F15E018,Frozen,F15,"Frozen Rack 15, Level: E, Position # 018 -  Back"
F15E019,Frozen,F15,"Frozen Rack 15, Level: E, Position # 019 -  Front"
F15E020,Frozen,F15,"Frozen Rack 15, Level: E, Position # 020 -  Back"
F15E021,Frozen,F15,"Frozen Rack 15, Level: E, Position # 021 -  Front"
F15E022,Frozen,F15,"Frozen Rack 15, Level: E, Position # 022 -  Back"
F15E023,Frozen,F15,"Frozen Rack 15, Level: E, Position # 023 -  Front"
F15E024,Frozen,F15,"Frozen Rack 15, Level: E, Position # 024 -  Back"
F15E025,Frozen,F15,"Frozen Rack 15, Level: E, Position # 025 -  Front"
F15E026,Frozen,F15,"Frozen Rack 15, Level: E, Position # 026 -  Back"
F15E027,Frozen,F15,"Frozen Rack 15, Level: E, Position # 027 -  Front"
F15E028,Frozen,F15,"Frozen Rack 15, Level: E, Position # 028 -  Back"
F15E029,Frozen,F15,"Frozen Rack 15, Level: E, Position # 029 -  Front"
F15E030,Frozen,F15,"Frozen Rack 15, Level: E, Position # 030 -  Back"
F15E031,Frozen,F15,"Frozen Rack 15, Level: E, Position # 031 -  Front"
F15E032,Frozen,F15,"Frozen Rack 15, Level: E, Position # 032 -  Back"
F15E033,Frozen,F15,"Frozen Rack 15, Level: E, Position # 033 -  Front"
F15E034,Frozen,F15,"Frozen Rack 15, Level: E, Position # 034 -  Back"
F15E035,Frozen,F15,"Frozen Rack 15, Level: E, Position # 035 -  Front"
F15E036,Frozen,F15,"Frozen Rack 15, Level: E, Position # 036 -  Back"
F15E037,Frozen,F15,"Frozen Rack 15, Level: E, Position # 037 -  Front"
F15E038,Frozen,F15,"Frozen Rack 15, Level: E, Position # 038 -  Back"
F15E039,Frozen,F15,"Frozen Rack 15, Level: E, Position # 039 -  Front"
F15E040,Frozen,F15,"Frozen Rack 15, Level: E, Position # 040 -  Back"
F15E041,Frozen,F15,"Frozen Rack 15, Level: E, Position # 041 -  Front"
F15E042,Frozen,F15,"Frozen Rack 15, Level: E, Position # 042 -  Back"
F15E043,Frozen,F15,"Frozen Rack 15, Level: E, Position # 043 -  Front"
F15E044,Frozen,F15,"Frozen Rack 15, Level: E, Position # 044 -  Back"
F15E045,Frozen,F15,"Frozen Rack 15, Level: E, Position # 045 -  Front"
F15E046,Frozen,F15,"Frozen Rack 15, Level: E, Position # 046 -  Back"
F15E047,Frozen,F15,"Frozen Rack 15, Level: E, Position # 047 -  Front"
F15E048,Frozen,F15,"Frozen Rack 15, Level: E, Position # 048 -  Back"
F15E049,Frozen,F15,"Frozen Rack 15, Level: E, Position # 049 -  Front"
F15E050,Frozen,F15,"Frozen Rack 15, Level: E, Position # 050 -  Back"
F15E051,Frozen,F15,"Frozen Rack 15, Level: E, Position # 051 -  Front"
F15E052,Frozen,F15,"Frozen Rack 15, Level: E, Position # 052 -  Back"
F15E053,Frozen,F15,"Frozen Rack 15, Level: E, Position # 053 -  Front"
F15E054,Frozen,F15,"Frozen Rack 15, Level: E, Position # 054 -  Back"
F15E055,Frozen,F15,"Frozen Rack 15, Level: E, Position # 055 -  Front"
F15E056,Frozen,F15,"Frozen Rack 15, Level: E, Position # 056 -  Back"
F15E057,Frozen,F15,"Frozen Rack 15, Level: E, Position # 057 -  Front"
F15E058,Frozen,F15,"Frozen Rack 15, Level: E, Position # 058 -  Back"
F15E059,Frozen,F15,"Frozen Rack 15, Level: E, Position # 059 -  Front"
F15E060,Frozen,F15,"Frozen Rack 15, Level: E, Position # 060 -  Back"
F15E061,Frozen,F15,"Frozen Rack 15, Level: E, Position # 061 -  Front"
F15E062,Frozen,F15,"Frozen Rack 15, Level: E, Position # 062 -  Back"
F15E063,Frozen,F15,"Frozen Rack 15, Level: E, Position # 063 -  Front"
F15E064,Frozen,F15,"Frozen Rack 15, Level: E, Position # 064 -  Back"
F15E065,Frozen,F15,"Frozen Rack 15, Level: E, Position # 065 -  Front"
F15E066,Frozen,F15,"Frozen Rack 15, Level: E, Position # 066 -  Back"
F15E067,Frozen,F15,"Frozen Rack 15, Level: E, Position # 067 -  Front"
F15E068,Frozen,F15,"Frozen Rack 15, Level: E, Position # 068 -  Back"
F15E069,Frozen,F15,"Frozen Rack 15, Level: E, Position # 069 -  Front"
F15E070,Frozen,F15,"Frozen Rack 15, Level: E, Position # 070 -  Back"
F15E071,Frozen,F15,"Frozen Rack 15, Level: E, Position # 071 -  Front"
F15E072,Frozen,F15,"Frozen Rack 15, Level: E, Position # 072 -  Back"
F15E073,Frozen,F15,"Frozen Rack 15, Level: E, Position # 073 -  Front"
F15E074,Frozen,F15,"Frozen Rack 15, Level: E, Position # 074 -  Back"
F15E075,Frozen,F15,"Frozen Rack 15, Level: E, Position # 075 -  Front"
F15E076,Frozen,F15,"Frozen Rack 15, Level: E, Position # 076 -  Back"
F15E077,Frozen,F15,"Frozen Rack 15, Level: E, Position # 077 -  Front"
F15E078,Frozen,F15,"Frozen Rack 15, Level: E, Position # 078 -  Back"
F15E079,Frozen,F15,"Frozen Rack 15, Level: E, Position # 079 -  Front"
F15E080,Frozen,F15,"Frozen Rack 15, Level: E, Position # 080 -  Back"
F15E081,Frozen,F15,"Frozen Rack 15, Level: E, Position # 081 -  Front"
F15E082,Frozen,F15,"Frozen Rack 15, Level: E, Position # 082 -  Back"
F15E083,Frozen,F15,"Frozen Rack 15, Level: E, Position # 083 -  Front"
F15E084,Frozen,F15,"Frozen Rack 15, Level: E, Position # 084 -  Back"
F15E085,Frozen,F15,"Frozen Rack 15, Level: E, Position # 085 -  Front"
F15E086,Frozen,F15,"Frozen Rack 15, Level: E, Position # 086 -  Back"
F15E087,Frozen,F15,"Frozen Rack 15, Level: E, Position # 087 -  Front"
F15E088,Frozen,F15,"Frozen Rack 15, Level: E, Position # 088 -  Back"
F15E089,Frozen,F15,"Frozen Rack 15, Level: E, Position # 089 -  Front"
F15E090,Frozen,F15,"Frozen Rack 15, Level: E, Position # 090 -  Back"
F15E091,Frozen,F15,"Frozen Rack 15, Level: E, Position # 091 -  Front"
F15E092,Frozen,F15,"Frozen Rack 15, Level: E, Position # 092 -  Back"
F15E093,Frozen,F15,"Frozen Rack 15, Level: E, Position # 093 -  Front"
F15E094,Frozen,F15,"Frozen Rack 15, Level: E, Position # 094 -  Back"
F15E095,Frozen,F15,"Frozen Rack 15, Level: E, Position # 095 -  Front"
F15E096,Frozen,F15,"Frozen Rack 15, Level: E, Position # 096 -  Back"
F15E097,Frozen,F15,"Frozen Rack 15, Level: E, Position # 097 -  Front"
F15E098,Frozen,F15,"Frozen Rack 15, Level: E, Position # 098 -  Back"
F15E099,Frozen,F15,"Frozen Rack 15, Level: E, Position # 099 -  Front"
F15E100,Frozen,F15,"Frozen Rack 15, Level: E, Position # 100 -  Back"
F15E101,Frozen,F15,"Frozen Rack 15, Level: E, Position # 101 -  Front"
F15E102,Frozen,F15,"Frozen Rack 15, Level: E, Position # 102 -  Back"
F15E103,Frozen,F15,"Frozen Rack 15, Level: E, Position # 103 -  Front"
F15E104,Frozen,F15,"Frozen Rack 15, Level: E, Position # 104 -  Back"
F15E105,Frozen,F15,"Frozen Rack 15, Level: E, Position # 105 -  Front"
F15E106,Frozen,F15,"Frozen Rack 15, Level: E, Position # 106 -  Back"
F15E107,Frozen,F15,"Frozen Rack 15, Level: E, Position # 107 -  Front"
F15E108,Frozen,F15,"Frozen Rack 15, Level: E, Position # 108 -  Back"
F15E109,Frozen,F15,"Frozen Rack 15, Level: E, Position # 109 -  Front"
F15E110,Frozen,F15,"Frozen Rack 15, Level: E, Position # 110 -  Back"
F15E111,Frozen,F15,"Frozen Rack 15, Level: E, Position # 111 -  Front"
F15E112,Frozen,F15,"Frozen Rack 15, Level: E, Position # 112 -  Back"
F15F001,Frozen,F15,"Frozen Rack 15, Level: F, Position # 001 -  Front"
F15F002,Frozen,F15,"Frozen Rack 15, Level: F, Position # 002 -  Back"
F15F003,Frozen,F15,"Frozen Rack 15, Level: F, Position # 003 -  Front"
F15F004,Frozen,F15,"Frozen Rack 15, Level: F, Position # 004 -  Back"
F15F005,Frozen,F15,"Frozen Rack 15, Level: F, Position # 005 -  Front"
F15F006,Frozen,F15,"Frozen Rack 15, Level: F, Position # 006 -  Back"
F15F007,Frozen,F15,"Frozen Rack 15, Level: F, Position # 007 -  Front"
F15F008,Frozen,F15,"Frozen Rack 15, Level: F, Position # 008 -  Back"
F15F009,Frozen,F15,"Frozen Rack 15, Level: F, Position # 009 -  Front"
F15F010,Frozen,F15,"Frozen Rack 15, Level: F, Position # 010 -  Back"
F15F011,Frozen,F15,"Frozen Rack 15, Level: F, Position # 011 -  Front"
F15F012,Frozen,F15,"Frozen Rack 15, Level: F, Position # 012 -  Back"
F15F013,Frozen,F15,"Frozen Rack 15, Level: F, Position # 013 -  Front"
F15F014,Frozen,F15,"Frozen Rack 15, Level: F, Position # 014 -  Back"
F15F015,Frozen,F15,"Frozen Rack 15, Level: F, Position # 015 -  Front"
F15F016,Frozen,F15,"Frozen Rack 15, Level: F, Position # 016 -  Back"
F15F017,Frozen,F15,"Frozen Rack 15, Level: F, Position # 017 -  Front"
F15F018,Frozen,F15,"Frozen Rack 15, Level: F, Position # 018 -  Back"
F15F019,Frozen,F15,"Frozen Rack 15, Level: F, Position # 019 -  Front"
F15F020,Frozen,F15,"Frozen Rack 15, Level: F, Position # 020 -  Back"
F15F021,Frozen,F15,"Frozen Rack 15, Level: F, Position # 021 -  Front"
F15F022,Frozen,F15,"Frozen Rack 15, Level: F, Position # 022 -  Back"
F15F023,Frozen,F15,"Frozen Rack 15, Level: F, Position # 023 -  Front"
F15F024,Frozen,F15,"Frozen Rack 15, Level: F, Position # 024 -  Back"
F15F025,Frozen,F15,"Frozen Rack 15, Level: F, Position # 025 -  Front"
F15F026,Frozen,F15,"Frozen Rack 15, Level: F, Position # 026 -  Back"
F15F027,Frozen,F15,"Frozen Rack 15, Level: F, Position # 027 -  Front"
F15F028,Frozen,F15,"Frozen Rack 15, Level: F, Position # 028 -  Back"
F15F029,Frozen,F15,"Frozen Rack 15, Level: F, Position # 029 -  Front"
F15F030,Frozen,F15,"Frozen Rack 15, Level: F, Position # 030 -  Back"
F15F031,Frozen,F15,"Frozen Rack 15, Level: F, Position # 031 -  Front"
F15F032,Frozen,F15,"Frozen Rack 15, Level: F, Position # 032 -  Back"
F15F033,Frozen,F15,"Frozen Rack 15, Level: F, Position # 033 -  Front"
F15F034,Frozen,F15,"Frozen Rack 15, Level: F, Position # 034 -  Back"
F15F035,Frozen,F15,"Frozen Rack 15, Level: F, Position # 035 -  Front"
F15F036,Frozen,F15,"Frozen Rack 15, Level: F, Position # 036 -  Back"
F15F037,Frozen,F15,"Frozen Rack 15, Level: F, Position # 037 -  Front"
F15F038,Frozen,F15,"Frozen Rack 15, Level: F, Position # 038 -  Back"
F15F039,Frozen,F15,"Frozen Rack 15, Level: F, Position # 039 -  Front"
F15F040,Frozen,F15,"Frozen Rack 15, Level: F, Position # 040 -  Back"
F15F041,Frozen,F15,"Frozen Rack 15, Level: F, Position # 041 -  Front"
F15F042,Frozen,F15,"Frozen Rack 15, Level: F, Position # 042 -  Back"
F15F043,Frozen,F15,"Frozen Rack 15, Level: F, Position # 043 -  Front"
F15F044,Frozen,F15,"Frozen Rack 15, Level: F, Position # 044 -  Back"
F15F045,Frozen,F15,"Frozen Rack 15, Level: F, Position # 045 -  Front"
F15F046,Frozen,F15,"Frozen Rack 15, Level: F, Position # 046 -  Back"
F15F047,Frozen,F15,"Frozen Rack 15, Level: F, Position # 047 -  Front"
F15F048,Frozen,F15,"Frozen Rack 15, Level: F, Position # 048 -  Back"
F15F049,Frozen,F15,"Frozen Rack 15, Level: F, Position # 049 -  Front"
F15F050,Frozen,F15,"Frozen Rack 15, Level: F, Position # 050 -  Back"
F15F051,Frozen,F15,"Frozen Rack 15, Level: F, Position # 051 -  Front"
F15F052,Frozen,F15,"Frozen Rack 15, Level: F, Position # 052 -  Back"
F15F053,Frozen,F15,"Frozen Rack 15, Level: F, Position # 053 -  Front"
F15F054,Frozen,F15,"Frozen Rack 15, Level: F, Position # 054 -  Back"
F15F055,Frozen,F15,"Frozen Rack 15, Level: F, Position # 055 -  Front"
F15F056,Frozen,F15,"Frozen Rack 15, Level: F, Position # 056 -  Back"
F15F057,Frozen,F15,"Frozen Rack 15, Level: F, Position # 057 -  Front"
F15F058,Frozen,F15,"Frozen Rack 15, Level: F, Position # 058 -  Back"
F15F059,Frozen,F15,"Frozen Rack 15, Level: F, Position # 059 -  Front"
F15F060,Frozen,F15,"Frozen Rack 15, Level: F, Position # 060 -  Back"
F15F061,Frozen,F15,"Frozen Rack 15, Level: F, Position # 061 -  Front"
F15F062,Frozen,F15,"Frozen Rack 15, Level: F, Position # 062 -  Back"
F15F063,Frozen,F15,"Frozen Rack 15, Level: F, Position # 063 -  Front"
F15F064,Frozen,F15,"Frozen Rack 15, Level: F, Position # 064 -  Back"
F15F065,Frozen,F15,"Frozen Rack 15, Level: F, Position # 065 -  Front"
F15F066,Frozen,F15,"Frozen Rack 15, Level: F, Position # 066 -  Back"
F15F067,Frozen,F15,"Frozen Rack 15, Level: F, Position # 067 -  Front"
F15F068,Frozen,F15,"Frozen Rack 15, Level: F, Position # 068 -  Back"
F15F069,Frozen,F15,"Frozen Rack 15, Level: F, Position # 069 -  Front"
F15F070,Frozen,F15,"Frozen Rack 15, Level: F, Position # 070 -  Back"
F15F071,Frozen,F15,"Frozen Rack 15, Level: F, Position # 071 -  Front"
F15F072,Frozen,F15,"Frozen Rack 15, Level: F, Position # 072 -  Back"
F15F073,Frozen,F15,"Frozen Rack 15, Level: F, Position # 073 -  Front"
F15F074,Frozen,F15,"Frozen Rack 15, Level: F, Position # 074 -  Back"
F15F075,Frozen,F15,"Frozen Rack 15, Level: F, Position # 075 -  Front"
F15F076,Frozen,F15,"Frozen Rack 15, Level: F, Position # 076 -  Back"
F15F077,Frozen,F15,"Frozen Rack 15, Level: F, Position # 077 -  Front"
F15F078,Frozen,F15,"Frozen Rack 15, Level: F, Position # 078 -  Back"
F15F079,Frozen,F15,"Frozen Rack 15, Level: F, Position # 079 -  Front"
F15F080,Frozen,F15,"Frozen Rack 15, Level: F, Position # 080 -  Back"
F15F081,Frozen,F15,"Frozen Rack 15, Level: F, Position # 081 -  Front"
F15F082,Frozen,F15,"Frozen Rack 15, Level: F, Position # 082 -  Back"
F15F083,Frozen,F15,"Frozen Rack 15, Level: F, Position # 083 -  Front"
F15F084,Frozen,F15,"Frozen Rack 15, Level: F, Position # 084 -  Back"
F15F085,Frozen,F15,"Frozen Rack 15, Level: F, Position # 085 -  Front"
F15F086,Frozen,F15,"Frozen Rack 15, Level: F, Position # 086 -  Back"
F15F087,Frozen,F15,"Frozen Rack 15, Level: F, Position # 087 -  Front"
F15F088,Frozen,F15,"Frozen Rack 15, Level: F, Position # 088 -  Back"
F15F089,Frozen,F15,"Frozen Rack 15, Level: F, Position # 089 -  Front"
F15F090,Frozen,F15,"Frozen Rack 15, Level: F, Position # 090 -  Back"
F15F091,Frozen,F15,"Frozen Rack 15, Level: F, Position # 091 -  Front"
F15F092,Frozen,F15,"Frozen Rack 15, Level: F, Position # 092 -  Back"
F15F093,Frozen,F15,"Frozen Rack 15, Level: F, Position # 093 -  Front"
F15F094,Frozen,F15,"Frozen Rack 15, Level: F, Position # 094 -  Back"
F15F095,Frozen,F15,"Frozen Rack 15, Level: F, Position # 095 -  Front"
F15F096,Frozen,F15,"Frozen Rack 15, Level: F, Position # 096 -  Back"
F15F097,Frozen,F15,"Frozen Rack 15, Level: F, Position # 097 -  Front"
F15F098,Frozen,F15,"Frozen Rack 15, Level: F, Position # 098 -  Back"
F15F099,Frozen,F15,"Frozen Rack 15, Level: F, Position # 099 -  Front"
F15F100,Frozen,F15,"Frozen Rack 15, Level: F, Position # 100 -  Back"
F15F101,Frozen,F15,"Frozen Rack 15, Level: F, Position # 101 -  Front"
F15F102,Frozen,F15,"Frozen Rack 15, Level: F, Position # 102 -  Back"
F15F103,Frozen,F15,"Frozen Rack 15, Level: F, Position # 103 -  Front"
F15F104,Frozen,F15,"Frozen Rack 15, Level: F, Position # 104 -  Back"
F15F105,Frozen,F15,"Frozen Rack 15, Level: F, Position # 105 -  Front"
F15F106,Frozen,F15,"Frozen Rack 15, Level: F, Position # 106 -  Back"
F15F107,Frozen,F15,"Frozen Rack 15, Level: F, Position # 107 -  Front"
F15F108,Frozen,F15,"Frozen Rack 15, Level: F, Position # 108 -  Back"
F15F109,Frozen,F15,"Frozen Rack 15, Level: F, Position # 109 -  Front"
F15F110,Frozen,F15,"Frozen Rack 15, Level: F, Position # 110 -  Back"
F15F111,Frozen,F15,"Frozen Rack 15, Level: F, Position # 111 -  Front"
F15F112,Frozen,F15,"Frozen Rack 15, Level: F, Position # 112 -  Back"
F16A001,Frozen,F16,"Frozen Rack 16, Level: A, Position # 001 -  Front"
F16A002,Frozen,F16,"Frozen Rack 16, Level: A, Position # 002 -  Back"
F16A003,Frozen,F16,"Frozen Rack 16, Level: A, Position # 003 -  Front"
F16A004,Frozen,F16,"Frozen Rack 16, Level: A, Position # 004 -  Back"
F16A005,Frozen,F16,"Frozen Rack 16, Level: A, Position # 005 -  Front"
F16A006,Frozen,F16,"Frozen Rack 16, Level: A, Position # 006 -  Back"
F16A007,Frozen,F16,"Frozen Rack 16, Level: A, Position # 007 -  Front"
F16A008,Frozen,F16,"Frozen Rack 16, Level: A, Position # 008 -  Back"
F16A009,Frozen,F16,"Frozen Rack 16, Level: A, Position # 009 -  Front"
F16A010,Frozen,F16,"Frozen Rack 16, Level: A, Position # 010 -  Back"
F16A011,Frozen,F16,"Frozen Rack 16, Level: A, Position # 011 -  Front"
F16A012,Frozen,F16,"Frozen Rack 16, Level: A, Position # 012 -  Back"
F16A019,Frozen,F16,"Frozen Rack 16, Level: A, Position # 019 -  Front"
F16A020,Frozen,F16,"Frozen Rack 16, Level: A, Position # 020 -  Back"
F16A021,Frozen,F16,"Frozen Rack 16, Level: A, Position # 021 -  Front"
F16A022,Frozen,F16,"Frozen Rack 16, Level: A, Position # 022 -  Back"
F16A023,Frozen,F16,"Frozen Rack 16, Level: A, Position # 023 -  Front"
F16A024,Frozen,F16,"Frozen Rack 16, Level: A, Position # 024 -  Back"
F16A025,Frozen,F16,"Frozen Rack 16, Level: A, Position # 025 -  Front"
F16A026,Frozen,F16,"Frozen Rack 16, Level: A, Position # 026 -  Back"
F16A027,Frozen,F16,"Frozen Rack 16, Level: A, Position # 027 -  Front"
F16A028,Frozen,F16,"Frozen Rack 16, Level: A, Position # 028 -  Back"
F16A029,Frozen,F16,"Frozen Rack 16, Level: A, Position # 029 -  Front"
F16A030,Frozen,F16,"Frozen Rack 16, Level: A, Position # 030 -  Back"
F16A031,Frozen,F16,"Frozen Rack 16, Level: A, Position # 031 -  Front"
F16A032,Frozen,F16,"Frozen Rack 16, Level: A, Position # 032 -  Back"
F16A033,Frozen,F16,"Frozen Rack 16, Level: A, Position # 033 -  Front"
F16A034,Frozen,F16,"Frozen Rack 16, Level: A, Position # 034 -  Back"
F16A035,Frozen,F16,"Frozen Rack 16, Level: A, Position # 035 -  Front"
F16A036,Frozen,F16,"Frozen Rack 16, Level: A, Position # 036 -  Back"
F16A037,Frozen,F16,"Frozen Rack 16, Level: A, Position # 037 -  Front"
F16A038,Frozen,F16,"Frozen Rack 16, Level: A, Position # 038 -  Back"
F16A039,Frozen,F16,"Frozen Rack 16, Level: A, Position # 039 -  Front"
F16A040,Frozen,F16,"Frozen Rack 16, Level: A, Position # 040 -  Back"
F16A041,Frozen,F16,"Frozen Rack 16, Level: A, Position # 041 -  Front"
F16A042,Frozen,F16,"Frozen Rack 16, Level: A, Position # 042 -  Back"
F16A043,Frozen,F16,"Frozen Rack 16, Level: A, Position # 043 -  Front"
F16A044,Frozen,F16,"Frozen Rack 16, Level: A, Position # 044 -  Back"
F16A045,Frozen,F16,"Frozen Rack 16, Level: A, Position # 045 -  Front"
F16A046,Frozen,F16,"Frozen Rack 16, Level: A, Position # 046 -  Back"
F16A047,Frozen,F16,"Frozen Rack 16, Level: A, Position # 047 -  Front"
F16A048,Frozen,F16,"Frozen Rack 16, Level: A, Position # 048 -  Back"
F16A049,Frozen,F16,"Frozen Rack 16, Level: A, Position # 049 -  Front"
F16A050,Frozen,F16,"Frozen Rack 16, Level: A, Position # 050 -  Back"
F16A051,Frozen,F16,"Frozen Rack 16, Level: A, Position # 051 -  Front"
F16A052,Frozen,F16,"Frozen Rack 16, Level: A, Position # 052 -  Back"
F16A053,Frozen,F16,"Frozen Rack 16, Level: A, Position # 053 -  Front"
F16A054,Frozen,F16,"Frozen Rack 16, Level: A, Position # 054 -  Back"
F16A061,Frozen,F16,"Frozen Rack 16, Level: A, Position # 061 -  Front"
F16A062,Frozen,F16,"Frozen Rack 16, Level: A, Position # 062 -  Back"
F16A063,Frozen,F16,"Frozen Rack 16, Level: A, Position # 063 -  Front"
F16A064,Frozen,F16,"Frozen Rack 16, Level: A, Position # 064 -  Back"
F16A065,Frozen,F16,"Frozen Rack 16, Level: A, Position # 065 -  Front"
F16A066,Frozen,F16,"Frozen Rack 16, Level: A, Position # 066 -  Back"
F16A067,Frozen,F16,"Frozen Rack 16, Level: A, Position # 067 -  Front"
F16A068,Frozen,F16,"Frozen Rack 16, Level: A, Position # 068 -  Back"
F16A069,Frozen,F16,"Frozen Rack 16, Level: A, Position # 069 -  Front"
F16A070,Frozen,F16,"Frozen Rack 16, Level: A, Position # 070 -  Back"
F16A071,Frozen,F16,"Frozen Rack 16, Level: A, Position # 071 -  Front"
F16A072,Frozen,F16,"Frozen Rack 16, Level: A, Position # 072 -  Back"
F16A073,Frozen,F16,"Frozen Rack 16, Level: A, Position # 073 -  Front"
F16A074,Frozen,F16,"Frozen Rack 16, Level: A, Position # 074 -  Back"
F16A075,Frozen,F16,"Frozen Rack 16, Level: A, Position # 075 -  Front"
F16A076,Frozen,F16,"Frozen Rack 16, Level: A, Position # 076 -  Back"
F16A077,Frozen,F16,"Frozen Rack 16, Level: A, Position # 077 -  Front"
F16A078,Frozen,F16,"Frozen Rack 16, Level: A, Position # 078 -  Back"
F16A079,Frozen,F16,"Frozen Rack 16, Level: A, Position # 079 -  Front"
F16A080,Frozen,F16,"Frozen Rack 16, Level: A, Position # 080 -  Back"
F16A081,Frozen,F16,"Frozen Rack 16, Level: A, Position # 081 -  Front"
F16A082,Frozen,F16,"Frozen Rack 16, Level: A, Position # 082 -  Back"
F16A083,Frozen,F16,"Frozen Rack 16, Level: A, Position # 083 -  Front"
F16A084,Frozen,F16,"Frozen Rack 16, Level: A, Position # 084 -  Back"
F16A085,Frozen,F16,"Frozen Rack 16, Level: A, Position # 085 -  Front"
F16A086,Frozen,F16,"Frozen Rack 16, Level: A, Position # 086 -  Back"
F16A087,Frozen,F16,"Frozen Rack 16, Level: A, Position # 087 -  Front"
F16A088,Frozen,F16,"Frozen Rack 16, Level: A, Position # 088 -  Back"
F16A089,Frozen,F16,"Frozen Rack 16, Level: A, Position # 089 -  Front"
F16A090,Frozen,F16,"Frozen Rack 16, Level: A, Position # 090 -  Back"
F16A091,Frozen,F16,"Frozen Rack 16, Level: A, Position # 091 -  Front"
F16A092,Frozen,F16,"Frozen Rack 16, Level: A, Position # 092 -  Back"
F16A093,Frozen,F16,"Frozen Rack 16, Level: A, Position # 093 -  Front"
F16A094,Frozen,F16,"Frozen Rack 16, Level: A, Position # 094 -  Back"
F16A095,Frozen,F16,"Frozen Rack 16, Level: A, Position # 095 -  Front"
F16A096,Frozen,F16,"Frozen Rack 16, Level: A, Position # 096 -  Back"
F16A103,Frozen,F16,"Frozen Rack 16, Level: A, Position # 103 -  Front"
F16A104,Frozen,F16,"Frozen Rack 16, Level: A, Position # 104 -  Back"
F16A105,Frozen,F16,"Frozen Rack 16, Level: A, Position # 105 -  Front"
F16A106,Frozen,F16,"Frozen Rack 16, Level: A, Position # 106 -  Back"
F16A107,Frozen,F16,"Frozen Rack 16, Level: A, Position # 107 -  Front"
F16A108,Frozen,F16,"Frozen Rack 16, Level: A, Position # 108 -  Back"
F16A109,Frozen,F16,"Frozen Rack 16, Level: A, Position # 109 -  Front"
F16A110,Frozen,F16,"Frozen Rack 16, Level: A, Position # 110 -  Back"
F16A111,Frozen,F16,"Frozen Rack 16, Level: A, Position # 111 -  Front"
F16A112,Frozen,F16,"Frozen Rack 16, Level: A, Position # 112 -  Back"
F16B001,Frozen,F16,"Frozen Rack 16, Level: B, Position # 001 -  Front"
F16B002,Frozen,F16,"Frozen Rack 16, Level: B, Position # 002 -  Back"
F16B003,Frozen,F16,"Frozen Rack 16, Level: B, Position # 003 -  Front"
F16B004,Frozen,F16,"Frozen Rack 16, Level: B, Position # 004 -  Back"
F16B005,Frozen,F16,"Frozen Rack 16, Level: B, Position # 005 -  Front"
F16B006,Frozen,F16,"Frozen Rack 16, Level: B, Position # 006 -  Back"
F16B007,Frozen,F16,"Frozen Rack 16, Level: B, Position # 007 -  Front"
F16B008,Frozen,F16,"Frozen Rack 16, Level: B, Position # 008 -  Back"
F16B009,Frozen,F16,"Frozen Rack 16, Level: B, Position # 009 -  Front"
F16B010,Frozen,F16,"Frozen Rack 16, Level: B, Position # 010 -  Back"
F16B011,Frozen,F16,"Frozen Rack 16, Level: B, Position # 011 -  Front"
F16B012,Frozen,F16,"Frozen Rack 16, Level: B, Position # 012 -  Back"
F16B019,Frozen,F16,"Frozen Rack 16, Level: B, Position # 019 -  Front"
F16B020,Frozen,F16,"Frozen Rack 16, Level: B, Position # 020 -  Back"
F16B021,Frozen,F16,"Frozen Rack 16, Level: B, Position # 021 -  Front"
F16B022,Frozen,F16,"Frozen Rack 16, Level: B, Position # 022 -  Back"
F16B023,Frozen,F16,"Frozen Rack 16, Level: B, Position # 023 -  Front"
F16B024,Frozen,F16,"Frozen Rack 16, Level: B, Position # 024 -  Back"
F16B025,Frozen,F16,"Frozen Rack 16, Level: B, Position # 025 -  Front"
F16B026,Frozen,F16,"Frozen Rack 16, Level: B, Position # 026 -  Back"
F16B027,Frozen,F16,"Frozen Rack 16, Level: B, Position # 027 -  Front"
F16B028,Frozen,F16,"Frozen Rack 16, Level: B, Position # 028 -  Back"
F16B029,Frozen,F16,"Frozen Rack 16, Level: B, Position # 029 -  Front"
F16B030,Frozen,F16,"Frozen Rack 16, Level: B, Position # 030 -  Back"
F16B031,Frozen,F16,"Frozen Rack 16, Level: B, Position # 031 -  Front"
F16B032,Frozen,F16,"Frozen Rack 16, Level: B, Position # 032 -  Back"
F16B033,Frozen,F16,"Frozen Rack 16, Level: B, Position # 033 -  Front"
F16B034,Frozen,F16,"Frozen Rack 16, Level: B, Position # 034 -  Back"
F16B035,Frozen,F16,"Frozen Rack 16, Level: B, Position # 035 -  Front"
F16B036,Frozen,F16,"Frozen Rack 16, Level: B, Position # 036 -  Back"
F16B037,Frozen,F16,"Frozen Rack 16, Level: B, Position # 037 -  Front"
F16B038,Frozen,F16,"Frozen Rack 16, Level: B, Position # 038 -  Back"
F16B039,Frozen,F16,"Frozen Rack 16, Level: B, Position # 039 -  Front"
F16B040,Frozen,F16,"Frozen Rack 16, Level: B, Position # 040 -  Back"
F16B041,Frozen,F16,"Frozen Rack 16, Level: B, Position # 041 -  Front"
F16B042,Frozen,F16,"Frozen Rack 16, Level: B, Position # 042 -  Back"
F16B043,Frozen,F16,"Frozen Rack 16, Level: B, Position # 043 -  Front"
F16B044,Frozen,F16,"Frozen Rack 16, Level: B, Position # 044 -  Back"
F16B045,Frozen,F16,"Frozen Rack 16, Level: B, Position # 045 -  Front"
F16B046,Frozen,F16,"Frozen Rack 16, Level: B, Position # 046 -  Back"
F16B047,Frozen,F16,"Frozen Rack 16, Level: B, Position # 047 -  Front"
F16B048,Frozen,F16,"Frozen Rack 16, Level: B, Position # 048 -  Back"
F16B049,Frozen,F16,"Frozen Rack 16, Level: B, Position # 049 -  Front"
F16B050,Frozen,F16,"Frozen Rack 16, Level: B, Position # 050 -  Back"
F16B051,Frozen,F16,"Frozen Rack 16, Level: B, Position # 051 -  Front"
F16B052,Frozen,F16,"Frozen Rack 16, Level: B, Position # 052 -  Back"
F16B053,Frozen,F16,"Frozen Rack 16, Level: B, Position # 053 -  Front"
F16B054,Frozen,F16,"Frozen Rack 16, Level: B, Position # 054 -  Back"
F16B061,Frozen,F16,"Frozen Rack 16, Level: B, Position # 061 -  Front"
F16B062,Frozen,F16,"Frozen Rack 16, Level: B, Position # 062 -  Back"
F16B063,Frozen,F16,"Frozen Rack 16, Level: B, Position # 063 -  Front"
F16B064,Frozen,F16,"Frozen Rack 16, Level: B, Position # 064 -  Back"
F16B065,Frozen,F16,"Frozen Rack 16, Level: B, Position # 065 -  Front"
F16B066,Frozen,F16,"Frozen Rack 16, Level: B, Position # 066 -  Back"
F16B067,Frozen,F16,"Frozen Rack 16, Level: B, Position # 067 -  Front"
F16B068,Frozen,F16,"Frozen Rack 16, Level: B, Position # 068 -  Back"
F16B069,Frozen,F16,"Frozen Rack 16, Level: B, Position # 069 -  Front"
F16B070,Frozen,F16,"Frozen Rack 16, Level: B, Position # 070 -  Back"
F16B071,Frozen,F16,"Frozen Rack 16, Level: B, Position # 071 -  Front"
F16B072,Frozen,F16,"Frozen Rack 16, Level: B, Position # 072 -  Back"
F16B073,Frozen,F16,"Frozen Rack 16, Level: B, Position # 073 -  Front"
F16B074,Frozen,F16,"Frozen Rack 16, Level: B, Position # 074 -  Back"
F16B075,Frozen,F16,"Frozen Rack 16, Level: B, Position # 075 -  Front"
F16B076,Frozen,F16,"Frozen Rack 16, Level: B, Position # 076 -  Back"
F16B077,Frozen,F16,"Frozen Rack 16, Level: B, Position # 077 -  Front"
F16B078,Frozen,F16,"Frozen Rack 16, Level: B, Position # 078 -  Back"
F16B079,Frozen,F16,"Frozen Rack 16, Level: B, Position # 079 -  Front"
F16B080,Frozen,F16,"Frozen Rack 16, Level: B, Position # 080 -  Back"
F16B081,Frozen,F16,"Frozen Rack 16, Level: B, Position # 081 -  Front"
F16B082,Frozen,F16,"Frozen Rack 16, Level: B, Position # 082 -  Back"
F16B083,Frozen,F16,"Frozen Rack 16, Level: B, Position # 083 -  Front"
F16B084,Frozen,F16,"Frozen Rack 16, Level: B, Position # 084 -  Back"
F16B085,Frozen,F16,"Frozen Rack 16, Level: B, Position # 085 -  Front"
F16B086,Frozen,F16,"Frozen Rack 16, Level: B, Position # 086 -  Back"
F16B087,Frozen,F16,"Frozen Rack 16, Level: B, Position # 087 -  Front"
F16B088,Frozen,F16,"Frozen Rack 16, Level: B, Position # 088 -  Back"
F16B089,Frozen,F16,"Frozen Rack 16, Level: B, Position # 089 -  Front"
F16B090,Frozen,F16,"Frozen Rack 16, Level: B, Position # 090 -  Back"
F16B091,Frozen,F16,"Frozen Rack 16, Level: B, Position # 091 -  Front"
F16B092,Frozen,F16,"Frozen Rack 16, Level: B, Position # 092 -  Back"
F16B093,Frozen,F16,"Frozen Rack 16, Level: B, Position # 093 -  Front"
F16B094,Frozen,F16,"Frozen Rack 16, Level: B, Position # 094 -  Back"
F16B095,Frozen,F16,"Frozen Rack 16, Level: B, Position # 095 -  Front"
F16B096,Frozen,F16,"Frozen Rack 16, Level: B, Position # 096 -  Back"
F16B103,Frozen,F16,"Frozen Rack 16, Level: B, Position # 103 -  Front"
F16B104,Frozen,F16,"Frozen Rack 16, Level: B, Position # 104 -  Back"
F16B105,Frozen,F16,"Frozen Rack 16, Level: B, Position # 105 -  Front"
F16B106,Frozen,F16,"Frozen Rack 16, Level: B, Position # 106 -  Back"
F16B107,Frozen,F16,"Frozen Rack 16, Level: B, Position # 107 -  Front"
F16B108,Frozen,F16,"Frozen Rack 16, Level: B, Position # 108 -  Back"
F16B109,Frozen,F16,"Frozen Rack 16, Level: B, Position # 109 -  Front"
F16B110,Frozen,F16,"Frozen Rack 16, Level: B, Position # 110 -  Back"
F16B111,Frozen,F16,"Frozen Rack 16, Level: B, Position # 111 -  Front"
F16B112,Frozen,F16,"Frozen Rack 16, Level: B, Position # 112 -  Back"
F16C001,Frozen,F16,"Frozen Rack 16, Level: C, Position # 001 -  Front"
F16C002,Frozen,F16,"Frozen Rack 16, Level: C, Position # 002 -  Back"
F16C003,Frozen,F16,"Frozen Rack 16, Level: C, Position # 003 -  Front"
F16C004,Frozen,F16,"Frozen Rack 16, Level: C, Position # 004 -  Back"
F16C005,Frozen,F16,"Frozen Rack 16, Level: C, Position # 005 -  Front"
F16C006,Frozen,F16,"Frozen Rack 16, Level: C, Position # 006 -  Back"
F16C007,Frozen,F16,"Frozen Rack 16, Level: C, Position # 007 -  Front"
F16C008,Frozen,F16,"Frozen Rack 16, Level: C, Position # 008 -  Back"
F16C009,Frozen,F16,"Frozen Rack 16, Level: C, Position # 009 -  Front"
F16C010,Frozen,F16,"Frozen Rack 16, Level: C, Position # 010 -  Back"
F16C011,Frozen,F16,"Frozen Rack 16, Level: C, Position # 011 -  Front"
F16C012,Frozen,F16,"Frozen Rack 16, Level: C, Position # 012 -  Back"
F16C013,Frozen,F16,"Frozen Rack 16 , Level: C, Position # 013 - Front"
F16C014,Frozen,F16,"Frozen Rack 16 , Level: C, Position # 014 - Back"
F16C015,Frozen,F16,"Frozen Rack 16 , Level: C, Position # 015 - Front"
F16C016,Frozen,F16,"Frozen Rack 16 , Level: C, Position # 016 - Back"
F16C017,Frozen,F16,"Frozen Rack 16 , Level: C, Position # 017 - Front"
F16C018,Frozen,F16,"Frozen Rack 16 , Level: C, Position # 018 - Back"
F16C019,Frozen,F16,"Frozen Rack 16, Level: C, Position # 019 -  Front"
F16C020,Frozen,F16,"Frozen Rack 16, Level: C, Position # 020 -  Back"
F16C021,Frozen,F16,"Frozen Rack 16, Level: C, Position # 021 -  Front"
F16C022,Frozen,F16,"Frozen Rack 16, Level: C, Position # 022 -  Back"
F16C023,Frozen,F16,"Frozen Rack 16, Level: C, Position # 023 -  Front"
F16C024,Frozen,F16,"Frozen Rack 16, Level: C, Position # 024 -  Back"
F16C025,Frozen,F16,"Frozen Rack 16, Level: C, Position # 025 -  Front"
F16C026,Frozen,F16,"Frozen Rack 16, Level: C, Position # 026 -  Back"
F16C027,Frozen,F16,"Frozen Rack 16, Level: C, Position # 027 -  Front"
F16C028,Frozen,F16,"Frozen Rack 16, Level: C, Position # 028 -  Back"
F16C029,Frozen,F16,"Frozen Rack 16, Level: C, Position # 029 -  Front"
F16C030,Frozen,F16,"Frozen Rack 16, Level: C, Position # 030 -  Back"
F16C031,Frozen,F16,"Frozen Rack 16, Level: C, Position # 031 -  Front"
F16C032,Frozen,F16,"Frozen Rack 16, Level: C, Position # 032 -  Back"
F16C033,Frozen,F16,"Frozen Rack 16, Level: C, Position # 033 -  Front"
F16C034,Frozen,F16,"Frozen Rack 16, Level: C, Position # 034 -  Back"
F16C035,Frozen,F16,"Frozen Rack 16, Level: C, Position # 035 -  Front"
F16C036,Frozen,F16,"Frozen Rack 16, Level: C, Position # 036 -  Back"
F16C037,Frozen,F16,"Frozen Rack 16, Level: C, Position # 037 -  Front"
F16C038,Frozen,F16,"Frozen Rack 16, Level: C, Position # 038 -  Back"
F16C039,Frozen,F16,"Frozen Rack 16, Level: C, Position # 039 -  Front"
F16C040,Frozen,F16,"Frozen Rack 16, Level: C, Position # 040 -  Back"
F16C041,Frozen,F16,"Frozen Rack 16, Level: C, Position # 041 -  Front"
F16C042,Frozen,F16,"Frozen Rack 16, Level: C, Position # 042 -  Back"
F16C043,Frozen,F16,"Frozen Rack 16, Level: C, Position # 043 -  Front"
F16C044,Frozen,F16,"Frozen Rack 16, Level: C, Position # 044 -  Back"
F16C045,Frozen,F16,"Frozen Rack 16, Level: C, Position # 045 -  Front"
F16C046,Frozen,F16,"Frozen Rack 16, Level: C, Position # 046 -  Back"
F16C047,Frozen,F16,"Frozen Rack 16, Level: C, Position # 047 -  Front"
F16C048,Frozen,F16,"Frozen Rack 16, Level: C, Position # 048 -  Back"
F16C049,Frozen,F16,"Frozen Rack 16, Level: C, Position # 049 -  Front"
F16C050,Frozen,F16,"Frozen Rack 16, Level: C, Position # 050 -  Back"
F16C051,Frozen,F16,"Frozen Rack 16, Level: C, Position # 051 -  Front"
F16C052,Frozen,F16,"Frozen Rack 16, Level: C, Position # 052 -  Back"
F16C053,Frozen,F16,"Frozen Rack 16, Level: C, Position # 053 -  Front"
F16C054,Frozen,F16,"Frozen Rack 16, Level: C, Position # 054 -  Back"
F16C055,Frozen,F16,"Frozen Rack 16, level: C, Position # 55 - Front"
F16C056,Frozen,F16,"Frozen Rack 16 , Level: C, Position # 056 - Back"
F16C057,Frozen,F16,"Frozen Rack 16 , Level: C, Position # 057 - Front"
F16C058,Frozen,F16,"Frozen Rack 16 , Level: C, Position # 058 - Back"
F16C059,Frozen,F16,"Frozen Rack 16 , Level: C, Position # 059 - Front"
F16C060,Frozen,F16,"Frozen Rack 16 , Level: C, Position # 060 - Back"
F16C061,Frozen,F16,"Frozen Rack 16, Level: C, Position # 061 -  Front"
F16C062,Frozen,F16,"Frozen Rack 16, Level: C, Position # 062 -  Back"
F16C063,Frozen,F16,"Frozen Rack 16, Level: C, Position # 063 -  Front"
F16C064,Frozen,F16,"Frozen Rack 16, Level: C, Position # 064 -  Back"
F16C065,Frozen,F16,"Frozen Rack 16, Level: C, Position # 065 -  Front"
F16C066,Frozen,F16,"Frozen Rack 16, Level: C, Position # 066 -  Back"
F16C067,Frozen,F16,"Frozen Rack 16, Level: C, Position # 067 -  Front"
F16C068,Frozen,F16,"Frozen Rack 16, Level: C, Position # 068 -  Back"
F16C069,Frozen,F16,"Frozen Rack 16, Level: C, Position # 069 -  Front"
F16C070,Frozen,F16,"Frozen Rack 16, Level: C, Position # 070 -  Back"
F16C071,Frozen,F16,"Frozen Rack 16, Level: C, Position # 071 -  Front"
F16C072,Frozen,F16,"Frozen Rack 16, Level: C, Position # 072 -  Back"
F16C073,Frozen,F16,"Frozen Rack 16, Level: C, Position # 073 -  Front"
F16C074,Frozen,F16,"Frozen Rack 16, Level: C, Position # 074 -  Back"
F16C075,Frozen,F16,"Frozen Rack 16, Level: C, Position # 075 -  Front"
F16C076,Frozen,F16,"Frozen Rack 16, Level: C, Position # 076 -  Back"
F16C077,Frozen,F16,"Frozen Rack 16, Level: C, Position # 077 -  Front"
F16C078,Frozen,F16,"Frozen Rack 16, Level: C, Position # 078 -  Back"
F16C079,Frozen,F16,"Frozen Rack 16, Level: C, Position # 079 -  Front"
F16C080,Frozen,F16,"Frozen Rack 16, Level: C, Position # 080 -  Back"
F16C081,Frozen,F16,"Frozen Rack 16, Level: C, Position # 081 -  Front"
F16C082,Frozen,F16,"Frozen Rack 16, Level: C, Position # 082 -  Back"
F16C083,Frozen,F16,"Frozen Rack 16, Level: C, Position # 083 -  Front"
F16C084,Frozen,F16,"Frozen Rack 16, Level: C, Position # 084 -  Back"
F16C085,Frozen,F16,"Frozen Rack 16, Level: C, Position # 085 -  Front"
F16C086,Frozen,F16,"Frozen Rack 16, Level: C, Position # 086 -  Back"
F16C087,Frozen,F16,"Frozen Rack 16, Level: C, Position # 087 -  Front"
F16C088,Frozen,F16,"Frozen Rack 16, Level: C, Position # 088 -  Back"
F16C089,Frozen,F16,"Frozen Rack 16, Level: C, Position # 089 -  Front"
F16C090,Frozen,F16,"Frozen Rack 16, Level: C, Position # 090 -  Back"
F16C091,Frozen,F16,"Frozen Rack 16, Level: C, Position # 091 -  Front"
F16C092,Frozen,F16,"Frozen Rack 16, Level: C, Position # 092 -  Back"
F16C093,Frozen,F16,"Frozen Rack 16, Level: C, Position # 093 -  Front"
F16C094,Frozen,F16,"Frozen Rack 16, Level: C, Position # 094 -  Back"
F16C095,Frozen,F16,"Frozen Rack 16, Level: C, Position # 095 -  Front"
F16C096,Frozen,F16,"Frozen Rack 16, Level: C, Position # 096 -  Back"
F16C097,Frozen,F16,"Frozen Rack 16, Level: C, Position # 097 -  Front"
F16C098,Frozen,F16,"Frozen Rack 16, Level: C, Position # 098 - Back"
F16C099,Frozen,F16,"Frozen Rack 16, Level: C, Position # 099 -  Front"
F16C100,Frozen,F16,
F16C101,Frozen,F16,"Frozen Rack 16, Level: C, Position # 101 -  Front"
F16C102,Frozen,F16,"Frozen Rack 16, Level: C, Position # 102 -  Back"
F16C103,Frozen,F16,"Frozen Rack 16, Level: C, Position # 103 -  Front"
F16C104,Frozen,F16,"Frozen Rack 16, Level: C, Position # 104 -  Back"
F16C105,Frozen,F16,"Frozen Rack 16, Level: C, Position # 105 -  Front"
F16C106,Frozen,F16,"Frozen Rack 16, Level: C, Position # 106 -  Back"
F16C107,Frozen,F16,"Frozen Rack 16, Level: C, Position # 107 -  Front"
F16C108,Frozen,F16,"Frozen Rack 16, Level: C, Position # 108 -  Back"
F16C109,Frozen,F16,"Frozen Rack 16, Level: C, Position # 109 -  Front"
F16C110,Frozen,F16,"Frozen Rack 16, Level: C, Position # 110 -  Back"
F16C111,Frozen,F16,"Frozen Rack 16, Level: C, Position # 111 -  Front"
F16C112,Frozen,F16,"Frozen Rack 16, Level: C, Position # 112 -  Back"
F16D001,Frozen,F16,"Frozen Rack 16, Level: D, Position # 001 -  Front"
F16D002,Frozen,F16,"Frozen Rack 16, Level: D, Position # 002 -  Back"
F16D003,Frozen,F16,"Frozen Rack 16, Level: D, Position # 003 -  Front"
F16D004,Frozen,F16,"Frozen Rack 16, Level: D, Position # 004 -  Back"
F16D005,Frozen,F16,"Frozen Rack 16, Level: D, Position # 005 -  Front"
F16D006,Frozen,F16,"Frozen Rack 16, Level: D, Position # 006 -  Back"
F16D007,Frozen,F16,"Frozen Rack 16, Level: D, Position # 007 -  Front"
F16D008,Frozen,F16,"Frozen Rack 16, Level: D, Position # 008 -  Back"
F16D009,Frozen,F16,"Frozen Rack 16, Level: D, Position # 009 -  Front"
F16D010,Frozen,F16,"Frozen Rack 16, Level: D, Position # 010 -  Back"
F16D011,Frozen,F16,"Frozen Rack 16, Level: D, Position # 011 -  Front"
F16D012,Frozen,F16,"Frozen Rack 16, Level: D, Position # 012 -  Back"
F16D013,Frozen,F16,"Frozen Rack 16, Level: D, Position # 013 -  Front"
F16D014,Frozen,F16,"Frozen Rack 16, Level: D, Position # 014 -  Back"
F16D015,Frozen,F16,"Frozen Rack 16, Level: D, Position # 015 -  Front"
F16D016,Frozen,F16,"Frozen Rack 16, Level: D, Position # 016 -  Back"
F16D017,Frozen,F16,"Frozen Rack 16, Level: D, Position # 017 -  Front"
F16D018,Frozen,F16,"Frozen Rack 16, Level: D, Position # 018 -  Back"
F16D019,Frozen,F16,"Frozen Rack 16, Level: D, Position # 019 -  Front"
F16D020,Frozen,F16,"Frozen Rack 16, Level: D, Position # 020 -  Back"
F16D021,Frozen,F16,"Frozen Rack 16, Level: D, Position # 021 -  Front"
F16D022,Frozen,F16,"Frozen Rack 16, Level: D, Position # 022 -  Back"
F16D023,Frozen,F16,"Frozen Rack 16, Level: D, Position # 023 -  Front"
F16D024,Frozen,F16,"Frozen Rack 16, Level: D, Position # 024 -  Back"
F16D025,Frozen,F16,"Frozen Rack 16, Level: D, Position # 025 -  Front"
F16D026,Frozen,F16,"Frozen Rack 16, Level: D, Position # 026 -  Back"
F16D027,Frozen,F16,"Frozen Rack 16, Level: D, Position # 027 -  Front"
F16D028,Frozen,F16,"Frozen Rack 16, Level: D, Position # 028 -  Back"
F16D029,Frozen,F16,"Frozen Rack 16, Level: D, Position # 029 -  Front"
F16D030,Frozen,F16,"Frozen Rack 16, Level: D, Position # 030 -  Back"
F16D031,Frozen,F16,"Frozen Rack 16, Level: D, Position # 031 -  Front"
F16D032,Frozen,F16,"Frozen Rack 16, Level: D, Position # 032 -  Back"
F16D033,Frozen,F16,"Frozen Rack 16, Level: D, Position # 033 -  Front"
F16D034,Frozen,F16,"Frozen Rack 16, Level: D, Position # 034 -  Back"
F16D035,Frozen,F16,"Frozen Rack 16, Level: D, Position # 035 -  Front"
F16D036,Frozen,F16,"Frozen Rack 16, Level: D, Position # 036 -  Back"
F16D037,Frozen,F16,"Frozen Rack 16, Level: D, Position # 037 -  Front"
F16D038,Frozen,F16,"Frozen Rack 16, Level: D, Position # 038 -  Back"
F16D039,Frozen,F16,"Frozen Rack 16, Level: D, Position # 039 -  Front"
F16D040,Frozen,F16,"Frozen Rack 16, Level: D, Position # 040 -  Back"
F16D041,Frozen,F16,"Frozen Rack 16, Level: D, Position # 041 -  Front"
F16D042,Frozen,F16,"Frozen Rack 16, Level: D, Position # 042 -  Back"
F16D043,Frozen,F16,"Frozen Rack 16, Level: D, Position # 043 -  Front"
F16D044,Frozen,F16,"Frozen Rack 16, Level: D, Position # 044 -  Back"
F16D045,Frozen,F16,"Frozen Rack 16, Level: D, Position # 045 -  Front"
F16D046,Frozen,F16,"Frozen Rack 16, Level: D, Position # 046 -  Back"
F16D047,Frozen,F16,"Frozen Rack 16, Level: D, Position # 047 -  Front"
F16D048,Frozen,F16,"Frozen Rack 16, Level: D, Position # 048 -  Back"
F16D049,Frozen,F16,"Frozen Rack 16, Level: D, Position # 049 -  Front"
F16D050,Frozen,F16,"Frozen Rack 16, Level: D, Position # 050 -  Back"
F16D051,Frozen,F16,"Frozen Rack 16, Level: D, Position # 051 -  Front"
F16D052,Frozen,F16,"Frozen Rack 16, Level: D, Position # 052 -  Back"
F16D053,Frozen,F16,"Frozen Rack 16, Level: D, Position # 053 -  Front"
F16D054,Frozen,F16,"Frozen Rack 16, Level: D, Position # 054 -  Back"
F16D055,Frozen,F16,"Frozen Rack 16, Level: D, Position # 055 -  Front"
F16D056,Frozen,F16,"Frozen Rack 16, Level: D, Position # 056 -  Back"
F16D057,Frozen,F16,"Frozen Rack 16, Level: D, Position # 057 -  Front"
F16D058,Frozen,F16,"Frozen Rack 16, Level: D, Position # 058 -  Back"
F16D059,Frozen,F16,"Frozen Rack 16, Level: D, Position # 059 -  Front"
F16D060,Frozen,F16,"Frozen Rack 16, Level: D, Position # 060 -  Back"
F16D061,Frozen,F16,"Frozen Rack 16, Level: D, Position # 061 -  Front"
F16D062,Frozen,F16,"Frozen Rack 16, Level: D, Position # 062 -  Back"
F16D063,Frozen,F16,"Frozen Rack 16, Level: D, Position # 063 -  Front"
F16D064,Frozen,F16,"Frozen Rack 16, Level: D, Position # 064 -  Back"
F16D065,Frozen,F16,"Frozen Rack 16, Level: D, Position # 065 -  Front"
F16D066,Frozen,F16,"Frozen Rack 16, Level: D, Position # 066 -  Back"
F16D067,Frozen,F16,"Frozen Rack 16, Level: D, Position # 067 -  Front"
F16D068,Frozen,F16,"Frozen Rack 16, Level: D, Position # 068 -  Back"
F16D069,Frozen,F16,"Frozen Rack 16, Level: D, Position # 069 -  Front"
F16D070,Frozen,F16,"Frozen Rack 16, Level: D, Position # 070 -  Back"
F16D071,Frozen,F16,"Frozen Rack 16, Level: D, Position # 071 -  Front"
F16D072,Frozen,F16,"Frozen Rack 16, Level: D, Position # 072 -  Back"
F16D073,Frozen,F16,"Frozen Rack 16, Level: D, Position # 073 -  Front"
F16D074,Frozen,F16,"Frozen Rack 16, Level: D, Position # 074 -  Back"
F16D075,Frozen,F16,"Frozen Rack 16, Level: D, Position # 075 -  Front"
F16D076,Frozen,F16,"Frozen Rack 16, Level: D, Position # 076 -  Back"
F16D077,Frozen,F16,"Frozen Rack 16, Level: D, Position # 077 -  Front"
F16D078,Frozen,F16,"Frozen Rack 16, Level: D, Position # 078 -  Back"
F16D079,Frozen,F16,"Frozen Rack 16, Level: D, Position # 079 -  Front"
F16D080,Frozen,F16,"Frozen Rack 16, Level: D, Position # 080 -  Back"
F16D081,Frozen,F16,"Frozen Rack 16, Level: D, Position # 081 -  Front"
F16D082,Frozen,F16,"Frozen Rack 16, Level: D, Position # 082 -  Back"
F16D083,Frozen,F16,"Frozen Rack 16, Level: D, Position # 083 -  Front"
F16D084,Frozen,F16,"Frozen Rack 16, Level: D, Position # 084 -  Back"
F16D085,Frozen,F16,"Frozen Rack 16, Level: D, Position # 085 -  Front"
F16D086,Frozen,F16,"Frozen Rack 16, Level: D, Position # 086 -  Back"
F16D087,Frozen,F16,"Frozen Rack 16, Level: D, Position # 087 -  Front"
F16D088,Frozen,F16,"Frozen Rack 16, Level: D, Position # 088 -  Back"
F16D089,Frozen,F16,"Frozen Rack 16, Level: D, Position # 089 -  Front"
F16D090,Frozen,F16,"Frozen Rack 16, Level: D, Position # 090 -  Back"
F16D091,Frozen,F16,"Frozen Rack 16, Level: D, Position # 091 -  Front"
F16D092,Frozen,F16,"Frozen Rack 16, Level: D, Position # 092 -  Back"
F16D093,Frozen,F16,"Frozen Rack 16, Level: D, Position # 093 -  Front"
F16D094,Frozen,F16,"Frozen Rack 16, Level: D, Position # 094 -  Back"
F16D095,Frozen,F16,"Frozen Rack 16, Level: D, Position # 095 -  Front"
F16D096,Frozen,F16,"Frozen Rack 16, Level: D, Position # 096 -  Back"
F16D097,Frozen,F16,"Frozen Rack 16, Level: D, Position # 097 -  Front"
F16D098,Frozen,F16,"Frozen Rack 16, Level: D, Position # 098 -  Back"
F16D099,Frozen,F16,"Frozen Rack 16, Level: D, Position # 099 -  Front"
F16D100,Frozen,F16,"Frozen Rack 16, Level: D, Position # 100 -  Back"
F16D101,Frozen,F16,"Frozen Rack 16, Level: D, Position # 101 -  Front"
F16D102,Frozen,F16,"Frozen Rack 16, Level: D, Position # 102 -  Back"
F16D103,Frozen,F16,"Frozen Rack 16, Level: D, Position # 103 -  Front"
F16D104,Frozen,F16,"Frozen Rack 16, Level: D, Position # 104 -  Back"
F16D105,Frozen,F16,"Frozen Rack 16, Level: D, Position # 105 -  Front"
F16D106,Frozen,F16,"Frozen Rack 16, Level: D, Position # 106 -  Back"
F16D107,Frozen,F16,"Frozen Rack 16, Level: D, Position # 107 -  Front"
F16D108,Frozen,F16,"Frozen Rack 16, Level: D, Position # 108 -  Back"
F16D109,Frozen,F16,"Frozen Rack 16, Level: D, Position # 109 -  Front"
F16D110,Frozen,F16,"Frozen Rack 16, Level: D, Position # 110 -  Back"
F16D111,Frozen,F16,"Frozen Rack 16, Level: D, Position # 111 -  Front"
F16D112,Frozen,F16,"Frozen Rack 16, Level: D, Position # 112 -  Back"
F16E001,Frozen,F16,"Frozen Rack 16, Level: E, Position # 001 -  Front"
F16E002,Frozen,F16,"Frozen Rack 16, Level: E, Position # 002 -  Back"
F16E003,Frozen,F16,"Frozen Rack 16, Level: E, Position # 003 -  Front"
F16E004,Frozen,F16,"Frozen Rack 16, Level: E, Position # 004 -  Back"
F16E005,Frozen,F16,"Frozen Rack 16, Level: E, Position # 005 -  Front"
F16E006,Frozen,F16,"Frozen Rack 16, Level: E, Position # 006 -  Back"
F16E007,Frozen,F16,"Frozen Rack 16, Level: E, Position # 007 -  Front"
F16E008,Frozen,F16,"Frozen Rack 16, Level: E, Position # 008 -  Back"
F16E009,Frozen,F16,"Frozen Rack 16, Level: E, Position # 009 -  Front"
F16E010,Frozen,F16,"Frozen Rack 16, Level: E, Position # 010 -  Back"
F16E011,Frozen,F16,"Frozen Rack 16, Level: E, Position # 011 -  Front"
F16E012,Frozen,F16,"Frozen Rack 16, Level: E, Position # 012 -  Back"
F16E013,Frozen,F16,"Frozen Rack 16, Level: E, Position # 013 -  Front"
F16E014,Frozen,F16,"Frozen Rack 16, Level: E, Position # 014 -  Back"
F16E015,Frozen,F16,"Frozen Rack 16, Level: E, Position # 015 -  Front"
F16E016,Frozen,F16,"Frozen Rack 16, Level: E, Position # 016 -  Back"
F16E017,Frozen,F16,"Frozen Rack 16, Level: E, Position # 017 -  Front"
F16E018,Frozen,F16,"Frozen Rack 16, Level: E, Position # 018 -  Back"
F16E019,Frozen,F16,"Frozen Rack 16, Level: E, Position # 019 -  Front"
F16E020,Frozen,F16,"Frozen Rack 16, Level: E, Position # 020 -  Back"
F16E021,Frozen,F16,"Frozen Rack 16, Level: E, Position # 021 -  Front"
F16E022,Frozen,F16,"Frozen Rack 16, Level: E, Position # 022 -  Back"
F16E023,Frozen,F16,"Frozen Rack 16, Level: E, Position # 023 -  Front"
F16E024,Frozen,F16,"Frozen Rack 16, Level: E, Position # 024 -  Back"
F16E025,Frozen,F16,"Frozen Rack 16, Level: E, Position # 025 -  Front"
F16E026,Frozen,F16,"Frozen Rack 16, Level: E, Position # 026 -  Back"
F16E027,Frozen,F16,"Frozen Rack 16, Level: E, Position # 027 -  Front"
F16E028,Frozen,F16,"Frozen Rack 16, Level: E, Position # 028 -  Back"
F16E029,Frozen,F16,"Frozen Rack 16, Level: E, Position # 029 -  Front"
F16E030,Frozen,F16,"Frozen Rack 16, Level: E, Position # 030 -  Back"
F16E031,Frozen,F16,"Frozen Rack 16, Level: E, Position # 031 -  Front"
F16E032,Frozen,F16,"Frozen Rack 16, Level: E, Position # 032 -  Back"
F16E033,Frozen,F16,"Frozen Rack 16, Level: E, Position # 033 -  Front"
F16E034,Frozen,F16,"Frozen Rack 16, Level: E, Position # 034 -  Back"
F16E035,Frozen,F16,"Frozen Rack 16, Level: E, Position # 035 -  Front"
F16E036,Frozen,F16,"Frozen Rack 16, Level: E, Position # 036 -  Back"
F16E037,Frozen,F16,"Frozen Rack 16, Level: E, Position # 037 -  Front"
F16E038,Frozen,F16,"Frozen Rack 16, Level: E, Position # 038 -  Back"
F16E039,Frozen,F16,"Frozen Rack 16, Level: E, Position # 039 -  Front"
F16E040,Frozen,F16,"Frozen Rack 16, Level: E, Position # 040 -  Back"
F16E041,Frozen,F16,"Frozen Rack 16, Level: E, Position # 041 -  Front"
F16E042,Frozen,F16,"Frozen Rack 16, Level: E, Position # 042 -  Back"
F16E043,Frozen,F16,"Frozen Rack 16, Level: E, Position # 043 -  Front"
F16E044,Frozen,F16,"Frozen Rack 16, Level: E, Position # 044 -  Back"
F16E045,Frozen,F16,"Frozen Rack 16, Level: E, Position # 045 -  Front"
F16E046,Frozen,F16,"Frozen Rack 16, Level: E, Position # 046 -  Back"
F16E047,Frozen,F16,"Frozen Rack 16, Level: E, Position # 047 -  Front"
F16E048,Frozen,F16,"Frozen Rack 16, Level: E, Position # 048 -  Back"
F16E049,Frozen,F16,"Frozen Rack 16, Level: E, Position # 049 -  Front"
F16E050,Frozen,F16,"Frozen Rack 16, Level: E, Position # 050 -  Back"
F16E051,Frozen,F16,"Frozen Rack 16, Level: E, Position # 051 -  Front"
F16E052,Frozen,F16,"Frozen Rack 16, Level: E, Position # 052 -  Back"
F16E053,Frozen,F16,"Frozen Rack 16, Level: E, Position # 053 -  Front"
F16E054,Frozen,F16,"Frozen Rack 16, Level: E, Position # 054 -  Back"
F16E055,Frozen,F16,"Frozen Rack 16, Level: E, Position # 055 -  Front"
F16E056,Frozen,F16,"Frozen Rack 16, Level: E, Position # 056 -  Back"
F16E057,Frozen,F16,"Frozen Rack 16, Level: E, Position # 057 -  Front"
F16E058,Frozen,F16,"Frozen Rack 16, Level: E, Position # 058 -  Back"
F16E059,Frozen,F16,"Frozen Rack 16, Level: E, Position # 059 -  Front"
F16E060,Frozen,F16,"Frozen Rack 16, Level: E, Position # 060 -  Back"
F16E061,Frozen,F16,"Frozen Rack 16, Level: E, Position # 061 -  Front"
F16E062,Frozen,F16,"Frozen Rack 16, Level: E, Position # 062 -  Back"
F16E063,Frozen,F16,"Frozen Rack 16, Level: E, Position # 063 -  Front"
F16E064,Frozen,F16,"Frozen Rack 16, Level: E, Position # 064 -  Back"
F16E065,Frozen,F16,"Frozen Rack 16, Level: E, Position # 065 -  Front"
F16E066,Frozen,F16,"Frozen Rack 16, Level: E, Position # 066 -  Back"
F16E067,Frozen,F16,"Frozen Rack 16, Level: E, Position # 067 -  Front"
F16E068,Frozen,F16,"Frozen Rack 16, Level: E, Position # 068 -  Back"
F16E069,Frozen,F16,"Frozen Rack 16, Level: E, Position # 069 -  Front"
F16E070,Frozen,F16,"Frozen Rack 16, Level: E, Position # 070 -  Back"
F16E071,Frozen,F16,"Frozen Rack 16, Level: E, Position # 071 -  Front"
F16E072,Frozen,F16,"Frozen Rack 16, Level: E, Position # 072 -  Back"
F16E073,Frozen,F16,"Frozen Rack 16, Level: E, Position # 073 -  Front"
F16E074,Frozen,F16,"Frozen Rack 16, Level: E, Position # 074 -  Back"
F16E075,Frozen,F16,"Frozen Rack 16, Level: E, Position # 075 -  Front"
F16E076,Frozen,F16,"Frozen Rack 16, Level: E, Position # 076 -  Back"
F16E077,Frozen,F16,"Frozen Rack 16, Level: E, Position # 077 -  Front"
F16E078,Frozen,F16,"Frozen Rack 16, Level: E, Position # 078 -  Back"
F16E079,Frozen,F16,"Frozen Rack 16, Level: E, Position # 079 -  Front"
F16E080,Frozen,F16,"Frozen Rack 16, Level: E, Position # 080 -  Back"
F16E081,Frozen,F16,"Frozen Rack 16, Level: E, Position # 081 -  Front"
F16E082,Frozen,F16,"Frozen Rack 16, Level: E, Position # 082 -  Back"
F16E083,Frozen,F16,"Frozen Rack 16, Level: E, Position # 083 -  Front"
F16E084,Frozen,F16,"Frozen Rack 16, Level: E, Position # 084 -  Back"
F16E085,Frozen,F16,"Frozen Rack 16, Level: E, Position # 085 -  Front"
F16E086,Frozen,F16,"Frozen Rack 16, Level: E, Position # 086 -  Back"
F16E087,Frozen,F16,"Frozen Rack 16, Level: E, Position # 087 -  Front"
F16E088,Frozen,F16,"Frozen Rack 16, Level: E, Position # 088 -  Back"
F16E089,Frozen,F16,"Frozen Rack 16, Level: E, Position # 089 -  Front"
F16E090,Frozen,F16,"Frozen Rack 16, Level: E, Position # 090 -  Back"
F16E091,Frozen,F16,"Frozen Rack 16, Level: E, Position # 091 -  Front"
F16E092,Frozen,F16,"Frozen Rack 16, Level: E, Position # 092 -  Back"
F16E093,Frozen,F16,"Frozen Rack 16, Level: E, Position # 093 -  Front"
F16E094,Frozen,F16,"Frozen Rack 16, Level: E, Position # 094 -  Back"
F16E095,Frozen,F16,"Frozen Rack 16, Level: E, Position # 095 -  Front"
F16E096,Frozen,F16,"Frozen Rack 16, Level: E, Position # 096 -  Back"
F16E097,Frozen,F16,"Frozen Rack 16, Level: E, Position # 097 -  Front"
F16E098,Frozen,F16,"Frozen Rack 16, Level: E, Position # 098 -  Back"
F16E099,Frozen,F16,"Frozen Rack 16, Level: E, Position # 099 -  Front"
F16E100,Frozen,F16,"Frozen Rack 16, Level: E, Position # 100 -  Back"
F16E101,Frozen,F16,"Frozen Rack 16, Level: E, Position # 101 -  Front"
F16E102,Frozen,F16,"Frozen Rack 16, Level: E, Position # 102 -  Back"
F16E103,Frozen,F16,"Frozen Rack 16, Level: E, Position # 103 -  Front"
F16E104,Frozen,F16,"Frozen Rack 16, Level: E, Position # 104 -  Back"
F16E105,Frozen,F16,"Frozen Rack 16, Level: E, Position # 105 -  Front"
F16E106,Frozen,F16,"Frozen Rack 16, Level: E, Position # 106 -  Back"
F16E107,Frozen,F16,"Frozen Rack 16, Level: E, Position # 107 -  Front"
F16E108,Frozen,F16,"Frozen Rack 16, Level: E, Position # 108 -  Back"
F16E109,Frozen,F16,"Frozen Rack 16, Level: E, Position # 109 -  Front"
F16E110,Frozen,F16,"Frozen Rack 16, Level: E, Position # 110 -  Back"
F16E111,Frozen,F16,"Frozen Rack 16, Level: E, Position # 111 -  Front"
F16E112,Frozen,F16,"Frozen Rack 16, Level: E, Position # 112 -  Back"
F17A001,Frozen,F17,"Frozen Rack 17, Level: A, Position # 001 -  Front"
F17A002,Frozen,F17,"Frozen Rack 17, Level: A, Position # 002 -  Back"
F17A003,Frozen,F17,"Frozen Rack 17, Level: A, Position # 003 -  Front"
F17A004,Frozen,F17,"Frozen Rack 17, Level: A, Position # 004 -  Back"
F17A005,Frozen,F17,"Frozen Rack 17, Level: A, Position # 005 -  Front"
F17A006,Frozen,F17,"Frozen Rack 17, Level: A, Position # 006 -  Back"
F17A007,Frozen,F17,"Frozen Rack 17, Level: A, Position # 007 -  Front"
F17A008,Frozen,F17,"Frozen Rack 17, Level: A, Position # 008 -  Back"
F17A009,Frozen,F17,"Frozen Rack 17, Level: A, Position # 009 -  Front"
F17A010,Frozen,F17,"Frozen Rack 17, Level: A, Position # 010 -  Back"
F17A011,Frozen,F17,"Frozen Rack 17, Level: A, Position # 011 -  Front"
F17A012,Frozen,F17,"Frozen Rack 17, Level: A, Position # 012 -  Back"
F17A019,Frozen,F17,"Frozen Rack 17, Level: A, Position # 019 -  Front"
F17A020,Frozen,F17,"Frozen Rack 17, Level: A, Position # 020 -  Back"
F17A021,Frozen,F17,"Frozen Rack 17, Level: A, Position # 021 -  Front"
F17A022,Frozen,F17,"Frozen Rack 17, Level: A, Position # 022 -  Back"
F17A023,Frozen,F17,"Frozen Rack 17, Level: A, Position # 023 -  Front"
F17A024,Frozen,F17,"Frozen Rack 17, Level: A, Position # 024 -  Back"
F17A025,Frozen,F17,"Frozen Rack 17, Level: A, Position # 025 -  Front"
F17A026,Frozen,F17,"Frozen Rack 17, Level: A, Position # 026 -  Back"
F17A027,Frozen,F17,"Frozen Rack 17, Level: A, Position # 027 -  Front"
F17A028,Frozen,F17,"Frozen Rack 17, Level: A, Position # 028 -  Back"
F17A029,Frozen,F17,"Frozen Rack 17, Level: A, Position # 029 -  Front"
F17A030,Frozen,F17,"Frozen Rack 17, Level: A, Position # 030 -  Back"
F17A031,Frozen,F17,"Frozen Rack 17, Level: A, Position # 031 -  Front"
F17A032,Frozen,F17,"Frozen Rack 17, Level: A, Position # 032 -  Back"
F17A033,Frozen,F17,"Frozen Rack 17, Level: A, Position # 033 -  Front"
F17A034,Frozen,F17,"Frozen Rack 17, Level: A, Position # 034 -  Back"
F17A035,Frozen,F17,"Frozen Rack 17, Level: A, Position # 035 -  Front"
F17A036,Frozen,F17,"Frozen Rack 17, Level: A, Position # 036 -  Back"
F17A037,Frozen,F17,"Frozen Rack 17, Level: A, Position # 037 -  Front"
F17A038,Frozen,F17,"Frozen Rack 17, Level: A, Position # 038 -  Back"
F17A039,Frozen,F17,"Frozen Rack 17, Level: A, Position # 039 -  Front"
F17A040,Frozen,F17,"Frozen Rack 17, Level: A, Position # 040 -  Back"
F17A041,Frozen,F17,"Frozen Rack 17, Level: A, Position # 041 -  Front"
F17A042,Frozen,F17,"Frozen Rack 17, Level: A, Position # 042 -  Back"
F17A043,Frozen,F17,"Frozen Rack 17, Level: A, Position # 043 -  Front"
F17A044,Frozen,F17,"Frozen Rack 17, Level: A, Position # 044 -  Back"
F17A045,Frozen,F17,"Frozen Rack 17, Level: A, Position # 045 -  Front"
F17A046,Frozen,F17,"Frozen Rack 17, Level: A, Position # 046 -  Back"
F17A047,Frozen,F17,"Frozen Rack 17, Level: A, Position # 047 -  Front"
F17A048,Frozen,F17,"Frozen Rack 17, Level: A, Position # 048 -  Back"
F17A049,Frozen,F17,"Frozen Rack 17, Level: A, Position # 049 -  Front"
F17A050,Frozen,F17,"Frozen Rack 17, Level: A, Position # 050 -  Back"
F17A051,Frozen,F17,"Frozen Rack 17, Level: A, Position # 051 -  Front"
F17A052,Frozen,F17,"Frozen Rack 17, Level: A, Position # 052 -  Back"
F17A053,Frozen,F17,"Frozen Rack 17, Level: A, Position # 053 -  Front"
F17A054,Frozen,F17,"Frozen Rack 17, Level: A, Position # 054 -  Back"
F17A061,Frozen,F17,"Frozen Rack 17, Level: A, Position # 061 -  Front"
F17A062,Frozen,F17,"Frozen Rack 17, Level: A, Position # 062 -  Back"
F17A063,Frozen,F17,"Frozen Rack 17, Level: A, Position # 063 -  Front"
F17A064,Frozen,F17,"Frozen Rack 17, Level: A, Position # 064 -  Back"
F17A065,Frozen,F17,"Frozen Rack 17, Level: A, Position # 065 -  Front"
F17A066,Frozen,F17,"Frozen Rack 17, Level: A, Position # 066 -  Back"
F17A067,Frozen,F17,"Frozen Rack 17, Level: A, Position # 067 -  Front"
F17A068,Frozen,F17,"Frozen Rack 17, Level: A, Position # 068 -  Back"
F17A069,Frozen,F17,"Frozen Rack 17, Level: A, Position # 069 -  Front"
F17A070,Frozen,F17,"Frozen Rack 17, Level: A, Position # 070 -  Back"
F17A071,Frozen,F17,"Frozen Rack 17, Level: A, Position # 071 -  Front"
F17A072,Frozen,F17,"Frozen Rack 17, Level: A, Position # 072 -  Back"
F17A073,Frozen,F17,"Frozen Rack 17, Level: A, Position # 073 -  Front"
F17A074,Frozen,F17,"Frozen Rack 17, Level: A, Position # 074 -  Back"
F17A075,Frozen,F17,"Frozen Rack 17, Level: A, Position # 075 -  Front"
F17A076,Frozen,F17,"Frozen Rack 17, Level: A, Position # 076 -  Back"
F17A077,Frozen,F17,"Frozen Rack 17, Level: A, Position # 077 -  Front"
F17A078,Frozen,F17,"Frozen Rack 17, Level: A, Position # 078 -  Back"
F17A079,Frozen,F17,"Frozen Rack 17, Level: A, Position # 079 -  Front"
F17A080,Frozen,F17,"Frozen Rack 17, Level: A, Position # 080 -  Back"
F17A081,Frozen,F17,"Frozen Rack 17, Level: A, Position # 081 -  Front"
F17A082,Frozen,F17,"Frozen Rack 17, Level: A, Position # 082 -  Back"
F17A083,Frozen,F17,"Frozen Rack 17, Level: A, Position # 083 -  Front"
F17A084,Frozen,F17,"Frozen Rack 17, Level: A, Position # 084 -  Back"
F17A085,Frozen,F17,"Frozen Rack 17, Level: A, Position # 085 -  Front"
F17A086,Frozen,F17,"Frozen Rack 17, Level: A, Position # 086 -  Back"
F17A087,Frozen,F17,"Frozen Rack 17, Level: A, Position # 087 -  Front"
F17A088,Frozen,F17,"Frozen Rack 17, Level: A, Position # 088 -  Back"
F17A089,Frozen,F17,"Frozen Rack 17, Level: A, Position # 089 -  Front"
F17A090,Frozen,F17,"Frozen Rack 17, Level: A, Position # 090 -  Back"
F17A091,Frozen,F17,"Frozen Rack 17, Level: A, Position # 091 -  Front"
F17A092,Frozen,F17,"Frozen Rack 17, Level: A, Position # 092 -  Back"
F17A093,Frozen,F17,"Frozen Rack 17, Level: A, Position # 093 -  Front"
F17A094,Frozen,F17,"Frozen Rack 17, Level: A, Position # 094 -  Back"
F17A095,Frozen,F17,"Frozen Rack 17, Level: A, Position # 095 -  Front"
F17A096,Frozen,F17,"Frozen Rack 17, Level: A, Position # 096 -  Back"
F17A103,Frozen,F17,"Frozen Rack 17, Level: A, Position # 103 -  Front"
F17A104,Frozen,F17,"Frozen Rack 17, Level: A, Position # 104 -  Back"
F17A105,Frozen,F17,"Frozen Rack 17, Level: A, Position # 105 -  Front"
F17A106,Frozen,F17,"Frozen Rack 17, Level: A, Position # 106 -  Back"
F17A107,Frozen,F17,"Frozen Rack 17, Level: A, Position # 107 -  Front"
F17A108,Frozen,F17,"Frozen Rack 17, Level: A, Position # 108 -  Back"
F17A109,Frozen,F17,"Frozen Rack 17, Level: A, Position # 109 -  Front"
F17A110,Frozen,F17,"Frozen Rack 17, Level: A, Position # 110 -  Back"
F17A111,Frozen,F17,"Frozen Rack 17, Level: A, Position # 111 -  Front"
F17A112,Frozen,F17,"Frozen Rack 17, Level: A, Position # 112 -  Back"
F17B001,Frozen,F17,"Frozen Rack 17, Level: B, Position # 001 -  Front"
F17B002,Frozen,F17,"Frozen Rack 17, Level: B, Position # 002 -  Back"
F17B003,Frozen,F17,"Frozen Rack 17, Level: B, Position # 003 -  Front"
F17B004,Frozen,F17,"Frozen Rack 17, Level: B, Position # 004 -  Back"
F17B005,Frozen,F17,"Frozen Rack 17, Level: B, Position # 005 -  Front"
F17B006,Frozen,F17,"Frozen Rack 17, Level: B, Position # 006 -  Back"
F17B007,Frozen,F17,"Frozen Rack 17, Level: B, Position # 007 -  Front"
F17B008,Frozen,F17,"Frozen Rack 17, Level: B, Position # 008 -  Back"
F17B009,Frozen,F17,"Frozen Rack 17, Level: B, Position # 009 -  Front"
F17B010,Frozen,F17,"Frozen Rack 17, Level: B, Position # 010 -  Back"
F17B011,Frozen,F17,"Frozen Rack 17, Level: B, Position # 011 -  Front"
F17B012,Frozen,F17,"Frozen Rack 17, Level: B, Position # 012 -  Back"
F17B019,Frozen,F17,"Frozen Rack 17, Level: B, Position # 019 -  Front"
F17B020,Frozen,F17,"Frozen Rack 17, Level: B, Position # 020 -  Back"
F17B021,Frozen,F17,"Frozen Rack 17, Level: B, Position # 021 -  Front"
F17B022,Frozen,F17,"Frozen Rack 17, Level: B, Position # 022 -  Back"
F17B023,Frozen,F17,"Frozen Rack 17, Level: B, Position # 023 -  Front"
F17B024,Frozen,F17,"Frozen Rack 17, Level: B, Position # 024 -  Back"
F17B025,Frozen,F17,"Frozen Rack 17, Level: B, Position # 025 -  Front"
F17B026,Frozen,F17,"Frozen Rack 17, Level: B, Position # 026 -  Back"
F17B027,Frozen,F17,"Frozen Rack 17, Level: B, Position # 027 -  Front"
F17B028,Frozen,F17,"Frozen Rack 17, Level: B, Position # 028 -  Back"
F17B029,Frozen,F17,"Frozen Rack 17, Level: B, Position # 029 -  Front"
F17B030,Frozen,F17,"Frozen Rack 17, Level: B, Position # 030 -  Back"
F17B031,Frozen,F17,"Frozen Rack 17, Level: B, Position # 031 -  Front"
F17B032,Frozen,F17,"Frozen Rack 17, Level: B, Position # 032 -  Back"
F17B033,Frozen,F17,"Frozen Rack 17, Level: B, Position # 033 -  Front"
F17B034,Frozen,F17,"Frozen Rack 17, Level: B, Position # 034 -  Back"
F17B035,Frozen,F17,"Frozen Rack 17, Level: B, Position # 035 -  Front"
F17B036,Frozen,F17,"Frozen Rack 17, Level: B, Position # 036 -  Back"
F17B037,Frozen,F17,"Frozen Rack 17, Level: B, Position # 037 -  Front"
F17B038,Frozen,F17,"Frozen Rack 17, Level: B, Position # 038 -  Back"
F17B039,Frozen,F17,"Frozen Rack 17, Level: B, Position # 039 -  Front"
F17B040,Frozen,F17,"Frozen Rack 17, Level: B, Position # 040 -  Back"
F17B041,Frozen,F17,"Frozen Rack 17, Level: B, Position # 041 -  Front"
F17B042,Frozen,F17,"Frozen Rack 17, Level: B, Position # 042 -  Back"
F17B043,Frozen,F17,"Frozen Rack 17, Level: B, Position # 043 -  Front"
F17B044,Frozen,F17,"Frozen Rack 17, Level: B, Position # 044 -  Back"
F17B045,Frozen,F17,"Frozen Rack 17, Level: B, Position # 045 -  Front"
F17B046,Frozen,F17,"Frozen Rack 17, Level: B, Position # 046 -  Back"
F17B047,Frozen,F17,"Frozen Rack 17, Level: B, Position # 047 -  Front"
F17B048,Frozen,F17,"Frozen Rack 17, Level: B, Position # 048 -  Back"
F17B049,Frozen,F17,"Frozen Rack 17, Level: B, Position # 049 -  Front"
F17B050,Frozen,F17,"Frozen Rack 17, Level: B, Position # 050 -  Back"
F17B051,Frozen,F17,"Frozen Rack 17, Level: B, Position # 051 -  Front"
F17B052,Frozen,F17,"Frozen Rack 17, Level: B, Position # 052 -  Back"
F17B053,Frozen,F17,"Frozen Rack 17, Level: B, Position # 053 -  Front"
F17B054,Frozen,F17,"Frozen Rack 17, Level: B, Position # 054 -  Back"
F17B061,Frozen,F17,"Frozen Rack 17, Level: B, Position # 061 -  Front"
F17B062,Frozen,F17,"Frozen Rack 17, Level: B, Position # 062 -  Back"
F17B063,Frozen,F17,"Frozen Rack 17, Level: B, Position # 063 -  Front"
F17B064,Frozen,F17,"Frozen Rack 17, Level: B, Position # 064 -  Back"
F17B065,Frozen,F17,"Frozen Rack 17, Level: B, Position # 065 -  Front"
F17B066,Frozen,F17,"Frozen Rack 17, Level: B, Position # 066 -  Back"
F17B067,Frozen,F17,"Frozen Rack 17, Level: B, Position # 067 -  Front"
F17B068,Frozen,F17,"Frozen Rack 17, Level: B, Position # 068 -  Back"
F17B069,Frozen,F17,"Frozen Rack 17, Level: B, Position # 069 -  Front"
F17B070,Frozen,F17,"Frozen Rack 17, Level: B, Position # 070 -  Back"
F17B071,Frozen,F17,"Frozen Rack 17, Level: B, Position # 071 -  Front"
F17B072,Frozen,F17,"Frozen Rack 17, Level: B, Position # 072 -  Back"
F17B073,Frozen,F17,"Frozen Rack 17, Level: B, Position # 073 -  Front"
F17B074,Frozen,F17,"Frozen Rack 17, Level: B, Position # 074 -  Back"
F17B075,Frozen,F17,"Frozen Rack 17, Level: B, Position # 075 -  Front"
F17B076,Frozen,F17,"Frozen Rack 17, Level: B, Position # 076 -  Back"
F17B077,Frozen,F17,"Frozen Rack 17, Level: B, Position # 077 -  Front"
F17B078,Frozen,F17,"Frozen Rack 17, Level: B, Position # 078 -  Back"
F17B079,Frozen,F17,"Frozen Rack 17, Level: B, Position # 079 -  Front"
F17B080,Frozen,F17,"Frozen Rack 17, Level: B, Position # 080 -  Back"
F17B081,Frozen,F17,"Frozen Rack 17, Level: B, Position # 081 -  Front"
F17B082,Frozen,F17,"Frozen Rack 17, Level: B, Position # 082 -  Back"
F17B083,Frozen,F17,"Frozen Rack 17, Level: B, Position # 083 -  Front"
F17B084,Frozen,F17,"Frozen Rack 17, Level: B, Position # 084 -  Back"
F17B085,Frozen,F17,"Frozen Rack 17, Level: B, Position # 085 -  Front"
F17B086,Frozen,F17,"Frozen Rack 17, Level: B, Position # 086 -  Back"
F17B087,Frozen,F17,"Frozen Rack 17, Level: B, Position # 087 -  Front"
F17B088,Frozen,F17,"Frozen Rack 17, Level: B, Position # 088 -  Back"
F17B089,Frozen,F17,"Frozen Rack 17, Level: B, Position # 089 -  Front"
F17B090,Frozen,F17,"Frozen Rack 17, Level: B, Position # 090 -  Back"
F17B091,Frozen,F17,"Frozen Rack 17, Level: B, Position # 091 -  Front"
F17B092,Frozen,F17,"Frozen Rack 17, Level: B, Position # 092 -  Back"
F17B093,Frozen,F17,"Frozen Rack 17, Level: B, Position # 093 -  Front"
F17B094,Frozen,F17,"Frozen Rack 17, Level: B, Position # 094 -  Back"
F17B095,Frozen,F17,"Frozen Rack 17, Level: B, Position # 095 -  Front"
F17B096,Frozen,F17,"Frozen Rack 17, Level: B, Position # 096 -  Back"
F17B103,Frozen,F17,"Frozen Rack 17, Level: B, Position # 103 -  Front"
F17B104,Frozen,F17,"Frozen Rack 17, Level: B, Position # 104 -  Back"
F17B105,Frozen,F17,"Frozen Rack 17, Level: B, Position # 105 -  Front"
F17B106,Frozen,F17,"Frozen Rack 17, Level: B, Position # 106 -  Back"
F17B107,Frozen,F17,"Frozen Rack 17, Level: B, Position # 107 -  Front"
F17B108,Frozen,F17,"Frozen Rack 17, Level: B, Position # 108 -  Back"
F17B109,Frozen,F17,"Frozen Rack 17, Level: B, Position # 109 -  Front"
F17B110,Frozen,F17,"Frozen Rack 17, Level: B, Position # 110 -  Back"
F17B111,Frozen,F17,"Frozen Rack 17, Level: B, Position # 111 -  Front"
F17B112,Frozen,F17,"Frozen Rack 17, Level: B, Position # 112 -  Back"
F17C001,Frozen,F17,"Frozen Rack 17, Level: C, Position # 001 -  Front"
F17C002,Frozen,F17,"Frozen Rack 17, Level: C, Position # 002 -  Back"
F17C003,Frozen,F17,"Frozen Rack 17, Level: C, Position # 003 -  Front"
F17C004,Frozen,F17,"Frozen Rack 17, Level: C, Position # 004 -  Back"
F17C005,Frozen,F17,"Frozen Rack 17, Level: C, Position # 005 -  Front"
F17C006,Frozen,F17,"Frozen Rack 17, Level: C, Position # 006 -  Back"
F17C007,Frozen,F17,"Frozen Rack 17, Level: C, Position # 007 -  Front"
F17C008,Frozen,F17,"Frozen Rack 17, Level: C, Position # 008 -  Back"
F17C009,Frozen,F17,"Frozen Rack 17, Level: C, Position # 009 -  Front"
F17C010,Frozen,F17,"Frozen Rack 17, Level: C, Position # 010 -  Back"
F17C011,Frozen,F17,"Frozen Rack 17, Level: C, Position # 011 -  Front"
F17C012,Frozen,F17,"Frozen Rack 17, Level: C, Position # 012 -  Back"
F17C013,Frozen,F17,"Frozen Rack 17 , Level: C, Position # 013 - Front"
F17C014,Frozen,F17,"Frozen Rack 17 , Level: C, Position # 014 - Back"
F17C015,Frozen,F17,"Frozen Rack 17 , Level: C, Position # 015 - Front"
F17C016,Frozen,F17,"Frozen Rack 17 , Level: C, Position # 016 - Back"
F17C017,Frozen,F17,"Frozen Rack 17 , Level: C, Position # 017 - Front"
F17C018,Frozen,F17,"Frozen Rack 17 , Level: C, Position # 018 - Back"
F17C019,Frozen,F17,"Frozen Rack 17, Level: C, Position # 019 -  Front"
F17C020,Frozen,F17,"Frozen Rack 17, Level: C, Position # 020 -  Back"
F17C021,Frozen,F17,"Frozen Rack 17, Level: C, Position # 021 -  Front"
F17C022,Frozen,F17,"Frozen Rack 17, Level: C, Position # 022 -  Back"
F17C023,Frozen,F17,"Frozen Rack 17, Level: C, Position # 023 -  Front"
F17C024,Frozen,F17,"Frozen Rack 17, Level: C, Position # 024 -  Back"
F17C025,Frozen,F17,"Frozen Rack 17, Level: C, Position # 025 -  Front"
F17C026,Frozen,F17,"Frozen Rack 17, Level: C, Position # 026 -  Back"
F17C027,Frozen,F17,"Frozen Rack 17, Level: C, Position # 027 -  Front"
F17C028,Frozen,F17,"Frozen Rack 17, Level: C, Position # 028 -  Back"
F17C029,Frozen,F17,"Frozen Rack 17, Level: C, Position # 029 -  Front"
F17C030,Frozen,F17,"Frozen Rack 17, Level: C, Position # 030 -  Back"
F17C031,Frozen,F17,"Frozen Rack 17, Level: C, Position # 031 -  Front"
F17C032,Frozen,F17,"Frozen Rack 17, Level: C, Position # 032 -  Back"
F17C033,Frozen,F17,"Frozen Rack 17, Level: C, Position # 033 -  Front"
F17C034,Frozen,F17,"Frozen Rack 17, Level: C, Position # 034 -  Back"
F17C035,Frozen,F17,"Frozen Rack 17, Level: C, Position # 035 -  Front"
F17C036,Frozen,F17,"Frozen Rack 17, Level: C, Position # 036 -  Back"
F17C037,Frozen,F17,"Frozen Rack 17, Level: C, Position # 037 -  Front"
F17C038,Frozen,F17,"Frozen Rack 17, Level: C, Position # 038 -  Back"
F17C039,Frozen,F17,"Frozen Rack 17, Level: C, Position # 039 -  Front"
F17C040,Frozen,F17,"Frozen Rack 17, Level: C, Position # 040 -  Back"
F17C041,Frozen,F17,"Frozen Rack 17, Level: C, Position # 041 -  Front"
F17C042,Frozen,F17,"Frozen Rack 17, Level: C, Position # 042 -  Back"
F17C043,Frozen,F17,"Frozen Rack 17, Level: C, Position # 043 -  Front"
F17C044,Frozen,F17,"Frozen Rack 17, Level: C, Position # 044 -  Back"
F17C045,Frozen,F17,"Frozen Rack 17, Level: C, Position # 045 -  Front"
F17C046,Frozen,F17,"Frozen Rack 17, Level: C, Position # 046 -  Back"
F17C047,Frozen,F17,"Frozen Rack 17, Level: C, Position # 047 -  Front"
F17C048,Frozen,F17,"Frozen Rack 17, Level: C, Position # 048 -  Back"
F17C049,Frozen,F17,"Frozen Rack 17, Level: C, Position # 049 -  Front"
F17C050,Frozen,F17,"Frozen Rack 17, Level: C, Position # 050 -  Back"
F17C051,Frozen,F17,"Frozen Rack 17, Level: C, Position # 051 -  Front"
F17C052,Frozen,F17,"Frozen Rack 17, Level: C, Position # 052 -  Back"
F17C053,Frozen,F17,"Frozen Rack 17, Level: C, Position # 053 -  Front"
F17C054,Frozen,F17,"Frozen Rack 17, Level: C, Position # 054 -  Back"
F17C055,Frozen,F17,"Frozen Rack 17 , Level: C, Position # 055 - Front"
F17C056,Frozen,F17,"Frozen Rack 17 , Level: C, Position # 056 - Back"
F17C057,Frozen,F17,"Frozen Rack 17 , Level: C, Position # 057 - Front"
F17C058,Frozen,F17,"Frozen Rack 17 , Level: C, Position # 058 - Back"
F17C059,Frozen,F17,"Frozen Rack 17 , Level: C, Position # 059 - Front"
F17C060,Frozen,F17,"Frozen Rack 17 , Level: C, Position # 060 - Back"
F17C061,Frozen,F17,"Frozen Rack 17, Level: C, Position # 061 -  Front"
F17C062,Frozen,F17,"Frozen Rack 17, Level: C, Position # 062 -  Back"
F17C063,Frozen,F17,"Frozen Rack 17, Level: C, Position # 063 -  Front"
F17C064,Frozen,F17,"Frozen Rack 17, Level: C, Position # 064 -  Back"
F17C065,Frozen,F17,"Frozen Rack 17, Level: C, Position # 065 -  Front"
F17C066,Frozen,F17,"Frozen Rack 17, Level: C, Position # 066 -  Back"
F17C067,Frozen,F17,"Frozen Rack 17, Level: C, Position # 067 -  Front"
F17C068,Frozen,F17,"Frozen Rack 17, Level: C, Position # 068 -  Back"
F17C069,Frozen,F17,"Frozen Rack 17, Level: C, Position # 069 -  Front"
F17C070,Frozen,F17,"Frozen Rack 17, Level: C, Position # 070 -  Back"
F17C071,Frozen,F17,"Frozen Rack 17, Level: C, Position # 071 -  Front"
F17C072,Frozen,F17,"Frozen Rack 17, Level: C, Position # 072 -  Back"
F17C073,Frozen,F17,"Frozen Rack 17, Level: C, Position # 073 -  Front"
F17C074,Frozen,F17,"Frozen Rack 17, Level: C, Position # 074 -  Back"
F17C075,Frozen,F17,"Frozen Rack 17, Level: C, Position # 075 -  Front"
F17C076,Frozen,F17,"Frozen Rack 17, Level: C, Position # 076 -  Back"
F17C077,Frozen,F17,"Frozen Rack 17, Level: C, Position # 077 -  Front"
F17C078,Frozen,F17,"Frozen Rack 17, Level: C, Position # 078 -  Back"
F17C079,Frozen,F17,"Frozen Rack 17, Level: C, Position # 079 -  Front"
F17C080,Frozen,F17,"Frozen Rack 17, Level: C, Position # 080 -  Back"
F17C081,Frozen,F17,"Frozen Rack 17, Level: C, Position # 081 -  Front"
F17C082,Frozen,F17,"Frozen Rack 17, Level: C, Position # 082 -  Back"
F17C083,Frozen,F17,"Frozen Rack 17, Level: C, Position # 083 -  Front"
F17C084,Frozen,F17,"Frozen Rack 17, Level: C, Position # 084 -  Back"
F17C085,Frozen,F17,"Frozen Rack 17, Level: C, Position # 085 -  Front"
F17C086,Frozen,F17,"Frozen Rack 17, Level: C, Position # 086 -  Back"
F17C087,Frozen,F17,"Frozen Rack 17, Level: C, Position # 087 -  Front"
F17C088,Frozen,F17,"Frozen Rack 17, Level: C, Position # 088 -  Back"
F17C089,Frozen,F17,"Frozen Rack 17, Level: C, Position # 089 -  Front"
F17C090,Frozen,F17,"Frozen Rack 17, Level: C, Position # 090 -  Back"
F17C091,Frozen,F17,"Frozen Rack 17, Level: C, Position # 091 -  Front"
F17C092,Frozen,F17,"Frozen Rack 17, Level: C, Position # 092 -  Back"
F17C093,Frozen,F17,"Frozen Rack 17, Level: C, Position # 093 -  Front"
F17C094,Frozen,F17,"Frozen Rack 17, Level: C, Position # 094 -  Back"
F17C095,Frozen,F17,"Frozen Rack 17, Level: C, Position # 095 -  Front"
F17C096,Frozen,F17,"Frozen Rack 17, Level: C, Position # 096 -  Back"
F17C097,Frozen,F17,"Frozen Rack 17, Level: C, Position # 097 -  Front"
F17C098,Frozen,F17,"Frozen Rack 17, Level: C, Position # 098 -  Front"
F17C099,Frozen,F17,"Frozen Rack 17, Level: C, Position # 099 -  Front"
F17C100,Frozen,F17,"Frozen Rack 17, Level: C, Position # 100 -  Back"
F17C101,Frozen,F17,"Frozen Rack 17, Level: C, Position # 101 -  Front"
F17C102,Frozen,F17,"Frozen Rack 17, Level: C, Position # 102 -  Back"
F17C103,Frozen,F17,"Frozen Rack 17, Level: C, Position # 103 -  Front"
F17C104,Frozen,F17,"Frozen Rack 17, Level: C, Position # 104 -  Back"
F17C105,Frozen,F17,"Frozen Rack 17, Level: C, Position # 105 -  Front"
F17C106,Frozen,F17,"Frozen Rack 17, Level: C, Position # 106 -  Back"
F17C107,Frozen,F17,"Frozen Rack 17, Level: C, Position # 107 -  Front"
F17C108,Frozen,F17,"Frozen Rack 17, Level: C, Position # 108 -  Back"
F17C109,Frozen,F17,"Frozen Rack 17, Level: C, Position # 109 -  Front"
F17C110,Frozen,F17,"Frozen Rack 17, Level: C, Position # 110 -  Back"
F17C111,Frozen,F17,"Frozen Rack 17, Level: C, Position # 111 -  Front"
F17C112,Frozen,F17,"Frozen Rack 17, Level: C, Position # 112 -  Back"
F17D001,Frozen,F17,"Frozen Rack 17, Level: D, Position # 001 -  Front"
F17D002,Frozen,F17,"Frozen Rack 17, Level: D, Position # 002 -  Back"
F17D003,Frozen,F17,"Frozen Rack 17, Level: D, Position # 003 -  Front"
F17D004,Frozen,F17,"Frozen Rack 17, Level: D, Position # 004 -  Back"
F17D005,Frozen,F17,"Frozen Rack 17, Level: D, Position # 005 -  Front"
F17D006,Frozen,F17,"Frozen Rack 17, Level: D, Position # 006 -  Back"
F17D007,Frozen,F17,"Frozen Rack 17, Level: D, Position # 007 -  Front"
F17D008,Frozen,F17,"Frozen Rack 17, Level: D, Position # 008 -  Back"
F17D009,Frozen,F17,"Frozen Rack 17, Level: D, Position # 009 -  Front"
F17D010,Frozen,F17,"Frozen Rack 17, Level: D, Position # 010 -  Back"
F17D011,Frozen,F17,"Frozen Rack 17, Level: D, Position # 011 -  Front"
F17D012,Frozen,F17,"Frozen Rack 17, Level: D, Position # 012 -  Back"
F17D013,Frozen,F17,"Frozen Rack 17, Level: D, Position # 013 -  Front"
F17D014,Frozen,F17,"Frozen Rack 17, Level: D, Position # 014 -  Back"
F17D015,Frozen,F17,"Frozen Rack 17, Level: D, Position # 015 -  Front"
F17D016,Frozen,F17,"Frozen Rack 17, Level: D, Position # 016 -  Back"
F17D017,Frozen,F17,"Frozen Rack 17, Level: D, Position # 017 -  Front"
F17D018,Frozen,F17,"Frozen Rack 17, Level: D, Position # 018 -  Back"
F17D019,Frozen,F17,"Frozen Rack 17, Level: D, Position # 019 -  Front"
F17D020,Frozen,F17,"Frozen Rack 17, Level: D, Position # 020 -  Back"
F17D021,Frozen,F17,"Frozen Rack 17, Level: D, Position # 021 -  Front"
F17D022,Frozen,F17,"Frozen Rack 17, Level: D, Position # 022 -  Back"
F17D023,Frozen,F17,"Frozen Rack 17, Level: D, Position # 023 -  Front"
F17D024,Frozen,F17,"Frozen Rack 17, Level: D, Position # 024 -  Back"
F17D025,Frozen,F17,"Frozen Rack 17, Level: D, Position # 025 -  Front"
F17D026,Frozen,F17,"Frozen Rack 17, Level: D, Position # 026 -  Back"
F17D027,Frozen,F17,"Frozen Rack 17, Level: D, Position # 027 -  Front"
F17D028,Frozen,F17,"Frozen Rack 17, Level: D, Position # 028 -  Back"
F17D029,Frozen,F17,"Frozen Rack 17, Level: D, Position # 029 -  Front"
F17D030,Frozen,F17,"Frozen Rack 17, Level: D, Position # 030 -  Back"
F17D031,Frozen,F17,"Frozen Rack 17, Level: D, Position # 031 -  Front"
F17D032,Frozen,F17,"Frozen Rack 17, Level: D, Position # 032 -  Back"
F17D033,Frozen,F17,"Frozen Rack 17, Level: D, Position # 033 -  Front"
F17D034,Frozen,F17,"Frozen Rack 17, Level: D, Position # 034 -  Back"
F17D035,Frozen,F17,"Frozen Rack 17, Level: D, Position # 035 -  Front"
F17D036,Frozen,F17,"Frozen Rack 17, Level: D, Position # 036 -  Back"
F17D037,Frozen,F17,"Frozen Rack 17, Level: D, Position # 037 -  Front"
F17D038,Frozen,F17,"Frozen Rack 17, Level: D, Position # 038 -  Back"
F17D039,Frozen,F17,"Frozen Rack 17, Level: D, Position # 039 -  Front"
F17D040,Frozen,F17,"Frozen Rack 17, Level: D, Position # 040 -  Back"
F17D041,Frozen,F17,"Frozen Rack 17, Level: D, Position # 041 -  Front"
F17D042,Frozen,F17,"Frozen Rack 17, Level: D, Position # 042 -  Back"
F17D043,Frozen,F17,"Frozen Rack 17, Level: D, Position # 043 -  Front"
F17D044,Frozen,F17,"Frozen Rack 17, Level: D, Position # 044 -  Back"
F17D045,Frozen,F17,"Frozen Rack 17, Level: D, Position # 045 -  Front"
F17D046,Frozen,F17,"Frozen Rack 17, Level: D, Position # 046 -  Back"
F17D047,Frozen,F17,"Frozen Rack 17, Level: D, Position # 047 -  Front"
F17D048,Frozen,F17,"Frozen Rack 17, Level: D, Position # 048 -  Back"
F17D049,Frozen,F17,"Frozen Rack 17, Level: D, Position # 049 -  Front"
F17D050,Frozen,F17,"Frozen Rack 17, Level: D, Position # 050 -  Back"
F17D051,Frozen,F17,"Frozen Rack 17, Level: D, Position # 051 -  Front"
F17D052,Frozen,F17,"Frozen Rack 17, Level: D, Position # 052 -  Back"
F17D053,Frozen,F17,"Frozen Rack 17, Level: D, Position # 053 -  Front"
F17D054,Frozen,F17,"Frozen Rack 17, Level: D, Position # 054 -  Back"
F17D055,Frozen,F17,"Frozen Rack 17, Level: D, Position # 055 -  Front"
F17D056,Frozen,F17,"Frozen Rack 17, Level: D, Position # 056 -  Back"
F17D057,Frozen,F17,"Frozen Rack 17, Level: D, Position # 057 -  Front"
F17D058,Frozen,F17,"Frozen Rack 17, Level: D, Position # 058 -  Back"
F17D059,Frozen,F17,"Frozen Rack 17, Level: D, Position # 059 -  Front"
F17D060,Frozen,F17,"Frozen Rack 17, Level: D, Position # 060 -  Back"
F17D061,Frozen,F17,"Frozen Rack 17, Level: D, Position # 061 -  Front"
F17D062,Frozen,F17,"Frozen Rack 17, Level: D, Position # 062 -  Back"
F17D063,Frozen,F17,"Frozen Rack 17, Level: D, Position # 063 -  Front"
F17D064,Frozen,F17,"Frozen Rack 17, Level: D, Position # 064 -  Back"
F17D065,Frozen,F17,"Frozen Rack 17, Level: D, Position # 065 -  Front"
F17D066,Frozen,F17,"Frozen Rack 17, Level: D, Position # 066 -  Back"
F17D067,Frozen,F17,"Frozen Rack 17, Level: D, Position # 067 -  Front"
F17D068,Frozen,F17,"Frozen Rack 17, Level: D, Position # 068 -  Back"
F17D069,Frozen,F17,"Frozen Rack 17, Level: D, Position # 069 -  Front"
F17D070,Frozen,F17,"Frozen Rack 17, Level: D, Position # 070 -  Back"
F17D071,Frozen,F17,"Frozen Rack 17, Level: D, Position # 071 -  Front"
F17D072,Frozen,F17,"Frozen Rack 17, Level: D, Position # 072 -  Back"
F17D073,Frozen,F17,"Frozen Rack 17, Level: D, Position # 073 -  Front"
F17D074,Frozen,F17,"Frozen Rack 17, Level: D, Position # 074 -  Back"
F17D075,Frozen,F17,"Frozen Rack 17, Level: D, Position # 075 -  Front"
F17D076,Frozen,F17,"Frozen Rack 17, Level: D, Position # 076 -  Back"
F17D077,Frozen,F17,"Frozen Rack 17, Level: D, Position # 077 -  Front"
F17D078,Frozen,F17,"Frozen Rack 17, Level: D, Position # 078 -  Back"
F17D079,Frozen,F17,"Frozen Rack 17, Level: D, Position # 079 -  Front"
F17D080,Frozen,F17,"Frozen Rack 17, Level: D, Position # 080 -  Back"
F17D081,Frozen,F17,"Frozen Rack 17, Level: D, Position # 081 -  Front"
F17D082,Frozen,F17,"Frozen Rack 17, Level: D, Position # 082 -  Back"
F17D083,Frozen,F17,"Frozen Rack 17, Level: D, Position # 083 -  Front"
F17D084,Frozen,F17,"Frozen Rack 17, Level: D, Position # 084 -  Back"
F17D085,Frozen,F17,"Frozen Rack 17, Level: D, Position # 085 -  Front"
F17D086,Frozen,F17,"Frozen Rack 17, Level: D, Position # 086 -  Back"
F17D087,Frozen,F17,"Frozen Rack 17, Level: D, Position # 087 -  Front"
F17D088,Frozen,F17,"Frozen Rack 17, Level: D, Position # 088 -  Back"
F17D089,Frozen,F17,"Frozen Rack 17, Level: D, Position # 089 -  Front"
F17D090,Frozen,F17,"Frozen Rack 17, Level: D, Position # 090 -  Back"
F17D091,Frozen,F17,"Frozen Rack 17, Level: D, Position # 091 -  Front"
F17D092,Frozen,F17,"Frozen Rack 17, Level: D, Position # 092 -  Back"
F17D093,Frozen,F17,"Frozen Rack 17, Level: D, Position # 093 -  Front"
F17D094,Frozen,F17,"Frozen Rack 17, Level: D, Position # 094 -  Back"
F17D095,Frozen,F17,"Frozen Rack 17, Level: D, Position # 095 -  Front"
F17D096,Frozen,F17,"Frozen Rack 17, Level: D, Position # 096 -  Back"
F17D097,Frozen,F17,"Frozen Rack 17, Level: D, Position # 097 -  Front"
F17D098,Frozen,F17,"Frozen Rack 17, Level: D, Position # 098 -  Back"
F17D099,Frozen,F17,"Frozen Rack 17, Level: D, Position # 099 -  Front"
F17D100,Frozen,F17,"Frozen Rack 17, Level: D, Position # 100 -  Back"
F17D101,Frozen,F17,"Frozen Rack 17, Level: D, Position # 101 -  Front"
F17D102,Frozen,F17,"Frozen Rack 17, Level: D, Position # 102 -  Back"
F17D103,Frozen,F17,"Frozen Rack 17, Level: D, Position # 103 -  Front"
F17D104,Frozen,F17,"Frozen Rack 17, Level: D, Position # 104 -  Back"
F17D105,Frozen,F17,"Frozen Rack 17, Level: D, Position # 105 -  Front"
F17D106,Frozen,F17,"Frozen Rack 17, Level: D, Position # 106 -  Back"
F17D107,Frozen,F17,"Frozen Rack 17, Level: D, Position # 107 -  Front"
F17D108,Frozen,F17,"Frozen Rack 17, Level: D, Position # 108 -  Back"
F17D109,Frozen,F17,"Frozen Rack 17, Level: D, Position # 109 -  Front"
F17D110,Frozen,F17,"Frozen Rack 17, Level: D, Position # 110 -  Back"
F17D111,Frozen,F17,"Frozen Rack 17, Level: D, Position # 111 -  Front"
F17D112,Frozen,F17,"Frozen Rack 17, Level: D, Position # 112 -  Back"
F17E001,Frozen,F17,"Frozen Rack 17, Level: E, Position # 001 -  Front"
F17E002,Frozen,F17,"Frozen Rack 17, Level: E, Position # 002 -  Back"
F17E003,Frozen,F17,"Frozen Rack 17, Level: E, Position # 003 -  Front"
F17E004,Frozen,F17,"Frozen Rack 17, Level: E, Position # 004 -  Back"
F17E005,Frozen,F17,"Frozen Rack 17, Level: E, Position # 005 -  Front"
F17E006,Frozen,F17,"Frozen Rack 17, Level: E, Position # 006 -  Back"
F17E007,Frozen,F17,"Frozen Rack 17, Level: E, Position # 007 -  Front"
F17E008,Frozen,F17,"Frozen Rack 17, Level: E, Position # 008 -  Back"
F17E009,Frozen,F17,"Frozen Rack 17, Level: E, Position # 009 -  Front"
F17E010,Frozen,F17,"Frozen Rack 17, Level: E, Position # 010 -  Back"
F17E011,Frozen,F17,"Frozen Rack 17, Level: E, Position # 011 -  Front"
F17E012,Frozen,F17,"Frozen Rack 17, Level: E, Position # 012 -  Back"
F17E013,Frozen,F17,"Frozen Rack 17, Level: E, Position # 013 -  Front"
F17E014,Frozen,F17,"Frozen Rack 17, Level: E, Position # 014 -  Back"
F17E015,Frozen,F17,"Frozen Rack 17, Level: E, Position # 015 -  Front"
F17E016,Frozen,F17,"Frozen Rack 17, Level: E, Position # 016 -  Back"
F17E017,Frozen,F17,"Frozen Rack 17, Level: E, Position # 017 -  Front"
F17E018,Frozen,F17,"Frozen Rack 17, Level: E, Position # 018 -  Back"
F17E019,Frozen,F17,"Frozen Rack 17, Level: E, Position # 019 -  Front"
F17E020,Frozen,F17,"Frozen Rack 17, Level: E, Position # 020 -  Back"
F17E021,Frozen,F17,"Frozen Rack 17, Level: E, Position # 021 -  Front"
F17E022,Frozen,F17,"Frozen Rack 17, Level: E, Position # 022 -  Back"
F17E023,Frozen,F17,"Frozen Rack 17, Level: E, Position # 023 -  Front"
F17E024,Frozen,F17,"Frozen Rack 17, Level: E, Position # 024 -  Back"
F17E025,Frozen,F17,"Frozen Rack 17, Level: E, Position # 025 -  Front"
F17E026,Frozen,F17,"Frozen Rack 17, Level: E, Position # 026 -  Back"
F17E027,Frozen,F17,"Frozen Rack 17, Level: E, Position # 027 -  Front"
F17E028,Frozen,F17,"Frozen Rack 17, Level: E, Position # 028 -  Back"
F17E029,Frozen,F17,"Frozen Rack 17, Level: E, Position # 029 -  Front"
F17E030,Frozen,F17,"Frozen Rack 17, Level: E, Position # 030 -  Back"
F17E031,Frozen,F17,"Frozen Rack 17, Level: E, Position # 031 -  Front"
F17E032,Frozen,F17,"Frozen Rack 17, Level: E, Position # 032 -  Back"
F17E033,Frozen,F17,"Frozen Rack 17, Level: E, Position # 033 -  Front"
F17E034,Frozen,F17,"Frozen Rack 17, Level: E, Position # 034 -  Back"
F17E035,Frozen,F17,"Frozen Rack 17, Level: E, Position # 035 -  Front"
F17E036,Frozen,F17,"Frozen Rack 17, Level: E, Position # 036 -  Back"
F17E037,Frozen,F17,"Frozen Rack 17, Level: E, Position # 037 -  Front"
F17E038,Frozen,F17,"Frozen Rack 17, Level: E, Position # 038 -  Back"
F17E039,Frozen,F17,"Frozen Rack 17, Level: E, Position # 039 -  Front"
F17E040,Frozen,F17,"Frozen Rack 17, Level: E, Position # 040 -  Back"
F17E041,Frozen,F17,"Frozen Rack 17, Level: E, Position # 041 -  Front"
F17E042,Frozen,F17,"Frozen Rack 17, Level: E, Position # 042 -  Back"
F17E043,Frozen,F17,"Frozen Rack 17, Level: E, Position # 043 -  Front"
F17E044,Frozen,F17,"Frozen Rack 17, Level: E, Position # 044 -  Back"
F17E045,Frozen,F17,"Frozen Rack 17, Level: E, Position # 045 -  Front"
F17E046,Frozen,F17,"Frozen Rack 17, Level: E, Position # 046 -  Back"
F17E047,Frozen,F17,"Frozen Rack 17, Level: E, Position # 047 -  Front"
F17E048,Frozen,F17,"Frozen Rack 17, Level: E, Position # 048 -  Back"
F17E049,Frozen,F17,"Frozen Rack 17, Level: E, Position # 049 -  Front"
F17E050,Frozen,F17,"Frozen Rack 17, Level: E, Position # 050 -  Back"
F17E051,Frozen,F17,"Frozen Rack 17, Level: E, Position # 051 -  Front"
F17E052,Frozen,F17,"Frozen Rack 17, Level: E, Position # 052 -  Back"
F17E053,Frozen,F17,"Frozen Rack 17, Level: E, Position # 053 -  Front"
F17E054,Frozen,F17,"Frozen Rack 17, Level: E, Position # 054 -  Back"
F17E055,Frozen,F17,"Frozen Rack 17, Level: E, Position # 055 -  Front"
F17E056,Frozen,F17,"Frozen Rack 17, Level: E, Position # 056 -  Back"
F17E057,Frozen,F17,"Frozen Rack 17, Level: E, Position # 057 -  Front"
F17E058,Frozen,F17,"Frozen Rack 17, Level: E, Position # 058 -  Back"
F17E059,Frozen,F17,"Frozen Rack 17, Level: E, Position # 059 -  Front"
F17E060,Frozen,F17,"Frozen Rack 17, Level: E, Position # 060 -  Back"
F17E061,Frozen,F17,"Frozen Rack 17, Level: E, Position # 061 -  Front"
F17E062,Frozen,F17,"Frozen Rack 17, Level: E, Position # 062 -  Back"
F17E063,Frozen,F17,"Frozen Rack 17, Level: E, Position # 063 -  Front"
F17E064,Frozen,F17,"Frozen Rack 17, Level: E, Position # 064 -  Back"
F17E065,Frozen,F17,"Frozen Rack 17, Level: E, Position # 065 -  Front"
F17E066,Frozen,F17,"Frozen Rack 17, Level: E, Position # 066 -  Back"
F17E067,Frozen,F17,"Frozen Rack 17, Level: E, Position # 067 -  Front"
F17E068,Frozen,F17,"Frozen Rack 17, Level: E, Position # 068 -  Back"
F17E069,Frozen,F17,"Frozen Rack 17, Level: E, Position # 069 -  Front"
F17E070,Frozen,F17,"Frozen Rack 17, Level: E, Position # 070 -  Back"
F17E071,Frozen,F17,"Frozen Rack 17, Level: E, Position # 071 -  Front"
F17E072,Frozen,F17,"Frozen Rack 17, Level: E, Position # 072 -  Back"
F17E073,Frozen,F17,"Frozen Rack 17, Level: E, Position # 073 -  Front"
F17E074,Frozen,F17,"Frozen Rack 17, Level: E, Position # 074 -  Back"
F17E075,Frozen,F17,"Frozen Rack 17, Level: E, Position # 075 -  Front"
F17E076,Frozen,F17,"Frozen Rack 17, Level: E, Position # 076 -  Back"
F17E077,Frozen,F17,"Frozen Rack 17, Level: E, Position # 077 -  Front"
F17E078,Frozen,F17,"Frozen Rack 17, Level: E, Position # 078 -  Back"
F17E079,Frozen,F17,"Frozen Rack 17, Level: E, Position # 079 -  Front"
F17E080,Frozen,F17,"Frozen Rack 17, Level: E, Position # 080 -  Back"
F17E081,Frozen,F17,"Frozen Rack 17, Level: E, Position # 081 -  Front"
F17E082,Frozen,F17,"Frozen Rack 17, Level: E, Position # 082 -  Back"
F17E083,Frozen,F17,"Frozen Rack 17, Level: E, Position # 083 -  Front"
F17E084,Frozen,F17,"Frozen Rack 17, Level: E, Position # 084 -  Back"
F17E085,Frozen,F17,"Frozen Rack 17, Level: E, Position # 085 -  Front"
F17E086,Frozen,F17,"Frozen Rack 17, Level: E, Position # 086 -  Back"
F17E087,Frozen,F17,"Frozen Rack 17, Level: E, Position # 087 -  Front"
F17E088,Frozen,F17,"Frozen Rack 17, Level: E, Position # 088 -  Back"
F17E089,Frozen,F17,"Frozen Rack 17, Level: E, Position # 089 -  Front"
F17E090,Frozen,F17,"Frozen Rack 17, Level: E, Position # 090 -  Back"
F17E091,Frozen,F17,"Frozen Rack 17, Level: E, Position # 091 -  Front"
F17E092,Frozen,F17,"Frozen Rack 17, Level: E, Position # 092 -  Back"
F17E093,Frozen,F17,"Frozen Rack 17, Level: E, Position # 093 -  Front"
F17E094,Frozen,F17,"Frozen Rack 17, Level: E, Position # 094 -  Back"
F17E095,Frozen,F17,"Frozen Rack 17, Level: E, Position # 095 -  Front"
F17E096,Frozen,F17,"Frozen Rack 17, Level: E, Position # 096 -  Back"
F17E097,Frozen,F17,"Frozen Rack 17, Level: E, Position # 097 -  Front"
F17E098,Frozen,F17,"Frozen Rack 17, Level: E, Position # 098 -  Back"
F17E099,Frozen,F17,"Frozen Rack 17, Level: E, Position # 099 -  Front"
F17E100,Frozen,F17,"Frozen Rack 17, Level: E, Position # 100 -  Back"
F17E101,Frozen,F17,"Frozen Rack 17, Level: E, Position # 101 -  Front"
F17E102,Frozen,F17,"Frozen Rack 17, Level: E, Position # 102 -  Back"
F17E103,Frozen,F17,"Frozen Rack 17, Level: E, Position # 103 -  Front"
F17E104,Frozen,F17,"Frozen Rack 17, Level: E, Position # 104 -  Back"
F17E105,Frozen,F17,"Frozen Rack 17, Level: E, Position # 105 -  Front"
F17E106,Frozen,F17,"Frozen Rack 17, Level: E, Position # 106 -  Back"
F17E107,Frozen,F17,"Frozen Rack 17, Level: E, Position # 107 -  Front"
F17E108,Frozen,F17,"Frozen Rack 17, Level: E, Position # 108 -  Back"
F17E109,Frozen,F17,"Frozen Rack 17, Level: E, Position # 109 -  Front"
F17E110,Frozen,F17,"Frozen Rack 17, Level: E, Position # 110 -  Back"
F17E111,Frozen,F17,"Frozen Rack 17, Level: E, Position # 111 -  Front"
F17E112,Frozen,F17,"Frozen Rack 17, Level: E, Position # 112 -  Back"
F18A001,Frozen,F18,"Frozen Rack 18, Level: A, Position # 001 -  Front"
F18A002,Frozen,F18,"Frozen Rack 18, Level: A, Position # 002 -  Back"
F18A003,Frozen,F18,"Frozen Rack 18, Level: A, Position # 003 -  Front"
F18A004,Frozen,F18,"Frozen Rack 18, Level: A, Position # 004 -  Back"
F18A005,Frozen,F18,"Frozen Rack 18, Level: A, Position # 005 -  Front"
F18A006,Frozen,F18,"Frozen Rack 18, Level: A, Position # 006 -  Back"
F18A007,Frozen,F18,"Frozen Rack 18, Level: A, Position # 007 -  Front"
F18A008,Frozen,F18,"Frozen Rack 18, Level: A, Position # 008 -  Back"
F18A009,Frozen,F18,"Frozen Rack 18, Level: A, Position # 009 -  Front"
F18A010,Frozen,F18,"Frozen Rack 18, Level: A, Position # 010 -  Back"
F18A011,Frozen,F18,"Frozen Rack 18, Level: A, Position # 011 -  Front"
F18A012,Frozen,F18,"Frozen Rack 18, Level: A, Position # 012 -  Back"
F18A019,Frozen,F18,"Frozen Rack 18, Level: A, Position # 019 -  Front"
F18A020,Frozen,F18,"Frozen Rack 18, Level: A, Position # 020 -  Back"
F18A021,Frozen,F18,"Frozen Rack 18, Level: A, Position # 021 -  Front"
F18A022,Frozen,F18,"Frozen Rack 18, Level: A, Position # 022 -  Back"
F18A023,Frozen,F18,"Frozen Rack 18, Level: A, Position # 023 -  Front"
F18A024,Frozen,F18,"Frozen Rack 18, Level: A, Position # 024 -  Back"
F18A025,Frozen,F18,"Frozen Rack 18, Level: A, Position # 025 -  Front"
F18A026,Frozen,F18,"Frozen Rack 18, Level: A, Position # 026 -  Back"
F18A027,Frozen,F18,"Frozen Rack 18, Level: A, Position # 027 -  Front"
F18A028,Frozen,F18,"Frozen Rack 18, Level: A, Position # 028 -  Back"
F18A029,Frozen,F18,"Frozen Rack 18, Level: A, Position # 029 -  Front"
F18A030,Frozen,F18,"Frozen Rack 18, Level: A, Position # 030 -  Back"
F18A031,Frozen,F18,"Frozen Rack 18, Level: A, Position # 031 -  Front"
F18A032,Frozen,F18,"Frozen Rack 18, Level: A, Position # 032 -  Back"
F18A033,Frozen,F18,"Frozen Rack 18, Level: A, Position # 033 -  Front"
F18A034,Frozen,F18,"Frozen Rack 18, Level: A, Position # 034 -  Back"
F18A035,Frozen,F18,"Frozen Rack 18, Level: A, Position # 035 -  Front"
F18A036,Frozen,F18,"Frozen Rack 18, Level: A, Position # 036 -  Back"
F18A037,Frozen,F18,"Frozen Rack 18, Level: A, Position # 037 -  Front"
F18A038,Frozen,F18,"Frozen Rack 18, Level: A, Position # 038 -  Back"
F18A039,Frozen,F18,"Frozen Rack 18, Level: A, Position # 039 -  Front"
F18A040,Frozen,F18,"Frozen Rack 18, Level: A, Position # 040 -  Back"
F18A041,Frozen,F18,"Frozen Rack 18, Level: A, Position # 041 -  Front"
F18A042,Frozen,F18,"Frozen Rack 18, Level: A, Position # 042 -  Back"
F18A043,Frozen,F18,"Frozen Rack 18, Level: A, Position # 043 -  Front"
F18A044,Frozen,F18,"Frozen Rack 18, Level: A, Position # 044 -  Back"
F18A045,Frozen,F18,"Frozen Rack 18, Level: A, Position # 045 -  Front"
F18A046,Frozen,F18,"Frozen Rack 18, Level: A, Position # 046 -  Back"
F18A047,Frozen,F18,"Frozen Rack 18, Level: A, Position # 047 -  Front"
F18A048,Frozen,F18,"Frozen Rack 18, Level: A, Position # 048 -  Back"
F18A049,Frozen,F18,"Frozen Rack 18, Level: A, Position # 049 -  Front"
F18A050,Frozen,F18,"Frozen Rack 18, Level: A, Position # 050 -  Back"
F18A051,Frozen,F18,"Frozen Rack 18, Level: A, Position # 051 -  Front"
F18A052,Frozen,F18,"Frozen Rack 18, Level: A, Position # 052 -  Back"
F18A053,Frozen,F18,"Frozen Rack 18, Level: A, Position # 053 -  Front"
F18A054,Frozen,F18,"Frozen Rack 18, Level: A, Position # 054 -  Back"
F18A061,Frozen,F18,"Frozen Rack 18, Level: A, Position # 061 -  Front"
F18A062,Frozen,F18,"Frozen Rack 18, Level: A, Position # 062 -  Back"
F18A063,Frozen,F18,"Frozen Rack 18, Level: A, Position # 063 -  Front"
F18A064,Frozen,F18,"Frozen Rack 18, Level: A, Position # 064 -  Back"
F18A065,Frozen,F18,"Frozen Rack 18, Level: A, Position # 065 -  Front"
F18A066,Frozen,F18,"Frozen Rack 18, Level: A, Position # 066 -  Back"
F18A067,Frozen,F18,"Frozen Rack 18, Level: A, Position # 067 -  Front"
F18A068,Frozen,F18,"Frozen Rack 18, Level: A, Position # 068 -  Back"
F18A069,Frozen,F18,"Frozen Rack 18, Level: A, Position # 069 -  Front"
F18A070,Frozen,F18,"Frozen Rack 18, Level: A, Position # 070 -  Back"
F18A071,Frozen,F18,"Frozen Rack 18, Level: A, Position # 071 -  Front"
F18A072,Frozen,F18,"Frozen Rack 18, Level: A, Position # 072 -  Back"
F18A073,Frozen,F18,"Frozen Rack 18, Level: A, Position # 073 -  Front"
F18A074,Frozen,F18,"Frozen Rack 18, Level: A, Position # 074 -  Back"
F18A075,Frozen,F18,"Frozen Rack 18, Level: A, Position # 075 -  Front"
F18A076,Frozen,F18,"Frozen Rack 18, Level: A, Position # 076 -  Back"
F18A077,Frozen,F18,"Frozen Rack 18, Level: A, Position # 077 -  Front"
F18A078,Frozen,F18,"Frozen Rack 18, Level: A, Position # 078 -  Back"
F18A079,Frozen,F18,"Frozen Rack 18, Level: A, Position # 079 -  Front"
F18A080,Frozen,F18,"Frozen Rack 18, Level: A, Position # 080 -  Back"
F18A081,Frozen,F18,"Frozen Rack 18, Level: A, Position # 081 -  Front"
F18A082,Frozen,F18,"Frozen Rack 18, Level: A, Position # 082 -  Back"
F18A083,Frozen,F18,"Frozen Rack 18, Level: A, Position # 083 -  Front"
F18A084,Frozen,F18,"Frozen Rack 18, Level: A, Position # 084 -  Back"
F18A085,Frozen,F18,"Frozen Rack 18, Level: A, Position # 085 -  Front"
F18A086,Frozen,F18,"Frozen Rack 18, Level: A, Position # 086 -  Back"
F18A087,Frozen,F18,"Frozen Rack 18, Level: A, Position # 087 -  Front"
F18A088,Frozen,F18,"Frozen Rack 18, Level: A, Position # 088 -  Back"
F18A089,Frozen,F18,"Frozen Rack 18, Level: A, Position # 089 -  Front"
F18A090,Frozen,F18,"Frozen Rack 18, Level: A, Position # 090 -  Back"
F18A091,Frozen,F18,"Frozen Rack 18, Level: A, Position # 091 -  Front"
F18A092,Frozen,F18,"Frozen Rack 18, Level: A, Position # 092 -  Back"
F18A093,Frozen,F18,"Frozen Rack 18, Level: A, Position # 093 -  Front"
F18A094,Frozen,F18,"Frozen Rack 18, Level: A, Position # 094 -  Back"
F18A095,Frozen,F18,"Frozen Rack 18, Level: A, Position # 095 -  Front"
F18A096,Frozen,F18,"Frozen Rack 18, Level: A, Position # 096 -  Back"
F18A103,Frozen,F18,"Frozen Rack 18, Level: A, Position # 103 -  Front"
F18A104,Frozen,F18,"Frozen Rack 18, Level: A, Position # 104 -  Back"
F18A105,Frozen,F18,"Frozen Rack 18, Level: A, Position # 105 -  Front"
F18A106,Frozen,F18,"Frozen Rack 18, Level: A, Position # 106 -  Back"
F18A107,Frozen,F18,"Frozen Rack 18, Level: A, Position # 107 -  Front"
F18A108,Frozen,F18,"Frozen Rack 18, Level: A, Position # 108 -  Back"
F18A109,Frozen,F18,"Frozen Rack 18, Level: A, Position # 109 -  Front"
F18A110,Frozen,F18,"Frozen Rack 18, Level: A, Position # 110 -  Back"
F18B001,Frozen,F18,"Frozen Rack 18, Level: B, Position # 001 -  Front"
F18B002,Frozen,F18,"Frozen Rack 18, Level: B, Position # 002 -  Back"
F18B003,Frozen,F18,"Frozen Rack 18, Level: B, Position # 003 -  Front"
F18B004,Frozen,F18,"Frozen Rack 18, Level: B, Position # 004 -  Back"
F18B005,Frozen,F18,"Frozen Rack 18, Level: B, Position # 005 -  Front"
F18B006,Frozen,F18,"Frozen Rack 18, Level: B, Position # 006 -  Back"
F18B007,Frozen,F18,"Frozen Rack 18, Level: B, Position # 007 -  Front"
F18B008,Frozen,F18,"Frozen Rack 18, Level: B, Position # 008 -  Back"
F18B009,Frozen,F18,"Frozen Rack 18, Level: B, Position # 009 -  Front"
F18B010,Frozen,F18,"Frozen Rack 18, Level: B, Position # 010 -  Back"
F18B011,Frozen,F18,"Frozen Rack 18, Level: B, Position # 011 -  Front"
F18B012,Frozen,F18,"Frozen Rack 18, Level: B, Position # 012 -  Back"
F18B019,Frozen,F18,"Frozen Rack 18, Level: B, Position # 019 -  Front"
F18B020,Frozen,F18,"Frozen Rack 18, Level: B, Position # 020 -  Back"
F18B021,Frozen,F18,"Frozen Rack 18, Level: B, Position # 021 -  Front"
F18B022,Frozen,F18,"Frozen Rack 18, Level: B, Position # 022 -  Back"
F18B023,Frozen,F18,"Frozen Rack 18, Level: B, Position # 023 -  Front"
F18B024,Frozen,F18,"Frozen Rack 18, Level: B, Position # 024 -  Back"
F18B025,Frozen,F18,"Frozen Rack 18, Level: B, Position # 025 -  Front"
F18B026,Frozen,F18,"Frozen Rack 18, Level: B, Position # 026 -  Back"
F18B027,Frozen,F18,"Frozen Rack 18, Level: B, Position # 027 -  Front"
F18B028,Frozen,F18,"Frozen Rack 18, Level: B, Position # 028 -  Back"
F18B029,Frozen,F18,"Frozen Rack 18, Level: B, Position # 029 -  Front"
F18B030,Frozen,F18,"Frozen Rack 18, Level: B, Position # 030 -  Back"
F18B031,Frozen,F18,"Frozen Rack 18, Level: B, Position # 031 -  Front"
F18B032,Frozen,F18,"Frozen Rack 18, Level: B, Position # 032 -  Back"
F18B033,Frozen,F18,"Frozen Rack 18, Level: B, Position # 033 -  Front"
F18B034,Frozen,F18,"Frozen Rack 18, Level: B, Position # 034 -  Back"
F18B035,Frozen,F18,"Frozen Rack 18, Level: B, Position # 035 -  Front"
F18B036,Frozen,F18,"Frozen Rack 18, Level: B, Position # 036 -  Back"
F18B037,Frozen,F18,"Frozen Rack 18, Level: B, Position # 037 -  Front"
F18B038,Frozen,F18,"Frozen Rack 18, Level: B, Position # 038 -  Back"
F18B039,Frozen,F18,"Frozen Rack 18, Level: B, Position # 039 -  Front"
F18B040,Frozen,F18,"Frozen Rack 18, Level: B, Position # 040 -  Back"
F18B041,Frozen,F18,"Frozen Rack 18, Level: B, Position # 041 -  Front"
F18B042,Frozen,F18,"Frozen Rack 18, Level: B, Position # 042 -  Back"
F18B043,Frozen,F18,"Frozen Rack 18, Level: B, Position # 043 -  Front"
F18B044,Frozen,F18,"Frozen Rack 18, Level: B, Position # 044 -  Back"
F18B045,Frozen,F18,"Frozen Rack 18, Level: B, Position # 045 -  Front"
F18B046,Frozen,F18,"Frozen Rack 18, Level: B, Position # 046 -  Back"
F18B047,Frozen,F18,"Frozen Rack 18, Level: B, Position # 047 -  Front"
F18B048,Frozen,F18,"Frozen Rack 18, Level: B, Position # 048 -  Back"
F18B049,Frozen,F18,"Frozen Rack 18, Level: B, Position # 049 -  Front"
F18B050,Frozen,F18,"Frozen Rack 18, Level: B, Position # 050 -  Back"
F18B051,Frozen,F18,"Frozen Rack 18, Level: B, Position # 051 -  Front"
F18B052,Frozen,F18,"Frozen Rack 18, Level: B, Position # 052 -  Back"
F18B053,Frozen,F18,"Frozen Rack 18, Level: B, Position # 053 -  Front"
F18B054,Frozen,F18,"Frozen Rack 18, Level: B, Position # 054 -  Back"
F18B061,Frozen,F18,"Frozen Rack 18, Level: B, Position # 061 -  Front"
F18B062,Frozen,F18,"Frozen Rack 18, Level: B, Position # 062 -  Back"
F18B063,Frozen,F18,"Frozen Rack 18, Level: B, Position # 063 -  Front"
F18B064,Frozen,F18,"Frozen Rack 18, Level: B, Position # 064 -  Back"
F18B065,Frozen,F18,"Frozen Rack 18, Level: B, Position # 065 -  Front"
F18B066,Frozen,F18,"Frozen Rack 18, Level: B, Position # 066 -  Back"
F18B067,Frozen,F18,"Frozen Rack 18, Level: B, Position # 067 -  Front"
F18B068,Frozen,F18,"Frozen Rack 18, Level: B, Position # 068 -  Back"
F18B069,Frozen,F18,"Frozen Rack 18, Level: B, Position # 069 -  Front"
F18B070,Frozen,F18,"Frozen Rack 18, Level: B, Position # 070 -  Back"
F18B071,Frozen,F18,"Frozen Rack 18, Level: B, Position # 071 -  Front"
F18B072,Frozen,F18,"Frozen Rack 18, Level: B, Position # 072 -  Back"
F18B073,Frozen,F18,"Frozen Rack 18, Level: B, Position # 073 -  Front"
F18B074,Frozen,F18,"Frozen Rack 18, Level: B, Position # 074 -  Back"
F18B075,Frozen,F18,"Frozen Rack 18, Level: B, Position # 075 -  Front"
F18B076,Frozen,F18,"Frozen Rack 18, Level: B, Position # 076 -  Back"
F18B077,Frozen,F18,"Frozen Rack 18, Level: B, Position # 077 -  Front"
F18B078,Frozen,F18,"Frozen Rack 18, Level: B, Position # 078 -  Back"
F18B079,Frozen,F18,"Frozen Rack 18, Level: B, Position # 079 -  Front"
F18B080,Frozen,F18,"Frozen Rack 18, Level: B, Position # 080 -  Back"
F18B081,Frozen,F18,"Frozen Rack 18, Level: B, Position # 081 -  Front"
F18B082,Frozen,F18,"Frozen Rack 18, Level: B, Position # 082 -  Back"
F18B083,Frozen,F18,"Frozen Rack 18, Level: B, Position # 083 -  Front"
F18B084,Frozen,F18,"Frozen Rack 18, Level: B, Position # 084 -  Back"
F18B085,Frozen,F18,"Frozen Rack 18, Level: B, Position # 085 -  Front"
F18B086,Frozen,F18,"Frozen Rack 18, Level: B, Position # 086 -  Back"
F18B087,Frozen,F18,"Frozen Rack 18, Level: B, Position # 087 -  Front"
F18B088,Frozen,F18,"Frozen Rack 18, Level: B, Position # 088 -  Back"
F18B089,Frozen,F18,"Frozen Rack 18, Level: B, Position # 089 -  Front"
F18B090,Frozen,F18,"Frozen Rack 18, Level: B, Position # 090 -  Back"
F18B091,Frozen,F18,"Frozen Rack 18, Level: B, Position # 091 -  Front"
F18B092,Frozen,F18,"Frozen Rack 18, Level: B, Position # 092 -  Back"
F18B093,Frozen,F18,"Frozen Rack 18, Level: B, Position # 093 -  Front"
F18B094,Frozen,F18,"Frozen Rack 18, Level: B, Position # 094 -  Back"
F18B095,Frozen,F18,"Frozen Rack 18, Level: B, Position # 095 -  Front"
F18B096,Frozen,F18,"Frozen Rack 18, Level: B, Position # 096 -  Back"
F18B103,Frozen,F18,"Frozen Rack 18, Level: B, Position # 103 -  Front"
F18B104,Frozen,F18,"Frozen Rack 18, Level: B, Position # 104 -  Back"
F18B105,Frozen,F18,"Frozen Rack 18, Level: B, Position # 105 -  Front"
F18B106,Frozen,F18,"Frozen Rack 18, Level: B, Position # 106 -  Back"
F18B107,Frozen,F18,"Frozen Rack 18, Level: B, Position # 107 -  Front"
F18B108,Frozen,F18,"Frozen Rack 18, Level: B, Position # 108 -  Back"
F18B109,Frozen,F18,"Frozen Rack 18, Level: B, Position # 109 -  Front"
F18B110,Frozen,F18,"Frozen Rack 18, Level: B, Position # 110 -  Back"
F18C001,Frozen,F18,"Frozen Rack 18, Level: C, Position # 001 -  Front"
F18C002,Frozen,F18,"Frozen Rack 18, Level: C, Position # 002 -  Back"
F18C003,Frozen,F18,"Frozen Rack 18, Level: C, Position # 003 -  Front"
F18C004,Frozen,F18,"Frozen Rack 18, Level: C, Position # 004 -  Back"
F18C005,Frozen,F18,"Frozen Rack 18, Level: C, Position # 005 -  Front"
F18C006,Frozen,F18,"Frozen Rack 18, Level: C, Position # 006 -  Back"
F18C007,Frozen,F18,"Frozen Rack 18, Level: C, Position # 007 -  Front"
F18C008,Frozen,F18,"Frozen Rack 18, Level: C, Position # 008 -  Back"
F18C009,Frozen,F18,"Frozen Rack 18, Level: C, Position # 009 -  Front"
F18C010,Frozen,F18,"Frozen Rack 18, Level: C, Position # 010 -  Back"
F18C011,Frozen,F18,"Frozen Rack 18, Level: C, Position # 011 -  Front"
F18C012,Frozen,F18,"Frozen Rack 18, Level: C, Position # 012 -  Back"
F18C013,Frozen,F18,"Frozen Rack 18, Level: C, Position # 013 -  Front"
F18C015,Frozen,F18,"Frozen Rack 18, Level: C, Position # 015 - Front"
F18C016,Frozen,F18,"Frozen Rack 18, Level: C, Position # 016 - Back"
F18C017,Frozen,F18,"Frozen Rack 18, Level: C, Position # 017 - Front"
F18C018,Frozen,F18,"Frozen Rack 18, Level: C, Position # 018 - Back"
F18C019,Frozen,F18,"Frozen Rack 18, Level: C, Position # 019 -  Front"
F18C020,Frozen,F18,"Frozen Rack 18, Level: C, Position # 020 -  Back"
F18C021,Frozen,F18,"Frozen Rack 18, Level: C, Position # 021 -  Front"
F18C022,Frozen,F18,"Frozen Rack 18, Level: C, Position # 022 -  Back"
F18C023,Frozen,F18,"Frozen Rack 18, Level: C, Position # 023 -  Front"
F18C024,Frozen,F18,"Frozen Rack 18, Level: C, Position # 024 -  Back"
F18C025,Frozen,F18,"Frozen Rack 18, Level: C, Position # 025 -  Front"
F18C026,Frozen,F18,"Frozen Rack 18, Level: C, Position # 026 -  Back"
F18C027,Frozen,F18,"Frozen Rack 18, Level: C, Position # 027 -  Front"
F18C028,Frozen,F18,"Frozen Rack 18, Level: C, Position # 028 -  Back"
F18C029,Frozen,F18,"Frozen Rack 18, Level: C, Position # 029 -  Front"
F18C030,Frozen,F18,"Frozen Rack 18, Level: C, Position # 030 -  Back"
F18C031,Frozen,F18,"Frozen Rack 18, Level: C, Position # 031 -  Front"
F18C032,Frozen,F18,"Frozen Rack 18, Level: C, Position # 032 -  Back"
F18C033,Frozen,F18,"Frozen Rack 18, Level: C, Position # 033 -  Front"
F18C034,Frozen,F18,"Frozen Rack 18, Level: C, Position # 034 -  Back"
F18C035,Frozen,F18,"Frozen Rack 18, Level: C, Position # 035 -  Front"
F18C036,Frozen,F18,"Frozen Rack 18, Level: C, Position # 036 -  Back"
F18C037,Frozen,F18,"Frozen Rack 18, Level: C, Position # 037 -  Front"
F18C038,Frozen,F18,"Frozen Rack 18, Level: C, Position # 038 -  Back"
F18C039,Frozen,F18,"Frozen Rack 18, Level: C, Position # 039 -  Front"
F18C040,Frozen,F18,"Frozen Rack 18, Level: C, Position # 040 -  Back"
F18C041,Frozen,F18,"Frozen Rack 18, Level: C, Position # 041 -  Front"
F18C042,Frozen,F18,"Frozen Rack 18, Level: C, Position # 042 -  Back"
F18C043,Frozen,F18,"Frozen Rack 18, Level: C, Position # 043 -  Front"
F18C044,Frozen,F18,"Frozen Rack 18, Level: C, Position # 044 -  Back"
F18C045,Frozen,F18,"Frozen Rack 18, Level: C, Position # 045 -  Front"
F18C046,Frozen,F18,"Frozen Rack 18, Level: C, Position # 046 -  Back"
F18C047,Frozen,F18,"Frozen Rack 18, Level: C, Position # 047 -  Front"
F18C048,Frozen,F18,"Frozen Rack 18, Level: C, Position # 048 -  Back"
F18C049,Frozen,F18,"Frozen Rack 18, Level: C, Position # 049 -  Front"
F18C050,Frozen,F18,"Frozen Rack 18, Level: C, Position # 050 -  Back"
F18C051,Frozen,F18,"Frozen Rack 18, Level: C, Position # 051 -  Front"
F18C052,Frozen,F18,"Frozen Rack 18, Level: C, Position # 052 -  Back"
F18C053,Frozen,F18,"Frozen Rack 18, Level: C, Position # 053 -  Front"
F18C054,Frozen,F18,"Frozen Rack 18, Level: C, Position # 054 -  Back"
F18C055,Frozen,F18,"Frozen Rack 18 , Level: C, Position # 055 - Front"
F18C056,Frozen,F18,"Frozen Rack 18 , Level: C, Position # 056 - Back"
F18C057,Frozen,F18,"Frozen Rack 18 , Level: C, Position # 057 - Front"
F18C058,Frozen,F18,"Frozen Rack 18 , Level: C, Position # 058 - Back"
F18C059,Frozen,F18,"Frozen Rack 18 , Level: C, Position # 059 - Front"
F18C060,Frozen,F18,"Frozen Rack 18 , Level: C, Position # 060 - Back"
F18C061,Frozen,F18,"Frozen Rack 18, Level: C, Position # 061 -  Front"
F18C062,Frozen,F18,"Frozen Rack 18, Level: C, Position # 062 -  Back"
F18C063,Frozen,F18,"Frozen Rack 18, Level: C, Position # 063 -  Front"
F18C064,Frozen,F18,"Frozen Rack 18, Level: C, Position # 064 -  Back"
F18C065,Frozen,F18,"Frozen Rack 18, Level: C, Position # 065 -  Front"
F18C066,Frozen,F18,"Frozen Rack 18, Level: C, Position # 066 -  Back"
F18C067,Frozen,F18,"Frozen Rack 18, Level: C, Position # 067 -  Front"
F18C068,Frozen,F18,"Frozen Rack 18, Level: C, Position # 068 -  Back"
F18C069,Frozen,F18,"Frozen Rack 18, Level: C, Position # 069 -  Front"
F18C070,Frozen,F18,"Frozen Rack 18, Level: C, Position # 070 -  Back"
F18C071,Frozen,F18,"Frozen Rack 18, Level: C, Position # 071 -  Front"
F18C072,Frozen,F18,"Frozen Rack 18, Level: C, Position # 072 -  Back"
F18C073,Frozen,F18,"Frozen Rack 18, Level: C, Position # 073 -  Front"
F18C074,Frozen,F18,"Frozen Rack 18, Level: C, Position # 074 -  Back"
F18C075,Frozen,F18,"Frozen Rack 18, Level: C, Position # 075 -  Front"
F18C076,Frozen,F18,"Frozen Rack 18, Level: C, Position # 076 -  Back"
F18C077,Frozen,F18,"Frozen Rack 18, Level: C, Position # 077 -  Front"
F18C078,Frozen,F18,"Frozen Rack 18, Level: C, Position # 078 -  Back"
F18C079,Frozen,F18,"Frozen Rack 18, Level: C, Position # 079 -  Front"
F18C080,Frozen,F18,"Frozen Rack 18, Level: C, Position # 080 -  Back"
F18C081,Frozen,F18,"Frozen Rack 18, Level: C, Position # 081 -  Front"
F18C082,Frozen,F18,"Frozen Rack 18, Level: C, Position # 082 -  Back"
F18C083,Frozen,F18,"Frozen Rack 18, Level: C, Position # 083 -  Front"
F18C084,Frozen,F18,"Frozen Rack 18, Level: C, Position # 084 -  Back"
F18C085,Frozen,F18,"Frozen Rack 18, Level: C, Position # 085 -  Front"
F18C086,Frozen,F18,"Frozen Rack 18, Level: C, Position # 086 -  Back"
F18C087,Frozen,F18,"Frozen Rack 18, Level: C, Position # 087 -  Front"
F18C088,Frozen,F18,"Frozen Rack 18, Level: C, Position # 088 -  Back"
F18C089,Frozen,F18,"Frozen Rack 18, Level: C, Position # 089 -  Front"
F18C090,Frozen,F18,"Frozen Rack 18, Level: C, Position # 090 -  Back"
F18C091,Frozen,F18,"Frozen Rack 18, Level: C, Position # 091 -  Front"
F18C092,Frozen,F18,"Frozen Rack 18, Level: C, Position # 092 -  Back"
F18C093,Frozen,F18,"Frozen Rack 18, Level: C, Position # 093 -  Front"
F18C094,Frozen,F18,"Frozen Rack 18, Level: C, Position # 094 -  Back"
F18C095,Frozen,F18,"Frozen Rack 18, Level: C, Position # 095 -  Front"
F18C096,Frozen,F18,"Frozen Rack 18, Level: C, Position # 096 -  Back"
F18C097,Frozen,F18,"Frozen Rack 18, Level: C, Position # 097 -  Front"
F18C098,Frozen,F18,"Frozen Rack 18, Level: C, Position # 098 -  Back"
F18C099,Frozen,F18,"Frozen Rack 18, Level: C, Position # 099 -  Front"
F18C100,Frozen,F18,"Frozen Rack 18, Level: C, Position # 100 -  Back"
F18C101,Frozen,F18,"Frozen Rack 18, Level: C, Position # 101 -  Front"
F18C102,Frozen,F18,"Frozen Rack 18, Level: C, Position # 102 -  Back"
F18C103,Frozen,F18,"Frozen Rack 18, Level: C, Position # 103 -  Front"
F18C104,Frozen,F18,"Frozen Rack 18, Level: C, Position # 104 -  Back"
F18C105,Frozen,F18,"Frozen Rack 18, Level: C, Position # 105 -  Front"
F18C106,Frozen,F18,"Frozen Rack 18, Level: C, Position # 106 -  Back"
F18C107,Frozen,F18,"Frozen Rack 18, Level: C, Position # 107 -  Front"
F18C108,Frozen,F18,"Frozen Rack 18, Level: C, Position # 108 -  Back"
F18C109,Frozen,F18,"Frozen Rack 18, Level: C, Position # 109 -  Front"
F18C110,Frozen,F18,"Frozen Rack 18, Level: C, Position # 110 -  Back"
F18C111,Frozen,F18,"Frozen Rack 18, Level: C, Position # 111 -  Back"
F18C112,Frozen,F18,"Frozen Rack 18, Level: C, Position # 112 -  Back"
F18D001,Frozen,F18,"Frozen Rack 18, Level: D, Position # 001 -  Front"
F18D002,Frozen,F18,"Frozen Rack 18, Level: D, Position # 002 -  Back"
F18D003,Frozen,F18,"Frozen Rack 18, Level: D, Position # 003 -  Front"
F18D004,Frozen,F18,"Frozen Rack 18, Level: D, Position # 004 -  Back"
F18D005,Frozen,F18,"Frozen Rack 18, Level: D, Position # 005 -  Front"
F18D006,Frozen,F18,"Frozen Rack 18, Level: D, Position # 006 -  Back"
F18D007,Frozen,F18,"Frozen Rack 18, Level: D, Position # 007 -  Front"
F18D008,Frozen,F18,"Frozen Rack 18, Level: D, Position # 008 -  Back"
F18D009,Frozen,F18,"Frozen Rack 18, Level: D, Position # 009 -  Front"
F18D010,Frozen,F18,"Frozen Rack 18, Level: D, Position # 010 -  Back"
F18D011,Frozen,F18,"Frozen Rack 18, Level: D, Position # 011 -  Front"
F18D012,Frozen,F18,"Frozen Rack 18, Level: D, Position # 012 -  Back"
F18D013,Frozen,F18,"Frozen Rack 18, Level: D, Position # 013 -  Front"
F18D014,Frozen,F18,"Frozen Rack 18, Level: D, Position # 014 -  Back"
F18D015,Frozen,F18,"Frozen Rack 18, Level: D, Position # 015 -  Front"
F18D016,Frozen,F18,"Frozen Rack 18, Level: D, Position # 016 -  Back"
F18D017,Frozen,F18,"Frozen Rack 18, Level: D, Position # 017 -  Front"
F18D018,Frozen,F18,"Frozen Rack 18, Level: D, Position # 018 -  Back"
F18D019,Frozen,F18,"Frozen Rack 18, Level: D, Position # 019 -  Front"
F18D020,Frozen,F18,"Frozen Rack 18, Level: D, Position # 020 -  Back"
F18D021,Frozen,F18,"Frozen Rack 18, Level: D, Position # 021 -  Front"
F18D022,Frozen,F18,"Frozen Rack 18, Level: D, Position # 022 -  Back"
F18D023,Frozen,F18,"Frozen Rack 18, Level: D, Position # 023 -  Front"
F18D024,Frozen,F18,"Frozen Rack 18, Level: D, Position # 024 -  Back"
F18D025,Frozen,F18,"Frozen Rack 18, Level: D, Position # 025 -  Front"
F18D026,Frozen,F18,"Frozen Rack 18, Level: D, Position # 026 -  Back"
F18D027,Frozen,F18,"Frozen Rack 18, Level: D, Position # 027 -  Front"
F18D028,Frozen,F18,"Frozen Rack 18, Level: D, Position # 028 -  Back"
F18D029,Frozen,F18,"Frozen Rack 18, Level: D, Position # 029 -  Front"
F18D030,Frozen,F18,"Frozen Rack 18, Level: D, Position # 030 -  Back"
F18D031,Frozen,F18,"Frozen Rack 18, Level: D, Position # 031 -  Front"
F18D032,Frozen,F18,"Frozen Rack 18, Level: D, Position # 032 -  Back"
F18D033,Frozen,F18,"Frozen Rack 18, Level: D, Position # 033 -  Front"
F18D034,Frozen,F18,"Frozen Rack 18, Level: D, Position # 034 -  Back"
F18D035,Frozen,F18,"Frozen Rack 18, Level: D, Position # 035 -  Front"
F18D036,Frozen,F18,"Frozen Rack 18, Level: D, Position # 036 -  Back"
F18D037,Frozen,F18,"Frozen Rack 18, Level: D, Position # 037 -  Front"
F18D038,Frozen,F18,"Frozen Rack 18, Level: D, Position # 038 -  Back"
F18D039,Frozen,F18,"Frozen Rack 18, Level: D, Position # 039 -  Front"
F18D040,Frozen,F18,"Frozen Rack 18, Level: D, Position # 040 -  Back"
F18D041,Frozen,F18,"Frozen Rack 18, Level: D, Position # 041 -  Front"
F18D042,Frozen,F18,"Frozen Rack 18, Level: D, Position # 042 -  Back"
F18D043,Frozen,F18,"Frozen Rack 18, Level: D, Position # 043 -  Front"
F18D044,Frozen,F18,"Frozen Rack 18, Level: D, Position # 044 -  Back"
F18D045,Frozen,F18,"Frozen Rack 18, Level: D, Position # 045 -  Front"
F18D046,Frozen,F18,"Frozen Rack 18, Level: D, Position # 046 -  Back"
F18D047,Frozen,F18,"Frozen Rack 18, Level: D, Position # 047 -  Front"
F18D048,Frozen,F18,"Frozen Rack 18, Level: D, Position # 048 -  Back"
F18D049,Frozen,F18,"Frozen Rack 18, Level: D, Position # 049 -  Front"
F18D050,Frozen,F18,"Frozen Rack 18, Level: D, Position # 050 -  Back"
F18D051,Frozen,F18,"Frozen Rack 18, Level: D, Position # 051 -  Front"
F18D052,Frozen,F18,"Frozen Rack 18, Level: D, Position # 052 -  Back"
F18D053,Frozen,F18,"Frozen Rack 18, Level: D, Position # 053 -  Front"
F18D054,Frozen,F18,"Frozen Rack 18, Level: D, Position # 054 -  Back"
F18D055,Frozen,F18,"Frozen Rack 18, Level: D, Position # 055 -  Front"
F18D056,Frozen,F18,"Frozen Rack 18, Level: D, Position # 056 -  Back"
F18D057,Frozen,F18,"Frozen Rack 18, Level: D, Position # 057 -  Front"
F18D058,Frozen,F18,"Frozen Rack 18, Level: D, Position # 058 -  Back"
F18D059,Frozen,F18,"Frozen Rack 18, Level: D, Position # 059 -  Front"
F18D060,Frozen,F18,"Frozen Rack 18, Level: D, Position # 060 -  Back"
F18D061,Frozen,F18,"Frozen Rack 18, Level: D, Position # 061 -  Front"
F18D062,Frozen,F18,"Frozen Rack 18, Level: D, Position # 062 -  Back"
F18D063,Frozen,F18,"Frozen Rack 18, Level: D, Position # 063 -  Front"
F18D064,Frozen,F18,"Frozen Rack 18, Level: D, Position # 064 -  Back"
F18D065,Frozen,F18,"Frozen Rack 18, Level: D, Position # 065 -  Front"
F18D066,Frozen,F18,"Frozen Rack 18, Level: D, Position # 066 -  Back"
F18D067,Frozen,F18,"Frozen Rack 18, Level: D, Position # 067 -  Front"
F18D068,Frozen,F18,"Frozen Rack 18, Level: D, Position # 068 -  Back"
F18D069,Frozen,F18,"Frozen Rack 18, Level: D, Position # 069 -  Front"
F18D070,Frozen,F18,"Frozen Rack 18, Level: D, Position # 070 -  Back"
F18D071,Frozen,F18,"Frozen Rack 18, Level: D, Position # 071 -  Front"
F18D072,Frozen,F18,"Frozen Rack 18, Level: D, Position # 072 -  Back"
F18D073,Frozen,F18,"Frozen Rack 18, Level: D, Position # 073 -  Front"
F18D074,Frozen,F18,"Frozen Rack 18, Level: D, Position # 074 -  Back"
F18D075,Frozen,F18,"Frozen Rack 18, Level: D, Position # 075 -  Front"
F18D076,Frozen,F18,"Frozen Rack 18, Level: D, Position # 076 -  Back"
F18D077,Frozen,F18,"Frozen Rack 18, Level: D, Position # 077 -  Front"
F18D078,Frozen,F18,"Frozen Rack 18, Level: D, Position # 078 -  Back"
F18D079,Frozen,F18,"Frozen Rack 18, Level: D, Position # 079 -  Front"
F18D080,Frozen,F18,"Frozen Rack 18, Level: D, Position # 080 -  Back"
F18D081,Frozen,F18,"Frozen Rack 18, Level: D, Position # 081 -  Front"
F18D082,Frozen,F18,"Frozen Rack 18, Level: D, Position # 082 -  Back"
F18D083,Frozen,F18,"Frozen Rack 18, Level: D, Position # 083 -  Front"
F18D084,Frozen,F18,"Frozen Rack 18, Level: D, Position # 084 -  Back"
F18D085,Frozen,F18,"Frozen Rack 18, Level: D, Position # 085 -  Front"
F18D086,Frozen,F18,"Frozen Rack 18, Level: D, Position # 086 -  Back"
F18D087,Frozen,F18,"Frozen Rack 18, Level: D, Position # 087 -  Front"
F18D088,Frozen,F18,"Frozen Rack 18, Level: D, Position # 088 -  Back"
F18D089,Frozen,F18,"Frozen Rack 18, Level: D, Position # 089 -  Front"
F18D090,Frozen,F18,"Frozen Rack 18, Level: D, Position # 090 -  Back"
F18D091,Frozen,F18,"Frozen Rack 18, Level: D, Position # 091 -  Front"
F18D092,Frozen,F18,"Frozen Rack 18, Level: D, Position # 092 -  Back"
F18D093,Frozen,F18,"Frozen Rack 18, Level: D, Position # 093 -  Front"
F18D094,Frozen,F18,"Frozen Rack 18, Level: D, Position # 094 -  Back"
F18D095,Frozen,F18,"Frozen Rack 18, Level: D, Position # 095 -  Front"
F18D096,Frozen,F18,"Frozen Rack 18, Level: D, Position # 096 -  Back"
F18D097,Frozen,F18,"Frozen Rack 18, Level: D, Position # 097 -  Front"
F18D098,Frozen,F18,"Frozen Rack 18, Level: D, Position # 098 -  Back"
F18D099,Frozen,F18,"Frozen Rack 18, Level: D, Position # 099 -  Front"
F18D100,Frozen,F18,"Frozen Rack 18, Level: D, Position # 100 -  Back"
F18D101,Frozen,F18,"Frozen Rack 18, Level: D, Position # 101 -  Front"
F18D102,Frozen,F18,"Frozen Rack 18, Level: D, Position # 102 -  Back"
F18D103,Frozen,F18,"Frozen Rack 18, Level: D, Position # 103 -  Front"
F18D104,Frozen,F18,"Frozen Rack 18, Level: D, Position # 104 -  Back"
F18D105,Frozen,F18,"Frozen Rack 18, Level: D, Position # 105 -  Front"
F18D106,Frozen,F18,"Frozen Rack 18, Level: D, Position # 106 -  Back"
F18D107,Frozen,F18,"Frozen Rack 18, Level: D, Position # 107 -  Front"
F18D108,Frozen,F18,"Frozen Rack 18, Level: D, Position # 108 -  Back"
F18D109,Frozen,F18,"Frozen Rack 18, Level: D, Position # 109 -  Front"
F18D110,Frozen,F18,"Frozen Rack 18, Level: D, Position # 110 -  Back"
F18E001,Frozen,F18,"Frozen Rack 18, Level: E, Position # 001 -  Front"
F18E002,Frozen,F18,"Frozen Rack 18, Level: E, Position # 002 -  Back"
F18E003,Frozen,F18,"Frozen Rack 18, Level: E, Position # 003 -  Front"
F18E004,Frozen,F18,"Frozen Rack 18, Level: E, Position # 004 -  Back"
F18E005,Frozen,F18,"Frozen Rack 18, Level: E, Position # 005 -  Front"
F18E006,Frozen,F18,"Frozen Rack 18, Level: E, Position # 006 -  Back"
F18E007,Frozen,F18,"Frozen Rack 18, Level: E, Position # 007 -  Front"
F18E008,Frozen,F18,"Frozen Rack 18, Level: E, Position # 008 -  Back"
F18E009,Frozen,F18,"Frozen Rack 18, Level: E, Position # 009 -  Front"
F18E010,Frozen,F18,"Frozen Rack 18, Level: E, Position # 010 -  Back"
F18E011,Frozen,F18,"Frozen Rack 18, Level: E, Position # 011 -  Front"
F18E012,Frozen,F18,"Frozen Rack 18, Level: E, Position # 012 -  Back"
F18E013,Frozen,F18,"Frozen Rack 18, Level: E, Position # 013 -  Front"
F18E014,Frozen,F18,"Frozen Rack 18, Level: E, Position # 014 -  Back"
F18E015,Frozen,F18,"Frozen Rack 18, Level: E, Position # 015 -  Front"
F18E016,Frozen,F18,"Frozen Rack 18, Level: E, Position # 016 -  Back"
F18E017,Frozen,F18,"Frozen Rack 18, Level: E, Position # 017 -  Front"
F18E018,Frozen,F18,"Frozen Rack 18, Level: E, Position # 018 -  Back"
F18E019,Frozen,F18,"Frozen Rack 18, Level: E, Position # 019 -  Front"
F18E020,Frozen,F18,"Frozen Rack 18, Level: E, Position # 020 -  Back"
F18E021,Frozen,F18,"Frozen Rack 18, Level: E, Position # 021 -  Front"
F18E022,Frozen,F18,"Frozen Rack 18, Level: E, Position # 022 -  Back"
F18E023,Frozen,F18,"Frozen Rack 18, Level: E, Position # 023 -  Front"
F18E024,Frozen,F18,"Frozen Rack 18, Level: E, Position # 024 -  Back"
F18E025,Frozen,F18,"Frozen Rack 18, Level: E, Position # 025 -  Front"
F18E026,Frozen,F18,"Frozen Rack 18, Level: E, Position # 026 -  Back"
F18E027,Frozen,F18,"Frozen Rack 18, Level: E, Position # 027 -  Front"
F18E028,Frozen,F18,"Frozen Rack 18, Level: E, Position # 028 -  Back"
F18E029,Frozen,F18,"Frozen Rack 18, Level: E, Position # 029 -  Front"
F18E030,Frozen,F18,"Frozen Rack 18, Level: E, Position # 030 -  Back"
F18E031,Frozen,F18,"Frozen Rack 18, Level: E, Position # 031 -  Front"
F18E032,Frozen,F18,"Frozen Rack 18, Level: E, Position # 032 -  Back"
F18E033,Frozen,F18,"Frozen Rack 18, Level: E, Position # 033 -  Front"
F18E034,Frozen,F18,"Frozen Rack 18, Level: E, Position # 034 -  Back"
F18E035,Frozen,F18,"Frozen Rack 18, Level: E, Position # 035 -  Front"
F18E036,Frozen,F18,"Frozen Rack 18, Level: E, Position # 036 -  Back"
F18E037,Frozen,F18,"Frozen Rack 18, Level: E, Position # 037 -  Front"
F18E038,Frozen,F18,"Frozen Rack 18, Level: E, Position # 038 -  Back"
F18E039,Frozen,F18,"Frozen Rack 18, Level: E, Position # 039 -  Front"
F18E040,Frozen,F18,"Frozen Rack 18, Level: E, Position # 040 -  Back"
F18E041,Frozen,F18,"Frozen Rack 18, Level: E, Position # 041 -  Front"
F18E042,Frozen,F18,"Frozen Rack 18, Level: E, Position # 042 -  Back"
F18E043,Frozen,F18,"Frozen Rack 18, Level: E, Position # 043 -  Front"
F18E044,Frozen,F18,"Frozen Rack 18, Level: E, Position # 044 -  Back"
F18E045,Frozen,F18,"Frozen Rack 18, Level: E, Position # 045 -  Front"
F18E046,Frozen,F18,"Frozen Rack 18, Level: E, Position # 046 -  Back"
F18E047,Frozen,F18,"Frozen Rack 18, Level: E, Position # 047 -  Front"
F18E048,Frozen,F18,"Frozen Rack 18, Level: E, Position # 048 -  Back"
F18E049,Frozen,F18,"Frozen Rack 18, Level: E, Position # 049 -  Front"
F18E050,Frozen,F18,"Frozen Rack 18, Level: E, Position # 050 -  Back"
F18E051,Frozen,F18,"Frozen Rack 18, Level: E, Position # 051 -  Front"
F18E052,Frozen,F18,"Frozen Rack 18, Level: E, Position # 052 -  Back"
F18E053,Frozen,F18,"Frozen Rack 18, Level: E, Position # 053 -  Front"
F18E054,Frozen,F18,"Frozen Rack 18, Level: E, Position # 054 -  Back"
F18E055,Frozen,F18,"Frozen Rack 18, Level: E, Position # 055 -  Front"
F18E056,Frozen,F18,"Frozen Rack 18, Level: E, Position # 056 -  Back"
F18E057,Frozen,F18,"Frozen Rack 18, Level: E, Position # 057 -  Front"
F18E058,Frozen,F18,"Frozen Rack 18, Level: E, Position # 058 -  Back"
F18E059,Frozen,F18,"Frozen Rack 18, Level: E, Position # 059 -  Front"
F18E060,Frozen,F18,"Frozen Rack 18, Level: E, Position # 060 -  Back"
F18E061,Frozen,F18,"Frozen Rack 18, Level: E, Position # 061 -  Front"
F18E062,Frozen,F18,"Frozen Rack 18, Level: E, Position # 062 -  Back"
F18E063,Frozen,F18,"Frozen Rack 18, Level: E, Position # 063 -  Front"
F18E064,Frozen,F18,"Frozen Rack 18, Level: E, Position # 064 -  Back"
F18E065,Frozen,F18,"Frozen Rack 18, Level: E, Position # 065 -  Front"
F18E066,Frozen,F18,"Frozen Rack 18, Level: E, Position # 066 -  Back"
F18E067,Frozen,F18,"Frozen Rack 18, Level: E, Position # 067 -  Front"
F18E068,Frozen,F18,"Frozen Rack 18, Level: E, Position # 068 -  Back"
F18E069,Frozen,F18,"Frozen Rack 18, Level: E, Position # 069 -  Front"
F18E070,Frozen,F18,"Frozen Rack 18, Level: E, Position # 070 -  Back"
F18E071,Frozen,F18,"Frozen Rack 18, Level: E, Position # 071 -  Front"
F18E072,Frozen,F18,"Frozen Rack 18, Level: E, Position # 072 -  Back"
F18E073,Frozen,F18,"Frozen Rack 18, Level: E, Position # 073 -  Front"
F18E074,Frozen,F18,"Frozen Rack 18, Level: E, Position # 074 -  Back"
F18E075,Frozen,F18,"Frozen Rack 18, Level: E, Position # 075 -  Front"
F18E076,Frozen,F18,"Frozen Rack 18, Level: E, Position # 076 -  Back"
F18E077,Frozen,F18,"Frozen Rack 18, Level: E, Position # 077 -  Front"
F18E078,Frozen,F18,"Frozen Rack 18, Level: E, Position # 078 -  Back"
F18E079,Frozen,F18,"Frozen Rack 18, Level: E, Position # 079 -  Front"
F18E080,Frozen,F18,"Frozen Rack 18, Level: E, Position # 080 -  Back"
F18E081,Frozen,F18,"Frozen Rack 18, Level: E, Position # 081 -  Front"
F18E082,Frozen,F18,"Frozen Rack 18, Level: E, Position # 082 -  Back"
F18E083,Frozen,F18,"Frozen Rack 18, Level: E, Position # 083 -  Front"
F18E084,Frozen,F18,"Frozen Rack 18, Level: E, Position # 084 -  Back"
F18E085,Frozen,F18,"Frozen Rack 18, Level: E, Position # 085 -  Front"
F18E086,Frozen,F18,"Frozen Rack 18, Level: E, Position # 086 -  Back"
F18E087,Frozen,F18,"Frozen Rack 18, Level: E, Position # 087 -  Front"
F18E088,Frozen,F18,"Frozen Rack 18, Level: E, Position # 088 -  Back"
F18E089,Frozen,F18,"Frozen Rack 18, Level: E, Position # 089 -  Front"
F18E090,Frozen,F18,"Frozen Rack 18, Level: E, Position # 090 -  Back"
F18E091,Frozen,F18,"Frozen Rack 18, Level: E, Position # 091 -  Front"
F18E092,Frozen,F18,"Frozen Rack 18, Level: E, Position # 092 -  Back"
F18E093,Frozen,F18,"Frozen Rack 18, Level: E, Position # 093 -  Front"
F18E094,Frozen,F18,"Frozen Rack 18, Level: E, Position # 094 -  Back"
F18E095,Frozen,F18,"Frozen Rack 18, Level: E, Position # 095 -  Front"
F18E096,Frozen,F18,"Frozen Rack 18, Level: E, Position # 096 -  Back"
F18E097,Frozen,F18,"Frozen Rack 18, Level: E, Position # 097 -  Front"
F18E098,Frozen,F18,"Frozen Rack 18, Level: E, Position # 098 -  Back"
F18E099,Frozen,F18,"Frozen Rack 18, Level: E, Position # 099 -  Front"
F18E100,Frozen,F18,"Frozen Rack 18, Level: E, Position # 100 -  Back"
F18E101,Frozen,F18,"Frozen Rack 18, Level: E, Position # 101 -  Front"
F18E102,Frozen,F18,"Frozen Rack 18, Level: E, Position # 102 -  Back"
F18E103,Frozen,F18,"Frozen Rack 18, Level: E, Position # 103 -  Front"
F18E104,Frozen,F18,"Frozen Rack 18, Level: E, Position # 104 -  Back"
F18E105,Frozen,F18,"Frozen Rack 18, Level: E, Position # 105 -  Front"
F18E106,Frozen,F18,"Frozen Rack 18, Level: E, Position # 106 -  Back"
F18E107,Frozen,F18,"Frozen Rack 18, Level: E, Position # 107 -  Front"
F18E108,Frozen,F18,"Frozen Rack 18, Level: E, Position # 108 -  Back"
F18E109,Frozen,F18,"Frozen Rack 18, Level: E, Position # 109 -  Front"
F18E110,Frozen,F18,"Frozen Rack 18, Level: E, Position # 110 -  Back"
F19A001,Frozen,F19,"Frozen Rack 19, Level: A, Position # 001 -  Front"
F19A002,Frozen,F19,"Frozen Rack 19, Level: A, Position # 002 -  Back"
F19A003,Frozen,F19,"Frozen Rack 19, Level: A, Position # 003 -  Front"
F19A004,Frozen,F19,"Frozen Rack 19, Level: A, Position # 004 -  Back"
F19A005,Frozen,F19,"Frozen Rack 19, Level: A, Position # 005 -  Front"
F19A006,Frozen,F19,"Frozen Rack 19, Level: A, Position # 006 -  Back"
F19A007,Frozen,F19,"Frozen Rack 19, Level: A, Position # 007 -  Front"
F19A008,Frozen,F19,"Frozen Rack 19, Level: A, Position # 008 -  Back"
F19A009,Frozen,F19,"Frozen Rack 19, Level: A, Position # 009 -  Front"
F19A010,Frozen,F19,"Frozen Rack 19, Level: A, Position # 010 -  Back"
F19A011,Frozen,F19,"Frozen Rack 19, Level: A, Position # 011 -  Front"
F19A012,Frozen,F19,"Frozen Rack 19, Level: A, Position # 012 -  Back"
F19A019,Frozen,F19,"Frozen Rack 19, Level: A, Position # 019 -  Front"
F19A020,Frozen,F19,"Frozen Rack 19, Level: A, Position # 020 -  Back"
F19A021,Frozen,F19,"Frozen Rack 19, Level: A, Position # 021 -  Front"
F19A022,Frozen,F19,"Frozen Rack 19, Level: A, Position # 022 -  Back"
F19A023,Frozen,F19,"Frozen Rack 19, Level: A, Position # 023 -  Front"
F19A024,Frozen,F19,"Frozen Rack 19, Level: A, Position # 024 -  Back"
F19A025,Frozen,F19,"Frozen Rack 19, Level: A, Position # 025 -  Front"
F19A026,Frozen,F19,"Frozen Rack 19, Level: A, Position # 026 -  Back"
F19A027,Frozen,F19,"Frozen Rack 19, Level: A, Position # 027 -  Front"
F19A028,Frozen,F19,"Frozen Rack 19, Level: A, Position # 028 -  Back"
F19A029,Frozen,F19,"Frozen Rack 19, Level: A, Position # 029 -  Front"
F19A030,Frozen,F19,"Frozen Rack 19, Level: A, Position # 030 -  Back"
F19A031,Frozen,F19,"Frozen Rack 19, Level: A, Position # 031 -  Front"
F19A032,Frozen,F19,"Frozen Rack 19, Level: A, Position # 032 -  Back"
F19A033,Frozen,F19,"Frozen Rack 19, Level: A, Position # 033 -  Front"
F19A034,Frozen,F19,"Frozen Rack 19, Level: A, Position # 034 -  Back"
F19A035,Frozen,F19,"Frozen Rack 19, Level: A, Position # 035 -  Front"
F19A036,Frozen,F19,"Frozen Rack 19, Level: A, Position # 036 -  Back"
F19A037,Frozen,F19,"Frozen Rack 19, Level: A, Position # 037 -  Front"
F19A038,Frozen,F19,"Frozen Rack 19, Level: A, Position # 038 -  Back"
F19A039,Frozen,F19,"Frozen Rack 19, Level: A, Position # 039 -  Front"
F19A040,Frozen,F19,"Frozen Rack 19, Level: A, Position # 040 -  Back"
F19A041,Frozen,F19,"Frozen Rack 19, Level: A, Position # 041 -  Front"
F19A042,Frozen,F19,"Frozen Rack 19, Level: A, Position # 042 -  Back"
F19A043,Frozen,F19,"Frozen Rack 19, Level: A, Position # 043 -  Front"
F19A044,Frozen,F19,"Frozen Rack 19, Level: A, Position # 044 -  Back"
F19A045,Frozen,F19,"Frozen Rack 19, Level: A, Position # 045 -  Front"
F19A046,Frozen,F19,"Frozen Rack 19, Level: A, Position # 046 -  Back"
F19A047,Frozen,F19,"Frozen Rack 19, Level: A, Position # 047 -  Front"
F19A048,Frozen,F19,"Frozen Rack 19, Level: A, Position # 048 -  Back"
F19A049,Frozen,F19,"Frozen Rack 19, Level: A, Position # 049 -  Front"
F19A050,Frozen,F19,"Frozen Rack 19, Level: A, Position # 050 -  Back"
F19A051,Frozen,F19,"Frozen Rack 19, Level: A, Position # 051 -  Front"
F19A052,Frozen,F19,"Frozen Rack 19, Level: A, Position # 052 -  Back"
F19A053,Frozen,F19,"Frozen Rack 19, Level: A, Position # 053 -  Front"
F19A054,Frozen,F19,"Frozen Rack 19, Level: A, Position # 054 -  Back"
F19A061,Frozen,F19,"Frozen Rack 19, Level: A, Position # 061 -  Front"
F19A062,Frozen,F19,"Frozen Rack 19, Level: A, Position # 062 -  Back"
F19A063,Frozen,F19,"Frozen Rack 19, Level: A, Position # 063 -  Front"
F19A064,Frozen,F19,"Frozen Rack 19, Level: A, Position # 064 -  Back"
F19A065,Frozen,F19,"Frozen Rack 19, Level: A, Position # 065 -  Front"
F19A066,Frozen,F19,"Frozen Rack 19, Level: A, Position # 066 -  Back"
F19A067,Frozen,F19,"Frozen Rack 19, Level: A, Position # 067 -  Front"
F19A068,Frozen,F19,"Frozen Rack 19, Level: A, Position # 068 -  Back"
F19A069,Frozen,F19,"Frozen Rack 19, Level: A, Position # 069 -  Front"
F19A070,Frozen,F19,"Frozen Rack 19, Level: A, Position # 070 -  Back"
F19A071,Frozen,F19,"Frozen Rack 19, Level: A, Position # 071 -  Front"
F19A072,Frozen,F19,"Frozen Rack 19, Level: A, Position # 072 -  Back"
F19A073,Frozen,F19,"Frozen Rack 19, Level: A, Position # 073 -  Front"
F19A074,Frozen,F19,"Frozen Rack 19, Level: A, Position # 074 -  Back"
F19A075,Frozen,F19,"Frozen Rack 19, Level: A, Position # 075 -  Front"
F19A076,Frozen,F19,"Frozen Rack 19, Level: A, Position # 076 -  Back"
F19A077,Frozen,F19,"Frozen Rack 19, Level: A, Position # 077 -  Front"
F19A078,Frozen,F19,"Frozen Rack 19, Level: A, Position # 078 -  Back"
F19A079,Frozen,F19,"Frozen Rack 19, Level: A, Position # 079 -  Front"
F19A080,Frozen,F19,"Frozen Rack 19, Level: A, Position # 080 -  Back"
F19A081,Frozen,F19,"Frozen Rack 19, Level: A, Position # 081 -  Front"
F19A082,Frozen,F19,"Frozen Rack 19, Level: A, Position # 082 -  Back"
F19A083,Frozen,F19,"Frozen Rack 19, Level: A, Position # 083 -  Front"
F19A084,Frozen,F19,"Frozen Rack 19, Level: A, Position # 084 -  Back"
F19A085,Frozen,F19,"Frozen Rack 19, Level: A, Position # 085 -  Front"
F19A086,Frozen,F19,"Frozen Rack 19, Level: A, Position # 086 -  Back"
F19A087,Frozen,F19,"Frozen Rack 19, Level: A, Position # 087 -  Front"
F19A088,Frozen,F19,"Frozen Rack 19, Level: A, Position # 088 -  Back"
F19A089,Frozen,F19,"Frozen Rack 19, Level: A, Position # 089 -  Front"
F19A090,Frozen,F19,"Frozen Rack 19, Level: A, Position # 090 -  Back"
F19A091,Frozen,F19,"Frozen Rack 19, Level: A, Position # 091 -  Front"
F19A092,Frozen,F19,"Frozen Rack 19, Level: A, Position # 092 -  Back"
F19A093,Frozen,F19,"Frozen Rack 19, Level: A, Position # 093 -  Front"
F19A094,Frozen,F19,"Frozen Rack 19, Level: A, Position # 094 -  Back"
F19A095,Frozen,F19,"Frozen Rack 19, Level: A, Position # 095 -  Front"
F19A096,Frozen,F19,"Frozen Rack 19, Level: A, Position # 096 -  Back"
F19A103,Frozen,F19,"Frozen Rack 19, Level: A, Position # 103 -  Front"
F19A104,Frozen,F19,"Frozen Rack 19, Level: A, Position # 104 -  Back"
F19A105,Frozen,F19,"Frozen Rack 19, Level: A, Position # 105 -  Front"
F19A106,Frozen,F19,"Frozen Rack 19, Level: A, Position # 106 -  Back"
F19A107,Frozen,F19,"Frozen Rack 19, Level: A, Position # 107 -  Front"
F19A108,Frozen,F19,"Frozen Rack 19, Level: A, Position # 108 -  Back"
F19A109,Frozen,F19,"Frozen Rack 19, Level: A, Position # 109 -  Front"
F19A110,Frozen,F19,"Frozen Rack 19, Level: A, Position # 110 -  Back"
F19A111,Frozen,F19,"Frozen Rack 19, Level: A, Position # 111 -  Front"
F19A112,Frozen,F19,"Frozen Rack 19, Level: A, Position # 112 -  Back"
F19B001,Frozen,F19,"Frozen Rack 19, Level: B, Position # 001 -  Front"
F19B002,Frozen,F19,"Frozen Rack 19, Level: B, Position # 002 -  Back"
F19B003,Frozen,F19,"Frozen Rack 19, Level: B, Position # 003 -  Front"
F19B004,Frozen,F19,"Frozen Rack 19, Level: B, Position # 004 -  Back"
F19B005,Frozen,F19,"Frozen Rack 19, Level: B, Position # 005 -  Front"
F19B006,Frozen,F19,"Frozen Rack 19, Level: B, Position # 006 -  Back"
F19B007,Frozen,F19,"Frozen Rack 19, Level: B, Position # 007 -  Front"
F19B008,Frozen,F19,"Frozen Rack 19, Level: B, Position # 008 -  Back"
F19B009,Frozen,F19,"Frozen Rack 19, Level: B, Position # 009 -  Front"
F19B010,Frozen,F19,"Frozen Rack 19, Level: B, Position # 010 -  Back"
F19B011,Frozen,F19,"Frozen Rack 19, Level: B, Position # 011 -  Front"
F19B012,Frozen,F19,"Frozen Rack 19, Level: B, Position # 012 -  Back"
F19B019,Frozen,F19,"Frozen Rack 19, Level: B, Position # 019 -  Front"
F19B020,Frozen,F19,"Frozen Rack 19, Level: B, Position # 020 -  Back"
F19B021,Frozen,F19,"Frozen Rack 19, Level: B, Position # 021 -  Front"
F19B022,Frozen,F19,"Frozen Rack 19, Level: B, Position # 022 -  Back"
F19B023,Frozen,F19,"Frozen Rack 19, Level: B, Position # 023 -  Front"
F19B024,Frozen,F19,"Frozen Rack 19, Level: B, Position # 024 -  Back"
F19B025,Frozen,F19,"Frozen Rack 19, Level: B, Position # 025 -  Front"
F19B026,Frozen,F19,"Frozen Rack 19, Level: B, Position # 026 -  Back"
F19B027,Frozen,F19,"Frozen Rack 19, Level: B, Position # 027 -  Front"
F19B028,Frozen,F19,"Frozen Rack 19, Level: B, Position # 028 -  Back"
F19B029,Frozen,F19,"Frozen Rack 19, Level: B, Position # 029 -  Front"
F19B030,Frozen,F19,"Frozen Rack 19, Level: B, Position # 030 -  Back"
F19B031,Frozen,F19,"Frozen Rack 19, Level: B, Position # 031 -  Front"
F19B032,Frozen,F19,"Frozen Rack 19, Level: B, Position # 032 -  Back"
F19B033,Frozen,F19,"Frozen Rack 19, Level: B, Position # 033 -  Front"
F19B034,Frozen,F19,"Frozen Rack 19, Level: B, Position # 034 -  Back"
F19B035,Frozen,F19,"Frozen Rack 19, Level: B, Position # 035 -  Front"
F19B036,Frozen,F19,"Frozen Rack 19, Level: B, Position # 036 -  Back"
F19B037,Frozen,F19,"Frozen Rack 19, Level: B, Position # 037 -  Front"
F19B038,Frozen,F19,"Frozen Rack 19, Level: B, Position # 038 -  Back"
F19B039,Frozen,F19,"Frozen Rack 19, Level: B, Position # 039 -  Front"
F19B040,Frozen,F19,"Frozen Rack 19, Level: B, Position # 040 -  Back"
F19B041,Frozen,F19,"Frozen Rack 19, Level: B, Position # 041 -  Front"
F19B042,Frozen,F19,"Frozen Rack 19, Level: B, Position # 042 -  Back"
F19B043,Frozen,F19,"Frozen Rack 19, Level: B, Position # 043 -  Front"
F19B044,Frozen,F19,"Frozen Rack 19, Level: B, Position # 044 -  Back"
F19B045,Frozen,F19,"Frozen Rack 19, Level: B, Position # 045 -  Front"
F19B046,Frozen,F19,"Frozen Rack 19, Level: B, Position # 046 -  Back"
F19B047,Frozen,F19,"Frozen Rack 19, Level: B, Position # 047 -  Front"
F19B048,Frozen,F19,"Frozen Rack 19, Level: B, Position # 048 -  Back"
F19B049,Frozen,F19,"Frozen Rack 19, Level: B, Position # 049 -  Front"
F19B050,Frozen,F19,"Frozen Rack 19, Level: B, Position # 050 -  Back"
F19B051,Frozen,F19,"Frozen Rack 19, Level: B, Position # 051 -  Front"
F19B052,Frozen,F19,"Frozen Rack 19, Level: B, Position # 052 -  Back"
F19B053,Frozen,F19,"Frozen Rack 19, Level: B, Position # 053 -  Front"
F19B054,Frozen,F19,"Frozen Rack 19, Level: B, Position # 054 -  Back"
F19B061,Frozen,F19,"Frozen Rack 19, Level: B, Position # 061 -  Front"
F19B062,Frozen,F19,"Frozen Rack 19, Level: B, Position # 062 -  Back"
F19B063,Frozen,F19,"Frozen Rack 19, Level: B, Position # 063 -  Front"
F19B064,Frozen,F19,"Frozen Rack 19, Level: B, Position # 064 -  Back"
F19B065,Frozen,F19,"Frozen Rack 19, Level: B, Position # 065 -  Front"
F19B066,Frozen,F19,"Frozen Rack 19, Level: B, Position # 066 -  Back"
F19B067,Frozen,F19,"Frozen Rack 19, Level: B, Position # 067 -  Front"
F19B068,Frozen,F19,"Frozen Rack 19, Level: B, Position # 068 -  Back"
F19B069,Frozen,F19,"Frozen Rack 19, Level: B, Position # 069 -  Front"
F19B070,Frozen,F19,"Frozen Rack 19, Level: B, Position # 070 -  Back"
F19B071,Frozen,F19,"Frozen Rack 19, Level: B, Position # 071 -  Front"
F19B072,Frozen,F19,"Frozen Rack 19, Level: B, Position # 072 -  Back"
F19B073,Frozen,F19,"Frozen Rack 19, Level: B, Position # 073 -  Front"
F19B074,Frozen,F19,"Frozen Rack 19, Level: B, Position # 074 -  Back"
F19B075,Frozen,F19,"Frozen Rack 19, Level: B, Position # 075 -  Front"
F19B076,Frozen,F19,"Frozen Rack 19, Level: B, Position # 076 -  Back"
F19B077,Frozen,F19,"Frozen Rack 19, Level: B, Position # 077 -  Front"
F19B078,Frozen,F19,"Frozen Rack 19, Level: B, Position # 078 -  Back"
F19B079,Frozen,F19,"Frozen Rack 19, Level: B, Position # 079 -  Front"
F19B080,Frozen,F19,"Frozen Rack 19, Level: B, Position # 080 -  Back"
F19B081,Frozen,F19,"Frozen Rack 19, Level: B, Position # 081 -  Front"
F19B082,Frozen,F19,"Frozen Rack 19, Level: B, Position # 082 -  Back"
F19B083,Frozen,F19,"Frozen Rack 19, Level: B, Position # 083 -  Front"
F19B084,Frozen,F19,"Frozen Rack 19, Level: B, Position # 084 -  Back"
F19B085,Frozen,F19,"Frozen Rack 19, Level: B, Position # 085 -  Front"
F19B086,Frozen,F19,"Frozen Rack 19, Level: B, Position # 086 -  Back"
F19B087,Frozen,F19,"Frozen Rack 19, Level: B, Position # 087 -  Front"
F19B088,Frozen,F19,"Frozen Rack 19, Level: B, Position # 088 -  Back"
F19B089,Frozen,F19,"Frozen Rack 19, Level: B, Position # 089 -  Front"
F19B090,Frozen,F19,"Frozen Rack 19, Level: B, Position # 090 -  Back"
F19B091,Frozen,F19,"Frozen Rack 19, Level: B, Position # 091 -  Front"
F19B092,Frozen,F19,"Frozen Rack 19, Level: B, Position # 092 -  Back"
F19B093,Frozen,F19,"Frozen Rack 19, Level: B, Position # 093 -  Front"
F19B094,Frozen,F19,"Frozen Rack 19, Level: B, Position # 094 -  Back"
F19B095,Frozen,F19,"Frozen Rack 19, Level: B, Position # 095 -  Front"
F19B096,Frozen,F19,"Frozen Rack 19, Level: B, Position # 096 -  Back"
F19B103,Frozen,F19,"Frozen Rack 19, Level: B, Position # 103 -  Front"
F19B104,Frozen,F19,"Frozen Rack 19, Level: B, Position # 104 -  Back"
F19B105,Frozen,F19,"Frozen Rack 19, Level: B, Position # 105 -  Front"
F19B106,Frozen,F19,"Frozen Rack 19, Level: B, Position # 106 -  Back"
F19B107,Frozen,F19,"Frozen Rack 19, Level: B, Position # 107 -  Front"
F19B108,Frozen,F19,"Frozen Rack 19, Level: B, Position # 108 -  Back"
F19B109,Frozen,F19,"Frozen Rack 19, Level: B, Position # 109 -  Front"
F19B110,Frozen,F19,"Frozen Rack 19, Level: B, Position # 110 -  Back"
F19B111,Frozen,F19,"Frozen Rack 19, Level: B, Position # 111 -  Front"
F19B112,Frozen,F19,"Frozen Rack 19, Level: B, Position # 112 -  Back"
F19C001,Frozen,F19,"Frozen Rack 19, Level: C, Position # 001 -  Front"
F19C002,Frozen,F19,"Frozen Rack 19, Level: C, Position # 002 -  Back"
F19C003,Frozen,F19,"Frozen Rack 19, Level: C, Position # 003 -  Front"
F19C004,Frozen,F19,"Frozen Rack 19, Level: C, Position # 004 -  Back"
F19C005,Frozen,F19,"Frozen Rack 19, Level: C, Position # 005 -  Front"
F19C006,Frozen,F19,"Frozen Rack 19, Level: C, Position # 006 -  Back"
F19C007,Frozen,F19,"Frozen Rack 19, Level: C, Position # 007 -  Front"
F19C008,Frozen,F19,"Frozen Rack 19, Level: C, Position # 008 -  Back"
F19C009,Frozen,F19,"Frozen Rack 19, Level: C, Position # 009 -  Front"
F19C010,Frozen,F19,"Frozen Rack 19, Level: C, Position # 010 -  Back"
F19C011,Frozen,F19,"Frozen Rack 19, Level: C, Position # 011 -  Front"
F19C012,Frozen,F19,"Frozen Rack 19, Level: C, Position # 012 -  Back"
F19C013,Frozen,F19,"Frozen Rack 19, Level: C, Position # 013 -  Front"
F19C014,Frozen,F19,"Frozen Rack 19, Level: C, Position # 014 - Back"
F19C015,Frozen,F19,"Frozen Rack 19, Level: C, Position # 015 -  Front"
F19C016,Frozen,F19,"Frozen Rack 19, Level: C, Position # 016 - Back"
F19C017,Frozen,F19,"Frozen Rack 19, Level: C, Position # 017 -  Front"
F19C018,Frozen,F19,"Frozen Rack 19, Level: C, Position # 018 - Back"
F19C019,Frozen,F19,"Frozen Rack 19, Level: C, Position # 019 -  Front"
F19C020,Frozen,F19,"Frozen Rack 19, Level: C, Position # 020 -  Back"
F19C021,Frozen,F19,"Frozen Rack 19, Level: C, Position # 021 -  Front"
F19C022,Frozen,F19,"Frozen Rack 19, Level: C, Position # 022 -  Back"
F19C023,Frozen,F19,"Frozen Rack 19, Level: C, Position # 023 -  Front"
F19C024,Frozen,F19,"Frozen Rack 19, Level: C, Position # 024 -  Back"
F19C025,Frozen,F19,"Frozen Rack 19, Level: C, Position # 025 -  Front"
F19C026,Frozen,F19,"Frozen Rack 19, Level: C, Position # 026 -  Back"
F19C027,Frozen,F19,"Frozen Rack 19, Level: C, Position # 027 -  Front"
F19C028,Frozen,F19,"Frozen Rack 19, Level: C, Position # 028 -  Back"
F19C029,Frozen,F19,"Frozen Rack 19, Level: C, Position # 029 -  Front"
F19C030,Frozen,F19,"Frozen Rack 19, Level: C, Position # 030 -  Back"
F19C031,Frozen,F19,"Frozen Rack 19, Level: C, Position # 031 -  Front"
F19C032,Frozen,F19,"Frozen Rack 19, Level: C, Position # 032 -  Back"
F19C033,Frozen,F19,"Frozen Rack 19, Level: C, Position # 033 -  Front"
F19C034,Frozen,F19,"Frozen Rack 19, Level: C, Position # 034 -  Back"
F19C035,Frozen,F19,"Frozen Rack 19, Level: C, Position # 035 -  Front"
F19C036,Frozen,F19,"Frozen Rack 19, Level: C, Position # 036 -  Back"
F19C037,Frozen,F19,"Frozen Rack 19, Level: C, Position # 037 -  Front"
F19C038,Frozen,F19,"Frozen Rack 19, Level: C, Position # 038 -  Back"
F19C039,Frozen,F19,"Frozen Rack 19, Level: C, Position # 039 -  Front"
F19C040,Frozen,F19,"Frozen Rack 19, Level: C, Position # 040 -  Back"
F19C041,Frozen,F19,"Frozen Rack 19, Level: C, Position # 041 -  Front"
F19C042,Frozen,F19,"Frozen Rack 19, Level: C, Position # 042 -  Back"
F19C043,Frozen,F19,"Frozen Rack 19, Level: C, Position # 043 -  Front"
F19C044,Frozen,F19,"Frozen Rack 19, Level: C, Position # 044 -  Back"
F19C045,Frozen,F19,"Frozen Rack 19, Level: C, Position # 045 -  Front"
F19C046,Frozen,F19,"Frozen Rack 19, Level: C, Position # 046 -  Back"
F19C047,Frozen,F19,"Frozen Rack 19, Level: C, Position # 047 -  Front"
F19C048,Frozen,F19,"Frozen Rack 19, Level: C, Position # 048 -  Back"
F19C049,Frozen,F19,"Frozen Rack 19, Level: C, Position # 049 -  Front"
F19C050,Frozen,F19,"Frozen Rack 19, Level: C, Position # 050 -  Back"
F19C051,Frozen,F19,"Frozen Rack 19, Level: C, Position # 051 -  Front"
F19C052,Frozen,F19,"Frozen Rack 19, Level: C, Position # 052 -  Back"
F19C053,Frozen,F19,"Frozen Rack 19, Level: C, Position # 053 -  Front"
F19C054,Frozen,F19,"Frozen Rack 19, Level: C, Position # 054 -  Back"
F19C055,Frozen,F19,"Frozen Rack 19, Level: C, Position # 055 - Front"
F19C056,Frozen,F19,"Frozen Rack 19, Level: C, Position # 056 -  Back"
F19C057,Frozen,F19,"Frozen Rack 19, Level: C, Position # 057 - Front"
F19C058,Frozen,F19,"Frozen Rack 19, Level: C, Position # 058 - Back"
F19C059,Frozen,F19,"Frozen Rack 19, Level: C, Position # 059 - Front"
F19C060,Frozen,F19,"Frozen Rack 19, Level: C, Position # 060 - Back"
F19C061,Frozen,F19,"Frozen Rack 19, Level: C, Position # 061 -  Front"
F19C062,Frozen,F19,"Frozen Rack 19, Level: C, Position # 062 -  Back"
F19C063,Frozen,F19,"Frozen Rack 19, Level: C, Position # 063 -  Front"
F19C064,Frozen,F19,"Frozen Rack 19, Level: C, Position # 064 -  Back"
F19C065,Frozen,F19,"Frozen Rack 19, Level: C, Position # 065 -  Front"
F19C066,Frozen,F19,"Frozen Rack 19, Level: C, Position # 066 -  Back"
F19C067,Frozen,F19,"Frozen Rack 19, Level: C, Position # 067 -  Front"
F19C068,Frozen,F19,"Frozen Rack 19, Level: C, Position # 068 -  Back"
F19C069,Frozen,F19,"Frozen Rack 19, Level: C, Position # 069 -  Front"
F19C070,Frozen,F19,"Frozen Rack 19, Level: C, Position # 070 -  Back"
F19C071,Frozen,F19,"Frozen Rack 19, Level: C, Position # 071 -  Front"
F19C072,Frozen,F19,"Frozen Rack 19, Level: C, Position # 072 -  Back"
F19C073,Frozen,F19,"Frozen Rack 19, Level: C, Position # 073 -  Front"
F19C074,Frozen,F19,"Frozen Rack 19, Level: C, Position # 074 -  Back"
F19C075,Frozen,F19,"Frozen Rack 19, Level: C, Position # 075 -  Front"
F19C076,Frozen,F19,"Frozen Rack 19, Level: C, Position # 076 -  Back"
F19C077,Frozen,F19,"Frozen Rack 19, Level: C, Position # 077 -  Front"
F19C078,Frozen,F19,"Frozen Rack 19, Level: C, Position # 078 -  Back"
F19C079,Frozen,F19,"Frozen Rack 19, Level: C, Position # 079 -  Front"
F19C080,Frozen,F19,"Frozen Rack 19, Level: C, Position # 080 -  Back"
F19C081,Frozen,F19,"Frozen Rack 19, Level: C, Position # 081 -  Front"
F19C082,Frozen,F19,"Frozen Rack 19, Level: C, Position # 082 -  Back"
F19C083,Frozen,F19,"Frozen Rack 19, Level: C, Position # 083 -  Front"
F19C084,Frozen,F19,"Frozen Rack 19, Level: C, Position # 084 -  Back"
F19C085,Frozen,F19,"Frozen Rack 19, Level: C, Position # 085 -  Front"
F19C086,Frozen,F19,"Frozen Rack 19, Level: C, Position # 086 -  Back"
F19C087,Frozen,F19,"Frozen Rack 19, Level: C, Position # 087 -  Front"
F19C088,Frozen,F19,"Frozen Rack 19, Level: C, Position # 088 -  Back"
F19C089,Frozen,F19,"Frozen Rack 19, Level: C, Position # 089 -  Front"
F19C090,Frozen,F19,"Frozen Rack 19, Level: C, Position # 090 -  Back"
F19C091,Frozen,F19,"Frozen Rack 19, Level: C, Position # 091 -  Front"
F19C092,Frozen,F19,"Frozen Rack 19, Level: C, Position # 092 -  Back"
F19C093,Frozen,F19,"Frozen Rack 19, Level: C, Position # 093 -  Front"
F19C094,Frozen,F19,"Frozen Rack 19, Level: C, Position # 094 -  Back"
F19C095,Frozen,F19,"Frozen Rack 19, Level: C, Position # 095 -  Front"
F19C096,Frozen,F19,"Frozen Rack 19, Level: C, Position # 096 -  Back"
F19C097,Frozen,F19,"Frozen Rack 19, Level: C, Position # 097-  Front"
F19C098,Frozen,F19,"Frozen Rack 19, Level: C, Position # 098 -  Back"
F19C099,Frozen,F19,"Frozen Rack 19, Level: C, Position # 099 -  Front"
F19C100,Frozen,F19,"Frozen Rack 19, Level: C, Position # 100 -  Back"
F19C101,Frozen,F19,"Frozen Rack 19, Level: C, Position # 101 -  Front"
F19C102,Frozen,F19,"Frozen Rack 19, Level: C, Position # 102 -  Back"
F19C103,Frozen,F19,"Frozen Rack 19, Level: C, Position # 103 -  Front"
F19C104,Frozen,F19,"Frozen Rack 19, Level: C, Position # 104 -  Back"
F19C105,Frozen,F19,"Frozen Rack 19, Level: C, Position # 105 -  Front"
F19C106,Frozen,F19,"Frozen Rack 19, Level: C, Position # 106 -  Back"
F19C107,Frozen,F19,"Frozen Rack 19, Level: C, Position # 107 -  Front"
F19C108,Frozen,F19,"Frozen Rack 19, Level: C, Position # 108 -  Back"
F19C109,Frozen,F19,"Frozen Rack 19, Level: C, Position # 109 -  Front"
F19C110,Frozen,F19,"Frozen Rack 19, Level: C, Position # 110 -  Back"
F19C111,Frozen,F19,"Frozen Rack 19, Level: C, Position # 111 -  Front"
F19C112,Frozen,F19,"Frozen Rack 19, Level: C, Position # 112 -  Back"
F19D001,Frozen,F19,"Frozen Rack 19, Level: D, Position # 001 -  Front"
F19D002,Frozen,F19,"Frozen Rack 19, Level: D, Position # 002 -  Back"
F19D003,Frozen,F19,"Frozen Rack 19, Level: D, Position # 003 -  Front"
F19D004,Frozen,F19,"Frozen Rack 19, Level: D, Position # 004 -  Back"
F19D005,Frozen,F19,"Frozen Rack 19, Level: D, Position # 005 -  Front"
F19D006,Frozen,F19,"Frozen Rack 19, Level: D, Position # 006 -  Back"
F19D007,Frozen,F19,"Frozen Rack 19, Level: D, Position # 007 -  Front"
F19D008,Frozen,F19,"Frozen Rack 19, Level: D, Position # 008 -  Back"
F19D009,Frozen,F19,"Frozen Rack 19, Level: D, Position # 009 -  Front"
F19D010,Frozen,F19,"Frozen Rack 19, Level: D, Position # 010 -  Back"
F19D011,Frozen,F19,"Frozen Rack 19, Level: D, Position # 011 -  Front"
F19D012,Frozen,F19,"Frozen Rack 19, Level: D, Position # 012 -  Back"
F19D013,Frozen,F19,"Frozen Rack 19, Level: D, Position # 013 -  Front"
F19D014,Frozen,F19,"Frozen Rack 19, Level: D, Position # 014 -  Back"
F19D015,Frozen,F19,"Frozen Rack 19, Level: D, Position # 015 -  Front"
F19D016,Frozen,F19,"Frozen Rack 19, Level: D, Position # 016 -  Back"
F19D017,Frozen,F19,"Frozen Rack 19, Level: D, Position # 017 -  Front"
F19D018,Frozen,F19,"Frozen Rack 19, Level: D, Position # 018 -  Back"
F19D019,Frozen,F19,"Frozen Rack 19, Level: D, Position # 019 -  Front"
F19D020,Frozen,F19,"Frozen Rack 19, Level: D, Position # 020 -  Back"
F19D021,Frozen,F19,"Frozen Rack 19, Level: D, Position # 021 -  Front"
F19D022,Frozen,F19,"Frozen Rack 19, Level: D, Position # 022 -  Back"
F19D023,Frozen,F19,"Frozen Rack 19, Level: D, Position # 023 -  Front"
F19D024,Frozen,F19,"Frozen Rack 19, Level: D, Position # 024 -  Back"
F19D025,Frozen,F19,"Frozen Rack 19, Level: D, Position # 025 -  Front"
F19D026,Frozen,F19,"Frozen Rack 19, Level: D, Position # 026 -  Back"
F19D027,Frozen,F19,"Frozen Rack 19, Level: D, Position # 027 -  Front"
F19D028,Frozen,F19,"Frozen Rack 19, Level: D, Position # 028 -  Back"
F19D029,Frozen,F19,"Frozen Rack 19, Level: D, Position # 029 -  Front"
F19D030,Frozen,F19,"Frozen Rack 19, Level: D, Position # 030 -  Back"
F19D031,Frozen,F19,"Frozen Rack 19, Level: D, Position # 031 -  Front"
F19D032,Frozen,F19,"Frozen Rack 19, Level: D, Position # 032 -  Back"
F19D033,Frozen,F19,"Frozen Rack 19, Level: D, Position # 033 -  Front"
F19D034,Frozen,F19,"Frozen Rack 19, Level: D, Position # 034 -  Back"
F19D035,Frozen,F19,"Frozen Rack 19, Level: D, Position # 035 -  Front"
F19D036,Frozen,F19,"Frozen Rack 19, Level: D, Position # 036 -  Back"
F19D037,Frozen,F19,"Frozen Rack 19, Level: D, Position # 037 -  Front"
F19D038,Frozen,F19,"Frozen Rack 19, Level: D, Position # 038 -  Back"
F19D039,Frozen,F19,"Frozen Rack 19, Level: D, Position # 039 -  Front"
F19D040,Frozen,F19,"Frozen Rack 19, Level: D, Position # 040 -  Back"
F19D041,Frozen,F19,"Frozen Rack 19, Level: D, Position # 041 -  Front"
F19D042,Frozen,F19,"Frozen Rack 19, Level: D, Position # 042 -  Back"
F19D043,Frozen,F19,"Frozen Rack 19, Level: D, Position # 043 -  Front"
F19D044,Frozen,F19,"Frozen Rack 19, Level: D, Position # 044 -  Back"
F19D045,Frozen,F19,"Frozen Rack 19, Level: D, Position # 045 -  Front"
F19D046,Frozen,F19,"Frozen Rack 19, Level: D, Position # 046 -  Back"
F19D047,Frozen,F19,"Frozen Rack 19, Level: D, Position # 047 -  Front"
F19D048,Frozen,F19,"Frozen Rack 19, Level: D, Position # 048 -  Back"
F19D049,Frozen,F19,"Frozen Rack 19, Level: D, Position # 049 -  Front"
F19D050,Frozen,F19,"Frozen Rack 19, Level: D, Position # 050 -  Back"
F19D051,Frozen,F19,"Frozen Rack 19, Level: D, Position # 051 -  Front"
F19D052,Frozen,F19,"Frozen Rack 19, Level: D, Position # 052 -  Back"
F19D053,Frozen,F19,"Frozen Rack 19, Level: D, Position # 053 -  Front"
F19D054,Frozen,F19,"Frozen Rack 19, Level: D, Position # 054 -  Back"
F19D055,Frozen,F19,"Frozen Rack 19, Level: D, Position # 055 -  Front"
F19D056,Frozen,F19,"Frozen Rack 19, Level: D, Position # 056 -  Back"
F19D057,Frozen,F19,"Frozen Rack 19, Level: D, Position # 057 -  Front"
F19D058,Frozen,F19,"Frozen Rack 19, Level: D, Position # 058 -  Back"
F19D059,Frozen,F19,"Frozen Rack 19, Level: D, Position # 059 -  Front"
F19D060,Frozen,F19,"Frozen Rack 19, Level: D, Position # 060 -  Back"
F19D061,Frozen,F19,"Frozen Rack 19, Level: D, Position # 061 -  Front"
F19D062,Frozen,F19,"Frozen Rack 19, Level: D, Position # 062 -  Back"
F19D063,Frozen,F19,"Frozen Rack 19, Level: D, Position # 063 -  Front"
F19D064,Frozen,F19,"Frozen Rack 19, Level: D, Position # 064 -  Back"
F19D065,Frozen,F19,"Frozen Rack 19, Level: D, Position # 065 -  Front"
F19D066,Frozen,F19,"Frozen Rack 19, Level: D, Position # 066 -  Back"
F19D067,Frozen,F19,"Frozen Rack 19, Level: D, Position # 067 -  Front"
F19D068,Frozen,F19,"Frozen Rack 19, Level: D, Position # 068 -  Back"
F19D069,Frozen,F19,"Frozen Rack 19, Level: D, Position # 069 -  Front"
F19D070,Frozen,F19,"Frozen Rack 19, Level: D, Position # 070 -  Back"
F19D071,Frozen,F19,"Frozen Rack 19, Level: D, Position # 071 -  Front"
F19D072,Frozen,F19,"Frozen Rack 19, Level: D, Position # 072 -  Back"
F19D073,Frozen,F19,"Frozen Rack 19, Level: D, Position # 073 -  Front"
F19D074,Frozen,F19,"Frozen Rack 19, Level: D, Position # 074 -  Back"
F19D075,Frozen,F19,"Frozen Rack 19, Level: D, Position # 075 -  Front"
F19D076,Frozen,F19,"Frozen Rack 19, Level: D, Position # 076 -  Back"
F19D077,Frozen,F19,"Frozen Rack 19, Level: D, Position # 077 -  Front"
F19D078,Frozen,F19,"Frozen Rack 19, Level: D, Position # 078 -  Back"
F19D079,Frozen,F19,"Frozen Rack 19, Level: D, Position # 079 -  Front"
F19D080,Frozen,F19,"Frozen Rack 19, Level: D, Position # 080 -  Back"
F19D081,Frozen,F19,"Frozen Rack 19, Level: D, Position # 081 -  Front"
F19D082,Frozen,F19,"Frozen Rack 19, Level: D, Position # 082 -  Back"
F19D083,Frozen,F19,"Frozen Rack 19, Level: D, Position # 083 -  Front"
F19D084,Frozen,F19,"Frozen Rack 19, Level: D, Position # 084 -  Back"
F19D085,Frozen,F19,"Frozen Rack 19, Level: D, Position # 085 -  Front"
F19D086,Frozen,F19,"Frozen Rack 19, Level: D, Position # 086 -  Back"
F19D087,Frozen,F19,"Frozen Rack 19, Level: D, Position # 087 -  Front"
F19D088,Frozen,F19,"Frozen Rack 19, Level: D, Position # 088 -  Back"
F19D089,Frozen,F19,"Frozen Rack 19, Level: D, Position # 089 -  Front"
F19D090,Frozen,F19,"Frozen Rack 19, Level: D, Position # 090 -  Back"
F19D091,Frozen,F19,"Frozen Rack 19, Level: D, Position # 091 -  Front"
F19D092,Frozen,F19,"Frozen Rack 19, Level: D, Position # 092 -  Back"
F19D093,Frozen,F19,"Frozen Rack 19, Level: D, Position # 093 -  Front"
F19D094,Frozen,F19,"Frozen Rack 19, Level: D, Position # 094 -  Back"
F19D095,Frozen,F19,"Frozen Rack 19, Level: D, Position # 095 -  Front"
F19D096,Frozen,F19,"Frozen Rack 19, Level: D, Position # 096 -  Back"
F19D097,Frozen,F19,"Frozen Rack 19, Level: D, Position # 097 -  Front"
F19D098,Frozen,F19,"Frozen Rack 19, Level: D, Position # 098 -  Back"
F19D099,Frozen,F19,"Frozen Rack 19, Level: D, Position # 099 -  Front"
F19D100,Frozen,F19,"Frozen Rack 19, Level: D, Position # 100 -  Back"
F19D101,Frozen,F19,"Frozen Rack 19, Level: D, Position # 101 -  Front"
F19D102,Frozen,F19,"Frozen Rack 19, Level: D, Position # 102 -  Back"
F19D103,Frozen,F19,"Frozen Rack 19, Level: D, Position # 103 -  Front"
F19D104,Frozen,F19,"Frozen Rack 19, Level: D, Position # 104 -  Back"
F19D105,Frozen,F19,"Frozen Rack 19, Level: D, Position # 105 -  Front"
F19D106,Frozen,F19,"Frozen Rack 19, Level: D, Position # 106 -  Back"
F19D107,Frozen,F19,"Frozen Rack 19, Level: D, Position # 107 -  Front"
F19D108,Frozen,F19,"Frozen Rack 19, Level: D, Position # 108 -  Back"
F19D109,Frozen,F19,"Frozen Rack 19, Level: D, Position # 109 -  Front"
F19D110,Frozen,F19,"Frozen Rack 19, Level: D, Position # 110 -  Back"
F19D111,Frozen,F19,"Frozen Rack 19, Level: D, Position # 111 -  Front"
F19D112,Frozen,F19,"Frozen Rack 19, Level: D, Position # 112 -  Back"
F19E001,Frozen,F19,"Frozen Rack 19, Level: E, Position # 001 -  Front"
F19E002,Frozen,F19,"Frozen Rack 19, Level: E, Position # 002 -  Back"
F19E003,Frozen,F19,"Frozen Rack 19, Level: E, Position # 003 -  Front"
F19E004,Frozen,F19,"Frozen Rack 19, Level: E, Position # 004 -  Back"
F19E005,Frozen,F19,"Frozen Rack 19, Level: E, Position # 005 -  Front"
F19E006,Frozen,F19,"Frozen Rack 19, Level: E, Position # 006 -  Back"
F19E007,Frozen,F19,"Frozen Rack 19, Level: E, Position # 007 -  Front"
F19E008,Frozen,F19,"Frozen Rack 19, Level: E, Position # 008 -  Back"
F19E009,Frozen,F19,"Frozen Rack 19, Level: E, Position # 009 -  Front"
F19E010,Frozen,F19,"Frozen Rack 19, Level: E, Position # 010 -  Back"
F19E011,Frozen,F19,"Frozen Rack 19, Level: E, Position # 011 -  Front"
F19E012,Frozen,F19,"Frozen Rack 19, Level: E, Position # 012 -  Back"
F19E013,Frozen,F19,"Frozen Rack 19, Level: E, Position # 013 -  Front"
F19E014,Frozen,F19,"Frozen Rack 19, Level: E, Position # 014 -  Back"
F19E015,Frozen,F19,"Frozen Rack 19, Level: E, Position # 015 -  Front"
F19E016,Frozen,F19,"Frozen Rack 19, Level: E, Position # 016 -  Back"
F19E017,Frozen,F19,"Frozen Rack 19, Level: E, Position # 017 -  Front"
F19E018,Frozen,F19,"Frozen Rack 19, Level: E, Position # 018 -  Back"
F19E019,Frozen,F19,"Frozen Rack 19, Level: E, Position # 019 -  Front"
F19E020,Frozen,F19,"Frozen Rack 19, Level: E, Position # 020 -  Back"
F19E021,Frozen,F19,"Frozen Rack 19, Level: E, Position # 021 -  Front"
F19E022,Frozen,F19,"Frozen Rack 19, Level: E, Position # 022 -  Back"
F19E023,Frozen,F19,"Frozen Rack 19, Level: E, Position # 023 -  Front"
F19E024,Frozen,F19,"Frozen Rack 19, Level: E, Position # 024 -  Back"
F19E025,Frozen,F19,"Frozen Rack 19, Level: E, Position # 025 -  Front"
F19E026,Frozen,F19,"Frozen Rack 19, Level: E, Position # 026 -  Back"
F19E027,Frozen,F19,"Frozen Rack 19, Level: E, Position # 027 -  Front"
F19E028,Frozen,F19,"Frozen Rack 19, Level: E, Position # 028 -  Back"
F19E029,Frozen,F19,"Frozen Rack 19, Level: E, Position # 029 -  Front"
F19E030,Frozen,F19,"Frozen Rack 19, Level: E, Position # 030 -  Back"
F19E031,Frozen,F19,"Frozen Rack 19, Level: E, Position # 031 -  Front"
F19E032,Frozen,F19,"Frozen Rack 19, Level: E, Position # 032 -  Back"
F19E033,Frozen,F19,"Frozen Rack 19, Level: E, Position # 033 -  Front"
F19E034,Frozen,F19,"Frozen Rack 19, Level: E, Position # 034 -  Back"
F19E035,Frozen,F19,"Frozen Rack 19, Level: E, Position # 035 -  Front"
F19E036,Frozen,F19,"Frozen Rack 19, Level: E, Position # 036 -  Back"
F19E037,Frozen,F19,"Frozen Rack 19, Level: E, Position # 037 -  Front"
F19E038,Frozen,F19,"Frozen Rack 19, Level: E, Position # 038 -  Back"
F19E039,Frozen,F19,"Frozen Rack 19, Level: E, Position # 039 -  Front"
F19E040,Frozen,F19,"Frozen Rack 19, Level: E, Position # 040 -  Back"
F19E041,Frozen,F19,"Frozen Rack 19, Level: E, Position # 041 -  Front"
F19E042,Frozen,F19,"Frozen Rack 19, Level: E, Position # 042 -  Back"
F19E043,Frozen,F19,"Frozen Rack 19, Level: E, Position # 043 -  Front"
F19E044,Frozen,F19,"Frozen Rack 19, Level: E, Position # 044 -  Back"
F19E045,Frozen,F19,"Frozen Rack 19, Level: E, Position # 045 -  Front"
F19E046,Frozen,F19,"Frozen Rack 19, Level: E, Position # 046 -  Back"
F19E047,Frozen,F19,"Frozen Rack 19, Level: E, Position # 047 -  Front"
F19E048,Frozen,F19,"Frozen Rack 19, Level: E, Position # 048 -  Back"
F19E049,Frozen,F19,"Frozen Rack 19, Level: E, Position # 049 -  Front"
F19E050,Frozen,F19,"Frozen Rack 19, Level: E, Position # 050 -  Back"
F19E051,Frozen,F19,"Frozen Rack 19, Level: E, Position # 051 -  Front"
F19E052,Frozen,F19,"Frozen Rack 19, Level: E, Position # 052 -  Back"
F19E053,Frozen,F19,"Frozen Rack 19, Level: E, Position # 053 -  Front"
F19E054,Frozen,F19,"Frozen Rack 19, Level: E, Position # 054 -  Back"
F19E055,Frozen,F19,"Frozen Rack 19, Level: E, Position # 055 -  Front"
F19E056,Frozen,F19,"Frozen Rack 19, Level: E, Position # 056 -  Back"
F19E057,Frozen,F19,"Frozen Rack 19, Level: E, Position # 057 -  Front"
F19E058,Frozen,F19,"Frozen Rack 19, Level: E, Position # 058 -  Back"
F19E059,Frozen,F19,"Frozen Rack 19, Level: E, Position # 059 -  Front"
F19E060,Frozen,F19,"Frozen Rack 19, Level: E, Position # 060 -  Back"
F19E061,Frozen,F19,"Frozen Rack 19, Level: E, Position # 061 -  Front"
F19E062,Frozen,F19,"Frozen Rack 19, Level: E, Position # 062 -  Back"
F19E063,Frozen,F19,"Frozen Rack 19, Level: E, Position # 063 -  Front"
F19E064,Frozen,F19,"Frozen Rack 19, Level: E, Position # 064 -  Back"
F19E065,Frozen,F19,"Frozen Rack 19, Level: E, Position # 065 -  Front"
F19E066,Frozen,F19,"Frozen Rack 19, Level: E, Position # 066 -  Back"
F19E067,Frozen,F19,"Frozen Rack 19, Level: E, Position # 067 -  Front"
F19E068,Frozen,F19,"Frozen Rack 19, Level: E, Position # 068 -  Back"
F19E069,Frozen,F19,"Frozen Rack 19, Level: E, Position # 069 -  Front"
F19E070,Frozen,F19,"Frozen Rack 19, Level: E, Position # 070 -  Back"
F19E071,Frozen,F19,"Frozen Rack 19, Level: E, Position # 071 -  Front"
F19E072,Frozen,F19,"Frozen Rack 19, Level: E, Position # 072 -  Back"
F19E073,Frozen,F19,"Frozen Rack 19, Level: E, Position # 073 -  Front"
F19E074,Frozen,F19,"Frozen Rack 19, Level: E, Position # 074 -  Back"
F19E075,Frozen,F19,"Frozen Rack 19, Level: E, Position # 075 -  Front"
F19E076,Frozen,F19,"Frozen Rack 19, Level: E, Position # 076 -  Back"
F19E077,Frozen,F19,"Frozen Rack 19, Level: E, Position # 077 -  Front"
F19E078,Frozen,F19,"Frozen Rack 19, Level: E, Position # 078 -  Back"
F19E079,Frozen,F19,"Frozen Rack 19, Level: E, Position # 079 -  Front"
F19E080,Frozen,F19,"Frozen Rack 19, Level: E, Position # 080 -  Back"
F19E081,Frozen,F19,"Frozen Rack 19, Level: E, Position # 081 -  Front"
F19E082,Frozen,F19,"Frozen Rack 19, Level: E, Position # 082 -  Back"
F19E083,Frozen,F19,"Frozen Rack 19, Level: E, Position # 083 -  Front"
F19E084,Frozen,F19,"Frozen Rack 19, Level: E, Position # 084 -  Back"
F19E085,Frozen,F19,"Frozen Rack 19, Level: E, Position # 085 -  Front"
F19E086,Frozen,F19,"Frozen Rack 19, Level: E, Position # 086 -  Back"
F19E087,Frozen,F19,"Frozen Rack 19, Level: E, Position # 087 -  Front"
F19E088,Frozen,F19,"Frozen Rack 19, Level: E, Position # 088 -  Back"
F19E089,Frozen,F19,"Frozen Rack 19, Level: E, Position # 089 -  Front"
F19E090,Frozen,F19,"Frozen Rack 19, Level: E, Position # 090 -  Back"
F19E091,Frozen,F19,"Frozen Rack 19, Level: E, Position # 091 -  Front"
F19E092,Frozen,F19,"Frozen Rack 19, Level: E, Position # 092 -  Back"
F19E093,Frozen,F19,"Frozen Rack 19, Level: E, Position # 093 -  Front"
F19E094,Frozen,F19,"Frozen Rack 19, Level: E, Position # 094 -  Back"
F19E095,Frozen,F19,"Frozen Rack 19, Level: E, Position # 095 -  Front"
F19E096,Frozen,F19,"Frozen Rack 19, Level: E, Position # 096 -  Back"
F19E097,Frozen,F19,"Frozen Rack 19, Level: E, Position # 097 -  Front"
F19E098,Frozen,F19,"Frozen Rack 19, Level: E, Position # 098 -  Back"
F19E099,Frozen,F19,"Frozen Rack 19, Level: E, Position # 099 -  Front"
F19E100,Frozen,F19,"Frozen Rack 19, Level: E, Position # 100 -  Back"
F19E101,Frozen,F19,"Frozen Rack 19, Level: E, Position # 101 -  Front"
F19E102,Frozen,F19,"Frozen Rack 19, Level: E, Position # 102 -  Back"
F19E103,Frozen,F19,"Frozen Rack 19, Level: E, Position # 103 -  Front"
F19E104,Frozen,F19,"Frozen Rack 19, Level: E, Position # 104 -  Back"
F19E105,Frozen,F19,"Frozen Rack 19, Level: E, Position # 105 -  Front"
F19E106,Frozen,F19,"Frozen Rack 19, Level: E, Position # 106 -  Back"
F19E107,Frozen,F19,"Frozen Rack 19, Level: E, Position # 107 -  Front"
F19E108,Frozen,F19,"Frozen Rack 19, Level: E, Position # 108 -  Back"
F19E109,Frozen,F19,"Frozen Rack 19, Level: E, Position # 109 -  Front"
F19E110,Frozen,F19,"Frozen Rack 19, Level: E, Position # 110 -  Back"
F19E111,Frozen,F19,"Frozen Rack 19, Level: E, Position # 111 -  Front"
F19E112,Frozen,F19,"Frozen Rack 19, Level: E, Position # 112 -  Back"
F20A001,Frozen,F20,"Frozen Rack 20, Level: A, Position # 001 -  Front"
F20A003,Frozen,F20,"Frozen Rack 20, Level: A, Position # 003 -  Front"
F20A005,Frozen,F20,"Frozen Rack 20, Level: A, Position # 005 -  Front"
F20A006,Frozen,F20,"Frozen Rack 20, Level: A, Position # 006 -  Back"
F20A007,Frozen,F20,"Frozen Rack 20, Level: A, Position # 007 -  Front"
F20A009,Frozen,F20,"Frozen Rack 20, Level: A, Position # 009 -  Front"
F20A010,Frozen,F20,"Frozen Rack 20, Level: A, Position # 010 -  Back"
F20A011,Frozen,F20,"Frozen Rack 20, Level: A, Position # 011 -  Front"
F20A012,Frozen,F20,"Frozen Rack 20, Level: A, Position # 012 -  Back"
F20A019,Frozen,F20,"Frozen Rack 20, Level: A, Position # 019 -  Front"
F20A020,Frozen,F20,"Frozen Rack 20, Level: A, Position # 020 -  Back"
F20A021,Frozen,F20,"Frozen Rack 20, Level: A, Position # 021 -  Front"
F20A022,Frozen,F20,"Frozen Rack 20, Level: A, Position # 022 -  Back"
F20A023,Frozen,F20,"Frozen Rack 20, Level: A, Position # 023 -  Front"
F20A024,Frozen,F20,"Frozen Rack 20, Level: A, Position # 024 -  Back"
F20A025,Frozen,F20,"Frozen Rack 20, Level: A, Position # 025 -  Front"
F20A026,Frozen,F20,"Frozen Rack 20, Level: A, Position # 026 -  Back"
F20A027,Frozen,F20,"Frozen Rack 20, Level: A, Position # 027 -  Front"
F20A028,Frozen,F20,"Frozen Rack 20, Level: A, Position # 028 -  Back"
F20A029,Frozen,F20,"Frozen Rack 20, Level: A, Position # 029 -  Front"
F20A030,Frozen,F20,"Frozen Rack 20, Level: A, Position # 030 -  Back"
F20A031,Frozen,F20,"Frozen Rack 20, Level: A, Position # 031 -  Front"
F20A032,Frozen,F20,"Frozen Rack 20, Level: A, Position # 032 -  Back"
F20A033,Frozen,F20,"Frozen Rack 20, Level: A, Position # 033 -  Front"
F20A034,Frozen,F20,"Frozen Rack 20, Level: A, Position # 034 -  Back"
F20A035,Frozen,F20,"Frozen Rack 20, Level: A, Position # 035 -  Front"
F20A036,Frozen,F20,"Frozen Rack 20, Level: A, Position # 036 -  Back"
F20A037,Frozen,F20,"Frozen Rack 20, Level: A, Position # 037 -  Front"
F20A038,Frozen,F20,"Frozen Rack 20, Level: A, Position # 038 -  Back"
F20A039,Frozen,F20,"Frozen Rack 20, Level: A, Position # 039 -  Front"
F20A040,Frozen,F20,"Frozen Rack 20, Level: A, Position # 040 -  Back"
F20A041,Frozen,F20,"Frozen Rack 20, Level: A, Position # 041 -  Front"
F20A042,Frozen,F20,"Frozen Rack 20, Level: A, Position # 042 -  Back"
F20A043,Frozen,F20,"Frozen Rack 20, Level: A, Position # 043 -  Front"
F20A044,Frozen,F20,"Frozen Rack 20, Level: A, Position # 044 -  Back"
F20A045,Frozen,F20,"Frozen Rack 20, Level: A, Position # 045 -  Front"
F20A046,Frozen,F20,"Frozen Rack 20, Level: A, Position # 046 -  Back"
F20A047,Frozen,F20,"Frozen Rack 20, Level: A, Position # 047 -  Front"
F20A048,Frozen,F20,"Frozen Rack 20, Level: A, Position # 048 -  Back"
F20A049,Frozen,F20,"Frozen Rack 20, Level: A, Position # 049 -  Front"
F20A050,Frozen,F20,"Frozen Rack 20, Level: A, Position # 050 -  Back"
F20A051,Frozen,F20,"Frozen Rack 20, Level: A, Position # 051 -  Front"
F20A052,Frozen,F20,"Frozen Rack 20, Level: A, Position # 052 -  Back"
F20A053,Frozen,F20,"Frozen Rack 20, Level: A, Position # 053 -  Front"
F20A054,Frozen,F20,"Frozen Rack 20, Level: A, Position # 054 -  Back"
F20A061,Frozen,F20,"Frozen Rack 20, Level: A, Position # 061 -  Front"
F20A062,Frozen,F20,"Frozen Rack 20, Level: A, Position # 062 -  Back"
F20A063,Frozen,F20,"Frozen Rack 20, Level: A, Position # 063 -  Front"
F20A064,Frozen,F20,"Frozen Rack 20, Level: A, Position # 064 -  Back"
F20A065,Frozen,F20,"Frozen Rack 20, Level: A, Position # 065 -  Front"
F20A066,Frozen,F20,"Frozen Rack 20, Level: A, Position # 066 -  Back"
F20A067,Frozen,F20,"Frozen Rack 20, Level: A, Position # 067 -  Front"
F20A068,Frozen,F20,"Frozen Rack 20, Level: A, Position # 068 -  Back"
F20A069,Frozen,F20,"Frozen Rack 20, Level: A, Position # 069 -  Front"
F20A070,Frozen,F20,"Frozen Rack 20, Level: A, Position # 070 -  Back"
F20A071,Frozen,F20,"Frozen Rack 20, Level: A, Position # 071 -  Front"
F20A072,Frozen,F20,"Frozen Rack 20, Level: A, Position # 072 -  Back"
F20A073,Frozen,F20,"Frozen Rack 20, Level: A, Position # 073 -  Front"
F20A074,Frozen,F20,"Frozen Rack 20, Level: A, Position # 074 -  Back"
F20A075,Frozen,F20,"Frozen Rack 20, Level: A, Position # 075 -  Front"
F20A076,Frozen,F20,"Frozen Rack 20, Level: A, Position # 076 -  Back"
F20A077,Frozen,F20,"Frozen Rack 20, Level: A, Position # 077 -  Front"
F20A078,Frozen,F20,"Frozen Rack 20, Level: A, Position # 078 -  Back"
F20A079,Frozen,F20,"Frozen Rack 20, Level: A, Position # 079 -  Front"
F20A080,Frozen,F20,"Frozen Rack 20, Level: A, Position # 080 -  Back"
F20A081,Frozen,F20,"Frozen Rack 20, Level: A, Position # 081 -  Front"
F20A082,Frozen,F20,"Frozen Rack 20, Level: A, Position # 082 -  Back"
F20A083,Frozen,F20,"Frozen Rack 20, Level: A, Position # 083 -  Front"
F20A084,Frozen,F20,"Frozen Rack 20, Level: A, Position # 084 -  Back"
F20A085,Frozen,F20,"Frozen Rack 20, Level: A, Position # 085 -  Front"
F20A086,Frozen,F20,"Frozen Rack 20, Level: A, Position # 086 -  Back"
F20A087,Frozen,F20,"Frozen Rack 20, Level: A, Position # 087 -  Front"
F20A088,Frozen,F20,"Frozen Rack 20, Level: A, Position # 088 -  Back"
F20A089,Frozen,F20,"Frozen Rack 20, Level: A, Position # 089 -  Front"
F20A090,Frozen,F20,"Frozen Rack 20, Level: A, Position # 090 -  Back"
F20A091,Frozen,F20,"Frozen Rack 20, Level: A, Position # 091 -  Front"
F20A092,Frozen,F20,"Frozen Rack 20, Level: A, Position # 092 -  Back"
F20A093,Frozen,F20,"Frozen Rack 20, Level: A, Position # 093 -  Front"
F20A094,Frozen,F20,"Frozen Rack 20, Level: A, Position # 094 -  Back"
F20A095,Frozen,F20,"Frozen Rack 20, Level: A, Position # 095 -  Front"
F20A096,Frozen,F20,"Frozen Rack 20, Level: A, Position # 096 -  Back"
F20A103,Frozen,F20,"Frozen Rack 20, Level: A, Position # 103 -  Front"
F20A104,Frozen,F20,"Frozen Rack 20, Level: A, Position # 104 -  Back"
F20A105,Frozen,F20,"Frozen Rack 20, Level: A, Position # 105 -  Front"
F20A106,Frozen,F20,"Frozen Rack 20, Level: A, Position # 106 -  Back"
F20A107,Frozen,F20,"Frozen Rack 20, Level: A, Position # 107 -  Front"
F20A108,Frozen,F20,"Frozen Rack 20, Level: A, Position # 108 -  Back"
F20A109,Frozen,F20,"Frozen Rack 20, Level: A, Position # 109 -  Front"
F20A110,Frozen,F20,"Frozen Rack 20, Level: A, Position # 110 -  Back"
F20A111,Frozen,F20,"Freezer Rack 20, Level: B, Position# 111 - Front"
F20A112,Frozen,F20,"Frozen Rack 20, Level: A, Position # 112 -  Back"
F20B001,Frozen,F20,"Frozen Rack 20, Level: B, Position # 001 -  Front"
F20B004,Frozen,F20,"Frozen Rack 20, Level: B, Position # 004 -  Back"
F20B005,Frozen,F20,"Frozen Rack 20, Level: B, Position # 005 -  Front"
F20B006,Frozen,F20,"Frozen Rack 20, Level: B, Position # 006 -  Back"
F20B007,Frozen,F20,"Frozen Rack 20, Level: B, Position # 007 -  Front"
F20B009,Frozen,F20,"Frozen Rack 20, Level: B, Position # 009 -  Front"
F20B010,Frozen,F20,"Frozen Rack 20, Level: B, Position # 010 -  Back"
F20B011,Frozen,F20,"Frozen Rack 20, Level: B, Position # 011 -  Front"
F20B012,Frozen,F20,"Frozen Rack 20, Level: B, Position # 012 -  Back"
F20B019,Frozen,F20,"Frozen Rack 20, Level: B, Position # 019 -  Front"
F20B020,Frozen,F20,"Frozen Rack 20, Level: B, Position # 020 -  Back"
F20B021,Frozen,F20,"Frozen Rack 20, Level: B, Position # 021 -  Front"
F20B022,Frozen,F20,"Frozen Rack 20, Level: B, Position # 022 -  Back"
F20B023,Frozen,F20,"Frozen Rack 20, Level: B, Position # 023 -  Front"
F20B024,Frozen,F20,"Frozen Rack 20, Level: B, Position # 024 -  Back"
F20B025,Frozen,F20,"Frozen Rack 20, Level: B, Position # 025 -  Front"
F20B026,Frozen,F20,"Frozen Rack 20, Level: B, Position # 026 -  Back"
F20B027,Frozen,F20,"Frozen Rack 20, Level: B, Position # 027 -  Front"
F20B028,Frozen,F20,"Frozen Rack 20, Level: B, Position # 028 -  Back"
F20B029,Frozen,F20,"Frozen Rack 20, Level: B, Position # 029 -  Front"
F20B030,Frozen,F20,"Frozen Rack 20, Level: B, Position # 030 -  Back"
F20B031,Frozen,F20,"Frozen Rack 20, Level: B, Position # 031 -  Front"
F20B032,Frozen,F20,"Frozen Rack 20, Level: B, Position # 032 -  Back"
F20B033,Frozen,F20,"Frozen Rack 20, Level: B, Position # 033 -  Front"
F20B034,Frozen,F20,"Frozen Rack 20, Level: B, Position # 034 -  Back"
F20B035,Frozen,F20,"Frozen Rack 20, Level: B, Position # 035 -  Front"
F20B036,Frozen,F20,"Frozen Rack 20, Level: B, Position # 036 -  Back"
F20B037,Frozen,F20,"Frozen Rack 20, Level: B, Position # 037 -  Front"
F20B038,Frozen,F20,"Frozen Rack 20, Level: B, Position # 038 -  Back"
F20B039,Frozen,F20,"Frozen Rack 20, Level: B, Position # 039 -  Front"
F20B040,Frozen,F20,"Frozen Rack 20, Level: B, Position # 040 -  Back"
F20B041,Frozen,F20,"Frozen Rack 20, Level: B, Position # 041 -  Front"
F20B042,Frozen,F20,"Frozen Rack 20, Level: B, Position # 042 -  Back"
F20B043,Frozen,F20,"Frozen Rack 20, Level: B, Position # 043 -  Front"
F20B044,Frozen,F20,"Frozen Rack 20, Level: B, Position # 044 -  Back"
F20B045,Frozen,F20,"Frozen Rack 20, Level: B, Position # 045 -  Front"
F20B046,Frozen,F20,"Frozen Rack 20, Level: B, Position # 046 -  Back"
F20B047,Frozen,F20,"Frozen Rack 20, Level: B, Position # 047 -  Front"
F20B048,Frozen,F20,"Frozen Rack 20, Level: B, Position # 048 -  Back"
F20B049,Frozen,F20,"Frozen Rack 20, Level: B, Position # 049 -  Front"
F20B050,Frozen,F20,"Frozen Rack 20, Level: B, Position # 050 -  Back"
F20B051,Frozen,F20,"Frozen Rack 20, Level: B, Position # 051 -  Front"
F20B052,Frozen,F20,"Frozen Rack 20, Level: B, Position # 052 -  Back"
F20B053,Frozen,F20,"Frozen Rack 20, Level: B, Position # 053 -  Front"
F20B054,Frozen,F20,"Frozen Rack 20, Level: B, Position # 054 -  Back"
F20B061,Frozen,F20,"Frozen Rack 20, Level: B, Position # 061 -  Front"
F20B062,Frozen,F20,"Frozen Rack 20, Level: B, Position # 062 -  Back"
F20B063,Frozen,F20,"Frozen Rack 20, Level: B, Position # 063 -  Front"
F20B064,Frozen,F20,"Frozen Rack 20, Level: B, Position # 064 -  Back"
F20B065,Frozen,F20,"Frozen Rack 20, Level: B, Position # 065 -  Front"
F20B066,Frozen,F20,"Frozen Rack 20, Level: B, Position # 066 -  Back"
F20B067,Frozen,F20,"Frozen Rack 20, Level: B, Position # 067 -  Front"
F20B068,Frozen,F20,"Frozen Rack 20, Level: B, Position # 068 -  Back"
F20B069,Frozen,F20,"Frozen Rack 20, Level: B, Position # 069 -  Front"
F20B070,Frozen,F20,"Frozen Rack 20, Level: B, Position # 070 -  Back"
F20B071,Frozen,F20,"Frozen Rack 20, Level: B, Position # 071 -  Front"
F20B072,Frozen,F20,"Frozen Rack 20, Level: B, Position # 072 -  Back"
F20B073,Frozen,F20,"Frozen Rack 20, Level: B, Position # 073 -  Front"
F20B074,Frozen,F20,"Frozen Rack 20, Level: B, Position # 074 -  Back"
F20B075,Frozen,F20,"Frozen Rack 20, Level: B, Position # 075 -  Front"
F20B076,Frozen,F20,"Frozen Rack 20, Level: B, Position # 076 -  Back"
F20B077,Frozen,F20,"Frozen Rack 20, Level: B, Position # 077 -  Front"
F20B078,Frozen,F20,"Frozen Rack 20, Level: B, Position # 078 -  Back"
F20B079,Frozen,F20,"Frozen Rack 20, Level: B, Position # 079 -  Front"
F20B080,Frozen,F20,"Frozen Rack 20, Level: B, Position # 080 -  Back"
F20B081,Frozen,F20,"Frozen Rack 20, Level: B, Position # 081 -  Front"
F20B082,Frozen,F20,"Frozen Rack 20, Level: B, Position # 082 -  Back"
F20B083,Frozen,F20,"Frozen Rack 20, Level: B, Position # 083 -  Front"
F20B084,Frozen,F20,"Frozen Rack 20, Level: B, Position # 084 -  Back"
F20B085,Frozen,F20,"Frozen Rack 20, Level: B, Position # 085 -  Front"
F20B086,Frozen,F20,"Frozen Rack 20, Level: B, Position # 086 -  Back"
F20B087,Frozen,F20,"Frozen Rack 20, Level: B, Position # 087 -  Front"
F20B088,Frozen,F20,"Frozen Rack 20, Level: B, Position # 088 -  Back"
F20B089,Frozen,F20,"Frozen Rack 20, Level: B, Position # 089 -  Front"
F20B090,Frozen,F20,"Frozen Rack 20, Level: B, Position # 090 -  Back"
F20B091,Frozen,F20,"Frozen Rack 20, Level: B, Position # 091 -  Front"
F20B092,Frozen,F20,"Frozen Rack 20, Level: B, Position # 092 -  Back"
F20B093,Frozen,F20,"Frozen Rack 20, Level: B, Position # 093 -  Front"
F20B094,Frozen,F20,"Frozen Rack 20, Level: B, Position # 094 -  Back"
F20B095,Frozen,F20,"Frozen Rack 20, Level: B, Position # 095 -  Front"
F20B096,Frozen,F20,"Frozen Rack 20, Level: B, Position # 096 -  Back"
F20B103,Frozen,F20,"Frozen Rack 20, Level: B, Position # 103 -  Front"
F20B104,Frozen,F20,"Frozen Rack 20, Level: B, Position # 104 -  Back"
F20B105,Frozen,F20,"Frozen Rack 20, Level: B, Position # 105 -  Front"
F20B106,Frozen,F20,"Frozen Rack 20, Level: B, Position # 106 -  Back"
F20B107,Frozen,F20,"Frozen Rack 20, Level: B, Position # 107 -  Front"
F20B108,Frozen,F20,"Frozen Rack 20, Level: B, Position # 108 -  Back"
F20B109,Frozen,F20,"Frozen Rack 20, Level: B, Position # 109 -  Front"
F20B110,Frozen,F20,"Frozen Rack 20, Level: B, Position # 110 -  Back"
F20B111,Frozen,F20,"Frozen Rack 20, Level: B, Position # 111 -  Back"
F20B112,Frozen,F20,"Frozen Rack 20, Level: B, Position # 112 -  Back"
F20C003,Frozen,F20,"Frozen Rack 20, Level: C, Position # 003 -  Front"
F20C006,Frozen,F20,"Frozen Rack 20, Level: C, Position # 006 -  Back"
F20C007,Frozen,F20,"Frozen Rack 20, Level: C, Position # 007 -  Front"
F20C008,Frozen,F20,"Frozen Rack 20, Level: C, Position # 008 -  Back"
F20C009,Frozen,F20,"Frozen Rack 20, Level: C, Position # 009 -  Front"
F20C010,Frozen,F20,"Frozen Rack 20, Level: C, Position # 010 -  Back"
F20C011,Frozen,F20,"Frozen Rack 20, Level: C, Position # 011 -  Front"
F20C012,Frozen,F20,"Frozen Rack 20, Level: C, Position # 012 -  Back"
F20C013,Frozen,F20,"Frozen Rack 20, Level: C, Position # 013 -  Front"
F20C014,Frozen,F20,"Frozen Rack 20, Level: C, Position # 014 -  Back"
F20C015,Frozen,F20,
F20C017,Frozen,F20,
F20C020,Frozen,F20,"Frozen Rack 20, Level: C, Position # 020 -  Back"
F20C021,Frozen,F20,"Frozen Rack 20, Level: C, Position # 021 -  Front"
F20C022,Frozen,F20,"Frozen Rack 20, Level: C, Position # 022 -  Back"
F20C023,Frozen,F20,"Frozen Rack 20, Level: C, Position # 023 -  Front"
F20C024,Frozen,F20,"Frozen Rack 20, Level: C, Position # 024 -  Back"
F20C025,Frozen,F20,"Frozen Rack 20, Level: C, Position # 025 -  Front"
F20C026,Frozen,F20,"Frozen Rack 20, Level: C, Position # 026 -  Back"
F20C027,Frozen,F20,"Frozen Rack 20, Level: C, Position # 027 -  Front"
F20C028,Frozen,F20,"Frozen Rack 20, Level: C, Position # 028 -  Back"
F20C029,Frozen,F20,"Frozen Rack 20, Level: C, Position # 029 -  Front"
F20C030,Frozen,F20,"Frozen Rack 20, Level: C, Position # 030 -  Back"
F20C031,Frozen,F20,"Frozen Rack 20, Level: C, Position # 031 -  Front"
F20C032,Frozen,F20,"Frozen Rack 20, Level: C, Position # 032 -  Back"
F20C033,Frozen,F20,"Frozen Rack 20, Level: C, Position # 033 -  Front"
F20C034,Frozen,F20,"Frozen Rack 20, Level: C, Position # 034 -  Back"
F20C035,Frozen,F20,"Frozen Rack 20, Level: C, Position # 035 -  Front"
F20C036,Frozen,F20,"Frozen Rack 20, Level: C, Position # 036 -  Back"
F20C037,Frozen,F20,"Frozen Rack 20, Level: C, Position # 037 -  Front"
F20C038,Frozen,F20,"Frozen Rack 20, Level: C, Position # 038 -  Back"
F20C039,Frozen,F20,"Frozen Rack 20, Level: C, Position # 039 -  Front"
F20C040,Frozen,F20,"Frozen Rack 20, Level: C, Position # 040 -  Back"
F20C041,Frozen,F20,"Frozen Rack 20, Level: C, Position # 041 -  Front"
F20C042,Frozen,F20,"Frozen Rack 20, Level: C, Position # 042 -  Back"
F20C043,Frozen,F20,"Frozen Rack 20, Level: C, Position # 043 -  Front"
F20C044,Frozen,F20,"Frozen Rack 20, Level: C, Position # 044 -  Back"
F20C045,Frozen,F20,"Frozen Rack 20, Level: C, Position # 045 -  Front"
F20C046,Frozen,F20,"Frozen Rack 20, Level: C, Position # 046 -  Back"
F20C047,Frozen,F20,"Frozen Rack 20, Level: C, Position # 047 -  Front"
F20C048,Frozen,F20,"Frozen Rack 20, Level: C, Position # 048 -  Back"
F20C049,Frozen,F20,"Frozen Rack 20, Level: C, Position # 049 -  Front"
F20C050,Frozen,F20,"Frozen Rack 20, Level: C, Position # 050 -  Back"
F20C051,Frozen,F20,"Frozen Rack 20, Level: C, Position # 051 -  Front"
F20C052,Frozen,F20,"Frozen Rack 20, Level: C, Position # 052 -  Back"
F20C053,Frozen,F20,"Frozen Rack 20, Level: C, Position # 053 -  Front"
F20C054,Frozen,F20,"Frozen Rack 20, Level: C, Position # 054 -  Back"
F20C055,Frozen,F20,"Frozen Rack 20, Level: C, Position # 055 -  Front"
F20C056,Frozen,F20,"Frozen Rack 20, Level: C, Position # 056 -  Back"
F20C057,Frozen,F20,"Frozen Rack 20, Level: C, Position # 057 -  Front"
F20C058,Frozen,F20,"Frozen Rack 20, Level: C, Position # 058 -  Back"
F20C059,Frozen,F20,"Frozen Rack 20, Level: C, Position # 059 -  Front"
F20C060,Frozen,F20,"Frozen Rack 20, Level: C, Position # 060 -  Back"
F20C061,Frozen,F20,"Frozen Rack 20, Level: C, Position # 061 -  Front"
F20C062,Frozen,F20,"Frozen Rack 20, Level: C, Position # 062 -  Back"
F20C063,Frozen,F20,"Frozen Rack 20, Level: C, Position # 063 -  Front"
F20C064,Frozen,F20,"Frozen Rack 20, Level: C, Position # 064 -  Back"
F20C065,Frozen,F20,"Frozen Rack 20, Level: C, Position # 065 -  Front"
F20C066,Frozen,F20,"Frozen Rack 20, Level: C, Position # 066 -  Back"
F20C067,Frozen,F20,"Frozen Rack 20, Level: C, Position # 067 -  Front"
F20C068,Frozen,F20,"Frozen Rack 20, Level: C, Position # 068 -  Back"
F20C069,Frozen,F20,"Frozen Rack 20, Level: C, Position # 069 -  Front"
F20C070,Frozen,F20,"Frozen Rack 20, Level: C, Position # 070 -  Back"
F20C071,Frozen,F20,"Frozen Rack 20, Level: C, Position # 071 -  Front"
F20C072,Frozen,F20,"Frozen Rack 20, Level: C, Position # 072 -  Back"
F20C073,Frozen,F20,"Frozen Rack 20, Level: C, Position # 073 -  Front"
F20C074,Frozen,F20,"Frozen Rack 20, Level: C, Position # 074 -  Back"
F20C075,Frozen,F20,"Frozen Rack 20, Level: C, Position # 075 -  Front"
F20C076,Frozen,F20,"Frozen Rack 20, Level: C, Position # 076 -  Back"
F20C077,Frozen,F20,"Frozen Rack 20, Level: C, Position # 077 -  Front"
F20C078,Frozen,F20,"Frozen Rack 20, Level: C, Position # 078 -  Back"
F20C079,Frozen,F20,"Frozen Rack 20, Level: C, Position # 079 -  Front"
F20C080,Frozen,F20,"Frozen Rack 20, Level: C, Position # 080 -  Back"
F20C081,Frozen,F20,"Frozen Rack 20, Level: C, Position # 081 -  Front"
F20C082,Frozen,F20,"Frozen Rack 20, Level: C, Position # 082 -  Back"
F20C083,Frozen,F20,"Frozen Rack 20, Level: C, Position # 083 -  Front"
F20C084,Frozen,F20,"Frozen Rack 20, Level: C, Position # 084 -  Back"
F20C085,Frozen,F20,"Frozen Rack 20, Level: C, Position # 085 -  Front"
F20C086,Frozen,F20,"Frozen Rack 20, Level: C, Position # 086 -  Back"
F20C087,Frozen,F20,"Frozen Rack 20, Level: C, Position # 087 -  Front"
F20C088,Frozen,F20,"Frozen Rack 20, Level: C, Position # 088 -  Back"
F20C089,Frozen,F20,"Frozen Rack 20, Level: C, Position # 089 -  Front"
F20C090,Frozen,F20,"Frozen Rack 20, Level: C, Position # 090 -  Back"
F20C091,Frozen,F20,"Frozen Rack 20, Level: C, Position # 091 -  Front"
F20C092,Frozen,F20,"Frozen Rack 20, Level: C, Position # 092 -  Back"
F20C093,Frozen,F20,"Frozen Rack 20, Level: C, Position # 093 -  Front"
F20C094,Frozen,F20,"Frozen Rack 20, Level: C, Position # 094 -  Back"
F20C095,Frozen,F20,"Frozen Rack 20, Level: C, Position # 095 -  Front"
F20C096,Frozen,F20,"Frozen Rack 20, Level: C, Position # 096 -  Back"
F20C097,Frozen,F20,"Frozen Rack 20, Level: C, Position # 097 -  Front"
F20C098,Frozen,F20,"Frozen Rack 20, Level: C, Position # 098 -  Back"
F20C099,Frozen,F20,"Frozen Rack 20, Level: C, Position # 099 -  Front"
F20C100,Frozen,F20,"Frozen Rack 20, Level: C, Position # 100 -  Back"
F20C101,Frozen,F20,"Frozen Rack 20, Level: C, Position # 101 -  Front"
F20C102,Frozen,F20,"Frozen Rack 20, Level: C, Position # 102 -  Back"
F20C103,Frozen,F20,"Frozen Rack 20, Level: C, Position # 103 -  Front"
F20C104,Frozen,F20,"Frozen Rack 20, Level: C, Position # 104 -  Back"
F20C105,Frozen,F20,"Frozen Rack 20, Level: C, Position # 105 -  Front"
F20C106,Frozen,F20,"Frozen Rack 20, Level: C, Position # 106 -  Back"
F20C107,Frozen,F20,"Frozen Rack 20, Level: C, Position # 107 -  Front"
F20C108,Frozen,F20,"Frozen Rack 20, Level: C, Position # 108 -  Back"
F20C109,Frozen,F20,"Frozen Rack 20, Level: C, Position # 109 -  Front"
F20C110,Frozen,F20,"Frozen Rack 20, Level: C, Position # 110 -  Back"
F20C111,Frozen,F20,"Frozen Rack 20, Level: C, Position # 111 -  Back"
F20C112,Frozen,F20,"Frozen Rack 20, Level: C, Position # 112 -  Back"
F20D003,Frozen,F20,"Frozen Rack 20, Level: D, Position # 003 -  Front"
F20D004,Frozen,F20,"Frozen Rack 20, Level: D, Position # 004 -  Back"
F20D005,Frozen,F20,"Frozen Rack 20, Level: D, Position # 005 -  Front"
F20D006,Frozen,F20,"Frozen Rack 20, Level: D, Position # 006 -  Back"
F20D007,Frozen,F20,"Frozen Rack 20, Level: D, Position # 007 -  Front"
F20D008,Frozen,F20,"Frozen Rack 20, Level: D, Position # 008 -  Back"
F20D016,Frozen,F20,"Frozen Rack 20, Level: D, Position # 016 -  Back"
F20D017,Frozen,F20,"Frozen Rack 20, Level: D, Position # 017 -  Front"
F20D019,Frozen,F20,"Frozen Rack 20, Level: D, Position # 019 -  Front"
F20D021,Frozen,F20,"Frozen Rack 20, Level: D, Position # 021 -  Front"
F20D022,Frozen,F20,"Frozen Rack 20, Level: D, Position # 022 -  Back"
F20D023,Frozen,F20,"Frozen Rack 20, Level: D, Position # 023 -  Front"
F20D024,Frozen,F20,"Frozen Rack 20, Level: D, Position # 024 -  Back"
F20D025,Frozen,F20,"Frozen Rack 20, Level: D, Position # 025 -  Front"
F20D026,Frozen,F20,"Frozen Rack 20, Level: D, Position # 026 -  Back"
F20D027,Frozen,F20,"Frozen Rack 20, Level: D, Position # 027 -  Front"
F20D028,Frozen,F20,"Frozen Rack 20, Level: D, Position # 028 -  Back"
F20D029,Frozen,F20,"Frozen Rack 20, Level: D, Position # 029 -  Front"
F20D030,Frozen,F20,"Frozen Rack 20, Level: D, Position # 030 -  Back"
F20D031,Frozen,F20,"Frozen Rack 20, Level: D, Position # 031 -  Front"
F20D032,Frozen,F20,"Frozen Rack 20, Level: D, Position # 032 -  Back"
F20D033,Frozen,F20,"Frozen Rack 20, Level: D, Position # 033 -  Front"
F20D034,Frozen,F20,"Frozen Rack 20, Level: D, Position # 034 -  Back"
F20D035,Frozen,F20,"Frozen Rack 20, Level: D, Position # 035 -  Front"
F20D036,Frozen,F20,"Frozen Rack 20, Level: D, Position # 036 -  Back"
F20D037,Frozen,F20,"Frozen Rack 20, Level: D, Position # 037 -  Front"
F20D038,Frozen,F20,"Frozen Rack 20, Level: D, Position # 038 -  Back"
F20D039,Frozen,F20,"Frozen Rack 20, Level: D, Position # 039 -  Front"
F20D040,Frozen,F20,"Frozen Rack 20, Level: D, Position # 040 -  Back"
F20D041,Frozen,F20,"Frozen Rack 20, Level: D, Position # 041 -  Front"
F20D042,Frozen,F20,"Frozen Rack 20, Level: D, Position # 042 -  Back"
F20D043,Frozen,F20,"Frozen Rack 20, Level: D, Position # 043 -  Front"
F20D044,Frozen,F20,"Frozen Rack 20, Level: D, Position # 044 -  Back"
F20D045,Frozen,F20,"Frozen Rack 20, Level: D, Position # 045 -  Front"
F20D046,Frozen,F20,"Frozen Rack 20, Level: D, Position # 046 -  Back"
F20D047,Frozen,F20,"Frozen Rack 20, Level: D, Position # 047 -  Front"
F20D048,Frozen,F20,"Frozen Rack 20, Level: D, Position # 048 -  Back"
F20D049,Frozen,F20,"Frozen Rack 20, Level: D, Position # 049 -  Front"
F20D050,Frozen,F20,"Frozen Rack 20, Level: D, Position # 050 -  Back"
F20D051,Frozen,F20,"Frozen Rack 20, Level: D, Position # 051 -  Front"
F20D052,Frozen,F20,"Frozen Rack 20, Level: D, Position # 052 -  Back"
F20D053,Frozen,F20,"Frozen Rack 20, Level: D, Position # 053 -  Front"
F20D054,Frozen,F20,"Frozen Rack 20, Level: D, Position # 054 -  Back"
F20D055,Frozen,F20,"Frozen Rack 20, Level: D, Position # 055 -  Front"
F20D056,Frozen,F20,"Frozen Rack 20, Level: D, Position # 056 -  Back"
F20D057,Frozen,F20,"Frozen Rack 20, Level: D, Position # 057 -  Front"
F20D058,Frozen,F20,"Frozen Rack 20, Level: D, Position # 058 -  Back"
F20D059,Frozen,F20,"Frozen Rack 20, Level: D, Position # 059 -  Front"
F20D060,Frozen,F20,"Frozen Rack 20, Level: D, Position # 060 -  Back"
F20D061,Frozen,F20,"Frozen Rack 20, Level: D, Position # 061 -  Front"
F20D062,Frozen,F20,"Frozen Rack 20, Level: D, Position # 062 -  Back"
F20D063,Frozen,F20,"Frozen Rack 20, Level: D, Position # 063 -  Front"
F20D064,Frozen,F20,"Frozen Rack 20, Level: D, Position # 064 -  Back"
F20D065,Frozen,F20,"Frozen Rack 20, Level: D, Position # 065 -  Front"
F20D066,Frozen,F20,"Frozen Rack 20, Level: D, Position # 066 -  Back"
F20D067,Frozen,F20,"Frozen Rack 20, Level: D, Position # 067 -  Front"
F20D068,Frozen,F20,"Frozen Rack 20, Level: D, Position # 068 -  Back"
F20D069,Frozen,F20,"Frozen Rack 20, Level: D, Position # 069 -  Front"
F20D070,Frozen,F20,"Frozen Rack 20, Level: D, Position # 070 -  Back"
F20D071,Frozen,F20,"Frozen Rack 20, Level: D, Position # 071 -  Front"
F20D072,Frozen,F20,"Frozen Rack 20, Level: D, Position # 072 -  Back"
F20D073,Frozen,F20,"Frozen Rack 20, Level: D, Position # 073 -  Front"
F20D074,Frozen,F20,"Frozen Rack 20, Level: D, Position # 074 -  Back"
F20D075,Frozen,F20,"Frozen Rack 20, Level: D, Position # 075 -  Front"
F20D076,Frozen,F20,"Frozen Rack 20, Level: D, Position # 076 -  Back"
F20D077,Frozen,F20,"Frozen Rack 20, Level: D, Position # 077 -  Front"
F20D078,Frozen,F20,"Frozen Rack 20, Level: D, Position # 078 -  Back"
F20D079,Frozen,F20,"Frozen Rack 20, Level: D, Position # 079 -  Front"
F20D080,Frozen,F20,"Frozen Rack 20, Level: D, Position # 080 -  Back"
F20D081,Frozen,F20,"Frozen Rack 20, Level: D, Position # 081 -  Front"
F20D082,Frozen,F20,"Frozen Rack 20, Level: D, Position # 082 -  Back"
F20D083,Frozen,F20,"Frozen Rack 20, Level: D, Position # 083 -  Front"
F20D084,Frozen,F20,"Frozen Rack 20, Level: D, Position # 084 -  Back"
F20D085,Frozen,F20,"Frozen Rack 20, Level: D, Position # 085 -  Front"
F20D086,Frozen,F20,"Frozen Rack 20, Level: D, Position # 086 -  Back"
F20D087,Frozen,F20,"Frozen Rack 20, Level: D, Position # 087 -  Front"
F20D088,Frozen,F20,"Frozen Rack 20, Level: D, Position # 088 -  Back"
F20D089,Frozen,F20,"Frozen Rack 20, Level: D, Position # 089 -  Front"
F20D090,Frozen,F20,"Frozen Rack 20, Level: D, Position # 090 -  Back"
F20D091,Frozen,F20,"Frozen Rack 20, Level: D, Position # 091 -  Front"
F20D092,Frozen,F20,"Frozen Rack 20, Level: D, Position # 092 -  Back"
F20D093,Frozen,F20,"Frozen Rack 20, Level: D, Position # 093 -  Front"
F20D094,Frozen,F20,"Frozen Rack 20, Level: D, Position # 094 -  Back"
F20D095,Frozen,F20,"Frozen Rack 20, Level: D, Position # 095 -  Front"
F20D096,Frozen,F20,"Frozen Rack 20, Level: D, Position # 096 -  Back"
F20D097,Frozen,F20,"Frozen Rack 20, Level: D, Position # 097 -  Front"
F20D098,Frozen,F20,"Frozen Rack 20, Level: D, Position # 098 -  Back"
F20D099,Frozen,F20,"Frozen Rack 20, Level: D, Position # 099 -  Front"
F20D100,Frozen,F20,"Frozen Rack 20, Level: D, Position # 100 -  Back"
F20D101,Frozen,F20,"Frozen Rack 20, Level: D, Position # 101 -  Front"
F20D102,Frozen,F20,"Frozen Rack 20, Level: D, Position # 102 -  Back"
F20D103,Frozen,F20,"Frozen Rack 20, Level: D, Position # 103 -  Front"
F20D104,Frozen,F20,"Frozen Rack 20, Level: D, Position # 104 -  Back"
F20D105,Frozen,F20,"Frozen Rack 20, Level: D, Position # 105 -  Front"
F20D106,Frozen,F20,"Frozen Rack 20, Level: D, Position # 106 -  Back"
F20D107,Frozen,F20,"Frozen Rack 20, Level: D, Position # 107 -  Front"
F20D108,Frozen,F20,"Frozen Rack 20, Level: D, Position # 108 -  Back"
F20D109,Frozen,F20,"Frozen Rack 20, Level: D, Position # 109 -  Front"
F20D110,Frozen,F20,"Frozen Rack 20, Level: D, Position # 110 -  Back"
F20D111,Frozen,F20,"Frozen Rack 20, Level: D, Position # 111 -  Back"
F20D112,Frozen,F20,"Frozen Rack 20, Level: D, Position # 112 -  Back"
F20E021,Frozen,F20,"Frozen Rack 20, Level: E, Position # 021 -  Front"
F20E022,Frozen,F20,"Frozen Rack 20, Level: E, Position # 022 -  Back"
F20E023,Frozen,F20,"Frozen Rack 20, Level: E, Position # 023 -  Front"
F20E024,Frozen,F20,"Frozen Rack 20, Level: E, Position # 024 -  Back"
F20E025,Frozen,F20,"Frozen Rack 20, Level: E, Position # 025 -  Front"
F20E026,Frozen,F20,"Frozen Rack 20, Level: E, Position # 026 -  Back"
F20E027,Frozen,F20,"Frozen Rack 20, Level: E, Position # 027 -  Front"
F20E028,Frozen,F20,"Frozen Rack 20, Level: E, Position # 028 -  Back"
F20E029,Frozen,F20,"Frozen Rack 20, Level: E, Position # 029 -  Front"
F20E030,Frozen,F20,"Frozen Rack 20, Level: E, Position # 030 -  Back"
F20E031,Frozen,F20,"Frozen Rack 20, Level: E, Position # 031 -  Front"
F20E032,Frozen,F20,"Frozen Rack 20, Level: E, Position # 032 -  Back"
F20E033,Frozen,F20,"Frozen Rack 20, Level: E, Position # 033 -  Front"
F20E034,Frozen,F20,"Frozen Rack 20, Level: E, Position # 034 -  Back"
F20E035,Frozen,F20,"Frozen Rack 20, Level: E, Position # 035 -  Front"
F20E036,Frozen,F20,"Frozen Rack 20, Level: E, Position # 036 -  Back"
F20E037,Frozen,F20,"Frozen Rack 20, Level: E, Position # 037 -  Front"
F20E038,Frozen,F20,"Frozen Rack 20, Level: E, Position # 038 -  Back"
F20E039,Frozen,F20,"Frozen Rack 20, Level: E, Position # 039 -  Front"
F20E040,Frozen,F20,"Frozen Rack 20, Level: E, Position # 040 -  Back"
F20E041,Frozen,F20,"Frozen Rack 20, Level: E, Position # 041 -  Front"
F20E042,Frozen,F20,"Frozen Rack 20, Level: E, Position # 042 -  Back"
F20E043,Frozen,F20,"Frozen Rack 20, Level: E, Position # 043 -  Front"
F20E044,Frozen,F20,"Frozen Rack 20, Level: E, Position # 044 -  Back"
F20E045,Frozen,F20,"Frozen Rack 20, Level: E, Position # 045 -  Front"
F20E046,Frozen,F20,"Frozen Rack 20, Level: E, Position # 046 -  Back"
F20E047,Frozen,F20,"Frozen Rack 20, Level: E, Position # 047 -  Front"
F20E048,Frozen,F20,"Frozen Rack 20, Level: E, Position # 048 -  Back"
F20E049,Frozen,F20,"Frozen Rack 20, Level: E, Position # 049 -  Front"
F20E050,Frozen,F20,"Frozen Rack 20, Level: E, Position # 050 -  Back"
F20E051,Frozen,F20,"Frozen Rack 20, Level: E, Position # 051 -  Front"
F20E052,Frozen,F20,"Frozen Rack 20, Level: E, Position # 052 -  Back"
F20E053,Frozen,F20,"Frozen Rack 20, Level: E, Position # 053 -  Front"
F20E054,Frozen,F20,"Frozen Rack 20, Level: E, Position # 054 -  Back"
F20E055,Frozen,F20,"Frozen Rack 20, Level: E, Position # 055 -  Front"
F20E056,Frozen,F20,"Frozen Rack 20, Level: E, Position # 056 -  Back"
F20E057,Frozen,F20,"Frozen Rack 20, Level: E, Position # 057 -  Front"
F20E058,Frozen,F20,"Frozen Rack 20, Level: E, Position # 058 -  Back"
F20E059,Frozen,F20,"Frozen Rack 20, Level: E, Position # 059 -  Front"
F20E060,Frozen,F20,"Frozen Rack 20, Level: E, Position # 060 -  Back"
F20E061,Frozen,F20,"Frozen Rack 20, Level: E, Position # 061 -  Front"
F20E062,Frozen,F20,"Frozen Rack 20, Level: E, Position # 062 -  Back"
F20E063,Frozen,F20,"Frozen Rack 20, Level: E, Position # 063 -  Front"
F20E064,Frozen,F20,"Frozen Rack 20, Level: E, Position # 064 -  Back"
F20E065,Frozen,F20,"Frozen Rack 20, Level: E, Position # 065 -  Front"
F20E066,Frozen,F20,"Frozen Rack 20, Level: E, Position # 066 -  Back"
F20E067,Frozen,F20,"Frozen Rack 20, Level: E, Position # 067 -  Front"
F20E068,Frozen,F20,"Frozen Rack 20, Level: E, Position # 068 -  Back"
F20E069,Frozen,F20,"Frozen Rack 20, Level: E, Position # 069 -  Front"
F20E070,Frozen,F20,"Frozen Rack 20, Level: E, Position # 070 -  Back"
F20E071,Frozen,F20,"Frozen Rack 20, Level: E, Position # 071 -  Front"
F20E072,Frozen,F20,"Frozen Rack 20, Level: E, Position # 072 -  Back"
F20E073,Frozen,F20,"Frozen Rack 20, Level: E, Position # 073 -  Front"
F20E074,Frozen,F20,"Frozen Rack 20, Level: E, Position # 074 -  Back"
F20E075,Frozen,F20,"Frozen Rack 20, Level: E, Position # 075 -  Front"
F20E076,Frozen,F20,"Frozen Rack 20, Level: E, Position # 076 -  Back"
F20E077,Frozen,F20,"Frozen Rack 20, Level: E, Position # 077 -  Front"
F20E078,Frozen,F20,"Frozen Rack 20, Level: E, Position # 078 -  Back"
F20E079,Frozen,F20,"Frozen Rack 20, Level: E, Position # 079 -  Front"
F20E080,Frozen,F20,"Frozen Rack 20, Level: E, Position # 080 -  Back"
F20E081,Frozen,F20,"Frozen Rack 20, Level: E, Position # 081 -  Front"
F20E082,Frozen,F20,"Frozen Rack 20, Level: E, Position # 082 -  Back"
F20E083,Frozen,F20,"Frozen Rack 20, Level: E, Position # 083 -  Front"
F20E084,Frozen,F20,"Frozen Rack 20, Level: E, Position # 084 -  Back"
F20E085,Frozen,F20,"Frozen Rack 20, Level: E, Position # 085 -  Front"
F20E086,Frozen,F20,"Frozen Rack 20, Level: E, Position # 086 -  Back"
F20E087,Frozen,F20,"Frozen Rack 20, Level: E, Position # 087 -  Front"
F20E088,Frozen,F20,"Frozen Rack 20, Level: E, Position # 088 -  Back"
F20E089,Frozen,F20,"Frozen Rack 20, Level: E, Position # 089 -  Front"
F20E090,Frozen,F20,"Frozen Rack 20, Level: E, Position # 090 -  Back"
F20E091,Frozen,F20,"Frozen Rack 20, Level: E, Position # 091 -  Front"
F20E092,Frozen,F20,"Frozen Rack 20, Level: E, Position # 092 -  Back"
F20E093,Frozen,F20,"Frozen Rack 20, Level: E, Position # 093 -  Front"
F20E094,Frozen,F20,"Frozen Rack 20, Level: E, Position # 094 -  Back"
F20E095,Frozen,F20,"Frozen Rack 20, Level: E, Position # 095 -  Front"
F20E096,Frozen,F20,"Frozen Rack 20, Level: E, Position # 096 -  Back"
F20E097,Frozen,F20,"Frozen Rack 20, Level: E, Position # 097 -  Front"
F20E098,Frozen,F20,"Frozen Rack 20, Level: E, Position # 098 -  Back"
F20E099,Frozen,F20,"Frozen Rack 20, Level: E, Position # 099 -  Front"
F20E100,Frozen,F20,"Frozen Rack 20, Level: E, Position # 100 -  Back"
F20E101,Frozen,F20,"Frozen Rack 20, Level: E, Position # 101 -  Front"
F20E102,Frozen,F20,"Frozen Rack 20, Level: E, Position # 102 -  Back"
F20E103,Frozen,F20,"Frozen Rack 20, Level: E, Position # 103 -  Front"
F20E104,Frozen,F20,"Frozen Rack 20, Level: E, Position # 104 -  Back"
F20E105,Frozen,F20,"Frozen Rack 20, Level: E, Position # 105 -  Front"
F20E106,Frozen,F20,"Frozen Rack 20, Level: E, Position # 106 -  Back"
F20E107,Frozen,F20,"Frozen Rack 20, Level: E, Position # 107 -  Front"
F20E108,Frozen,F20,"Frozen Rack 20, Level: E, Position # 108 -  Back"
F20E109,Frozen,F20,"Frozen Rack 20, Level: E, Position # 109 -  Front"
F20E110,Frozen,F20,"Frozen Rack 20, Level: E, Position # 110 -  Back"
F20E111,Frozen,F20,"Frozen Rack 20, Level: E, Position # 111 -  Front"
F20E112,Frozen,F20,"Frozen Rack 20, Level: E, Position # 112 -  Back"
F21A001,Frozen,F21,"Frozen Rack 21, Level: A, Position # 001 -  Front"
F21A002,Frozen,F21,"Frozen Rack 21, Level: A, Position # 002 -  Back"
F21A003,Frozen,F21,"Frozen Rack 21, Level: A, Position # 003 -  Front"
F21A004,Frozen,F21,"Frozen Rack 21, Level: A, Position # 004 -  Back"
F21A005,Frozen,F21,"Frozen Rack 21, Level: A, Position # 005 -  Front"
F21A006,Frozen,F21,"Frozen Rack 21, Level: A, Position # 006 -  Back"
F21A007,Frozen,F21,"Frozen Rack 21, Level: A, Position # 007 -  Front"
F21A008,Frozen,F21,"Frozen Rack 21, Level: A, Position # 008 -  Back"
F21A009,Frozen,F21,"Frozen Rack 21, Level: A, Position # 009 -  Front"
F21A019,Frozen,F21,"Frozen Rack 21, Level: A, Position # 019 -  Front"
F21A021,Frozen,F21,"Frozen Rack 21, Level: A, Position # 021 -  Front"
F21A022,Frozen,F21,"Frozen Rack 21, Level: A, Position # 022 -  Back"
F21A023,Frozen,F21,"Frozen Rack 21, Level: A, Position # 023 -  Front"
F21A024,Frozen,F21,"Frozen Rack 21, Level: A, Position # 024 -  Back"
F21A025,Frozen,F21,"Frozen Rack 21, Level: A, Position # 025 -  Front"
F21A026,Frozen,F21,"Frozen Rack 21, Level: A, Position # 026 -  Back"
F21A027,Frozen,F21,"Frozen Rack 21, Level: A, Position # 027 -  Front"
F21A028,Frozen,F21,"Frozen Rack 21, Level: A, Position # 028 -  Back"
F21A029,Frozen,F21,"Frozen Rack 21, Level: A, Position # 029 -  Front"
F21A030,Frozen,F21,"Frozen Rack 21, Level: A, Position # 030 -  Back"
F21A031,Frozen,F21,"Frozen Rack 21, Level: A, Position # 031 -  Front"
F21A032,Frozen,F21,"Frozen Rack 21, Level: A, Position # 032 -  Back"
F21A033,Frozen,F21,"Frozen Rack 21, Level: A, Position # 033 -  Front"
F21A034,Frozen,F21,"Frozen Rack 21, Level: A, Position # 034 -  Back"
F21A035,Frozen,F21,"Frozen Rack 21, Level: A, Position # 035 -  Front"
F21A036,Frozen,F21,"Frozen Rack 21, Level: A, Position # 036 -  Back"
F21A037,Frozen,F21,"Frozen Rack 21, Level: A, Position # 037 -  Front"
F21A038,Frozen,F21,"Frozen Rack 21, Level: A, Position # 038 -  Back"
F21A039,Frozen,F21,"Frozen Rack 21, Level: A, Position # 039 -  Front"
F21A040,Frozen,F21,"Frozen Rack 21, Level: A, Position # 040 -  Back"
F21A041,Frozen,F21,"Frozen Rack 21, Level: A, Position # 041 -  Front"
F21A042,Frozen,F21,"Frozen Rack 21, Level: A, Position # 042 -  Back"
F21A043,Frozen,F21,"Frozen Rack 21, Level: A, Position # 043 -  Front"
F21A044,Frozen,F21,"Frozen Rack 21, Level: A, Position # 044 -  Back"
F21A045,Frozen,F21,"Frozen Rack 21, Level: A, Position # 045 -  Front"
F21A046,Frozen,F21,"Frozen Rack 21, Level: A, Position # 046 -  Back"
F21A047,Frozen,F21,"Frozen Rack 21, Level: A, Position # 047 -  Front"
F21A048,Frozen,F21,"Frozen Rack 21, Level: A, Position # 048 -  Back"
F21A049,Frozen,F21,"Frozen Rack 21, Level: A, Position # 049 -  Front"
F21A050,Frozen,F21,"Frozen Rack 21, Level: A, Position # 050 -  Back"
F21A051,Frozen,F21,"Frozen Rack 21, Level: A, Position # 051 -  Front"
F21A052,Frozen,F21,"Frozen Rack 21, Level: A, Position # 052 -  Back"
F21A053,Frozen,F21,"Frozen Rack 21, Level: A, Position # 053 -  Front"
F21A054,Frozen,F21,"Frozen Rack 21, Level: A, Position # 054 -  Back"
F21A061,Frozen,F21,"Frozen Rack 21, Level: A, Position # 061 -  Front"
F21A062,Frozen,F21,"Frozen Rack 21, Level: A, Position # 062 -  Back"
F21A063,Frozen,F21,"Frozen Rack 21, Level: A, Position # 063 -  Front"
F21A064,Frozen,F21,"Frozen Rack 21, Level: A, Position # 064 -  Back"
F21A065,Frozen,F21,"Frozen Rack 21, Level: A, Position # 065 -  Front"
F21A066,Frozen,F21,"Frozen Rack 21, Level: A, Position # 066 -  Back"
F21A067,Frozen,F21,"Frozen Rack 21, Level: A, Position # 067 -  Front"
F21A068,Frozen,F21,"Frozen Rack 21, Level: A, Position # 068 -  Back"
F21A069,Frozen,F21,"Frozen Rack 21, Level: A, Position # 069 -  Front"
F21A070,Frozen,F21,"Frozen Rack 21, Level: A, Position # 070 -  Back"
F21A071,Frozen,F21,"Frozen Rack 21, Level: A, Position # 071 -  Front"
F21A072,Frozen,F21,"Frozen Rack 21, Level: A, Position # 072 -  Back"
F21A073,Frozen,F21,"Frozen Rack 21, Level: A, Position # 073 -  Front"
F21A074,Frozen,F21,"Frozen Rack 21, Level: A, Position # 074 -  Back"
F21A075,Frozen,F21,"Frozen Rack 21, Level: A, Position # 075 -  Front"
F21A076,Frozen,F21,"Frozen Rack 21, Level: A, Position # 076 -  Back"
F21A077,Frozen,F21,"Frozen Rack 21, Level: A, Position # 077 -  Front"
F21A078,Frozen,F21,"Frozen Rack 21, Level: A, Position # 078 -  Back"
F21A079,Frozen,F21,"Frozen Rack 21, Level: A, Position # 079 -  Front"
F21A080,Frozen,F21,"Frozen Rack 21, Level: A, Position # 080 -  Back"
F21A081,Frozen,F21,"Frozen Rack 21, Level: A, Position # 081 -  Front"
F21A082,Frozen,F21,"Frozen Rack 21, Level: A, Position # 082 -  Back"
F21A083,Frozen,F21,"Frozen Rack 21, Level: A, Position # 083 -  Front"
F21A084,Frozen,F21,"Frozen Rack 21, Level: A, Position # 084 -  Back"
F21A085,Frozen,F21,"Frozen Rack 21, Level: A, Position # 085 -  Front"
F21A086,Frozen,F21,"Frozen Rack 21, Level: A, Position # 086 -  Back"
F21A087,Frozen,F21,"Frozen Rack 21, Level: A, Position # 087 -  Front"
F21A088,Frozen,F21,"Frozen Rack 21, Level: A, Position # 088 -  Back"
F21A089,Frozen,F21,"Frozen Rack 21, Level: A, Position # 089 -  Front"
F21A090,Frozen,F21,"Frozen Rack 21, Level: A, Position # 090 -  Back"
F21A091,Frozen,F21,"Frozen Rack 21, Level: A, Position # 091 -  Front"
F21A092,Frozen,F21,"Frozen Rack 21, Level: A, Position # 092 -  Back"
F21A093,Frozen,F21,"Frozen Rack 21, Level: A, Position # 093 -  Front"
F21A094,Frozen,F21,"Frozen Rack 21, Level: A, Position # 094 -  Back"
F21A095,Frozen,F21,"Frozen Rack 21, Level: A, Position # 095 -  Front"
F21A096,Frozen,F21,"Frozen Rack 21, Level: A, Position # 096 -  Back"
F21A103,Frozen,F21,"Frozen Rack 21, Level: A, Position # 103 -  Front"
F21A104,Frozen,F21,"Frozen Rack 21, Level: A, Position # 104 -  Back"
F21A105,Frozen,F21,"Frozen Rack 21, Level: A, Position # 105 -  Front"
F21A106,Frozen,F21,"Frozen Rack 21, Level: A, Position # 106 -  Back"
F21A107,Frozen,F21,"Frozen Rack 21, Level: A, Position # 107 -  Front"
F21A108,Frozen,F21,"Frozen Rack 21, Level: A, Position # 108 -  Back"
F21A109,Frozen,F21,"Frozen Rack 21, Level: A, Position # 109 -  Front"
F21A110,Frozen,F21,"Frozen Rack 21, Level: A, Position # 110 -  Back"
F21A111,Frozen,F21,"Frozen Rack 21, Level: A, Position # 111 -  Front"
F21A112,Frozen,F21,"Frozen Rack 21, Level: A, Position # 112 -  Back"
F21B001,Frozen,F21,"Frozen Rack 21, Level: B, Position # 001 -  Front"
F21B002,Frozen,F21,"Frozen Rack 21, Level: B, Position # 002 -  Back"
F21B003,Frozen,F21,"Frozen Rack 21, Level: B, Position # 003 -  Front"
F21B004,Frozen,F21,"Frozen Rack 21, Level: B, Position # 004 -  Back"
F21B011,Frozen,F21,"Frozen Rack 21, Level: B, Position # 011 -  Front"
F21B012,Frozen,F21,"Frozen Rack 21, Level: B, Position # 012 -  Back"
F21B020,Frozen,F21,"Frozen Rack 21, Level: B, Position # 020 -  Back"
F21B021,Frozen,F21,"Frozen Rack 21, Level: B, Position # 021 -  Front"
F21B022,Frozen,F21,"Frozen Rack 21, Level: B, Position # 022 -  Back"
F21B023,Frozen,F21,"Frozen Rack 21, Level: B, Position # 023 -  Front"
F21B024,Frozen,F21,"Frozen Rack 21, Level: B, Position # 024 -  Back"
F21B025,Frozen,F21,"Frozen Rack 21, Level: B, Position # 025 -  Front"
F21B026,Frozen,F21,"Frozen Rack 21, Level: B, Position # 026 -  Back"
F21B027,Frozen,F21,"Frozen Rack 21, Level: B, Position # 027 -  Front"
F21B028,Frozen,F21,"Frozen Rack 21, Level: B, Position # 028 -  Back"
F21B029,Frozen,F21,"Frozen Rack 21, Level: B, Position # 029 -  Front"
F21B030,Frozen,F21,"Frozen Rack 21, Level: B, Position # 030 -  Back"
F21B031,Frozen,F21,"Frozen Rack 21, Level: B, Position # 031 -  Front"
F21B032,Frozen,F21,"Frozen Rack 21, Level: B, Position # 032 -  Back"
F21B033,Frozen,F21,"Frozen Rack 21, Level: B, Position # 033 -  Front"
F21B034,Frozen,F21,"Frozen Rack 21, Level: B, Position # 034 -  Back"
F21B035,Frozen,F21,"Frozen Rack 21, Level: B, Position # 035 -  Front"
F21B036,Frozen,F21,"Frozen Rack 21, Level: B, Position # 036 -  Back"
F21B037,Frozen,F21,"Frozen Rack 21, Level: B, Position # 037 -  Front"
F21B038,Frozen,F21,"Frozen Rack 21, Level: B, Position # 038 -  Back"
F21B039,Frozen,F21,"Frozen Rack 21, Level: B, Position # 039 -  Front"
F21B040,Frozen,F21,"Frozen Rack 21, Level: B, Position # 040 -  Back"
F21B041,Frozen,F21,"Frozen Rack 21, Level: B, Position # 041 -  Front"
F21B042,Frozen,F21,"Frozen Rack 21, Level: B, Position # 042 -  Back"
F21B043,Frozen,F21,"Frozen Rack 21, Level: B, Position # 043 -  Front"
F21B044,Frozen,F21,"Frozen Rack 21, Level: B, Position # 044 -  Back"
F21B045,Frozen,F21,"Frozen Rack 21, Level: B, Position # 045 -  Front"
F21B046,Frozen,F21,"Frozen Rack 21, Level: B, Position # 046 -  Back"
F21B047,Frozen,F21,"Frozen Rack 21, Level: B, Position # 047 -  Front"
F21B048,Frozen,F21,"Frozen Rack 21, Level: B, Position # 048 -  Back"
F21B049,Frozen,F21,"Frozen Rack 21, Level: B, Position # 049 -  Front"
F21B050,Frozen,F21,"Frozen Rack 21, Level: B, Position # 050 -  Back"
F21B051,Frozen,F21,"Frozen Rack 21, Level: B, Position # 051 -  Front"
F21B052,Frozen,F21,"Frozen Rack 21, Level: B, Position # 052 -  Back"
F21B053,Frozen,F21,"Frozen Rack 21, Level: B, Position # 053 -  Front"
F21B054,Frozen,F21,"Frozen Rack 21, Level: B, Position # 054 -  Back"
F21B061,Frozen,F21,"Frozen Rack 21, Level: B, Position # 061 -  Front"
F21B062,Frozen,F21,"Frozen Rack 21, Level: B, Position # 062 -  Back"
F21B063,Frozen,F21,"Frozen Rack 21, Level: B, Position # 063 -  Front"
F21B064,Frozen,F21,"Frozen Rack 21, Level: B, Position # 064 -  Back"
F21B065,Frozen,F21,"Frozen Rack 21, Level: B, Position # 065 -  Front"
F21B066,Frozen,F21,"Frozen Rack 21, Level: B, Position # 066 -  Back"
F21B067,Frozen,F21,"Frozen Rack 21, Level: B, Position # 067 -  Front"
F21B068,Frozen,F21,"Frozen Rack 21, Level: B, Position # 068 -  Back"
F21B069,Frozen,F21,"Frozen Rack 21, Level: B, Position # 069 -  Front"
F21B070,Frozen,F21,"Frozen Rack 21, Level: B, Position # 070 -  Back"
F21B071,Frozen,F21,"Frozen Rack 21, Level: B, Position # 071 -  Front"
F21B072,Frozen,F21,"Frozen Rack 21, Level: B, Position # 072 -  Back"
F21B073,Frozen,F21,"Frozen Rack 21, Level: B, Position # 073 -  Front"
F21B074,Frozen,F21,"Frozen Rack 21, Level: B, Position # 074 -  Back"
F21B075,Frozen,F21,"Frozen Rack 21, Level: B, Position # 075 -  Front"
F21B076,Frozen,F21,"Frozen Rack 21, Level: B, Position # 076 -  Back"
F21B077,Frozen,F21,"Frozen Rack 21, Level: B, Position # 077 -  Front"
F21B078,Frozen,F21,"Frozen Rack 21, Level: B, Position # 078 -  Back"
F21B079,Frozen,F21,"Frozen Rack 21, Level: B, Position # 079 -  Front"
F21B080,Frozen,F21,"Frozen Rack 21, Level: B, Position # 080 -  Back"
F21B081,Frozen,F21,"Frozen Rack 21, Level: B, Position # 081 -  Front"
F21B082,Frozen,F21,"Frozen Rack 21, Level: B, Position # 082 -  Back"
F21B083,Frozen,F21,"Frozen Rack 21, Level: B, Position # 083 -  Front"
F21B084,Frozen,F21,"Frozen Rack 21, Level: B, Position # 084 -  Back"
F21B085,Frozen,F21,"Frozen Rack 21, Level: B, Position # 085 -  Front"
F21B086,Frozen,F21,"Frozen Rack 21, Level: B, Position # 086 -  Back"
F21B087,Frozen,F21,"Frozen Rack 21, Level: B, Position # 087 -  Front"
F21B088,Frozen,F21,"Frozen Rack 21, Level: B, Position # 088 -  Back"
F21B089,Frozen,F21,"Frozen Rack 21, Level: B, Position # 089 -  Front"
F21B090,Frozen,F21,"Frozen Rack 21, Level: B, Position # 090 -  Back"
F21B091,Frozen,F21,"Frozen Rack 21, Level: B, Position # 091 -  Front"
F21B092,Frozen,F21,"Frozen Rack 21, Level: B, Position # 092 -  Back"
F21B093,Frozen,F21,"Frozen Rack 21, Level: B, Position # 093 -  Front"
F21B094,Frozen,F21,"Frozen Rack 21, Level: B, Position # 094 -  Back"
F21B095,Frozen,F21,"Frozen Rack 21, Level: B, Position # 095 -  Front"
F21B096,Frozen,F21,"Frozen Rack 21, Level: B, Position # 096 -  Back"
F21B103,Frozen,F21,"Frozen Rack 21, Level: B, Position # 103 -  Front"
F21B104,Frozen,F21,"Frozen Rack 21, Level: B, Position # 104 -  Back"
F21B105,Frozen,F21,"Frozen Rack 21, Level: B, Position # 105 -  Front"
F21B106,Frozen,F21,"Frozen Rack 21, Level: B, Position # 106 -  Back"
F21B107,Frozen,F21,"Frozen Rack 21, Level: B, Position # 107 -  Front"
F21B108,Frozen,F21,"Frozen Rack 21, Level: B, Position # 108 -  Back"
F21B109,Frozen,F21,"Frozen Rack 21, Level: B, Position # 109 -  Front"
F21B110,Frozen,F21,"Frozen Rack 21, Level: B, Position # 110 -  Back"
F21B111,Frozen,F21,"Frozen Rack 21, Level: B, Position # 111 -  Front"
F21B112,Frozen,F21,"Frozen Rack 21, Level: B, Position # 112 -  Back"
F21C002,Frozen,F21,"Frozen Rack 21, Level: C, Position # 002 -  Back"
F21C003,Frozen,F21,"Frozen Rack 21, Level: C, Position # 003 -  Front"
F21C004,Frozen,F21,"Frozen Rack 21, Level: C, Position # 004 -  Back"
F21C006,Frozen,F21,"Frozen Rack 21, Level: C, Position # 006 -  Back"
F21C007,Frozen,F21,"Frozen Rack 21, Level: C, Position # 007 -  Front"
F21C013,Frozen,F21,"Frozen Rack 21 , Level: C, Position # 013 - Front"
F21C014,Frozen,F21,"Frozen Rack 21 , Level: C, Position # 014 - Back"
F21C015,Frozen,F21,"Frozen Rack 21 , Level: C, Position # 015 - Front"
F21C016,Frozen,F21,"Frozen Rack 21 , Level: C, Position # 016 - Back"
F21C021,Frozen,F21,"Frozen Rack 21, Level: C, Position # 021 -  Front"
F21C022,Frozen,F21,"Frozen Rack 21, Level: C, Position # 022 -  Back"
F21C023,Frozen,F21,"Frozen Rack 21, Level: C, Position # 023 -  Front"
F21C024,Frozen,F21,"Frozen Rack 21, Level: C, Position # 024 -  Back"
F21C025,Frozen,F21,"Frozen Rack 21, Level: C, Position # 025 -  Front"
F21C026,Frozen,F21,"Frozen Rack 21, Level: C, Position # 026 -  Back"
F21C027,Frozen,F21,"Frozen Rack 21, Level: C, Position # 027 -  Front"
F21C028,Frozen,F21,"Frozen Rack 21, Level: C, Position # 028 -  Back"
F21C029,Frozen,F21,"Frozen Rack 21, Level: C, Position # 029 -  Front"
F21C030,Frozen,F21,"Frozen Rack 21, Level: C, Position # 030 -  Back"
F21C031,Frozen,F21,"Frozen Rack 21, Level: C, Position # 031 -  Front"
F21C032,Frozen,F21,"Frozen Rack 21, Level: C, Position # 032 -  Back"
F21C033,Frozen,F21,"Frozen Rack 21, Level: C, Position # 033 -  Front"
F21C034,Frozen,F21,"Frozen Rack 21, Level: C, Position # 034 -  Back"
F21C035,Frozen,F21,"Frozen Rack 21, Level: C, Position # 035 -  Front"
F21C036,Frozen,F21,"Frozen Rack 21, Level: C, Position # 036 -  Back"
F21C037,Frozen,F21,"Frozen Rack 21, Level: C, Position # 037 -  Front"
F21C038,Frozen,F21,"Frozen Rack 21, Level: C, Position # 038 -  Back"
F21C039,Frozen,F21,"Frozen Rack 21, Level: C, Position # 039 -  Front"
F21C040,Frozen,F21,"Frozen Rack 21, Level: C, Position # 040 -  Back"
F21C041,Frozen,F21,"Frozen Rack 21, Level: C, Position # 041 -  Front"
F21C042,Frozen,F21,"Frozen Rack 21, Level: C, Position # 042 -  Back"
F21C043,Frozen,F21,"Frozen Rack 21, Level: C, Position # 043 -  Front"
F21C044,Frozen,F21,"Frozen Rack 21, Level: C, Position # 044 -  Back"
F21C045,Frozen,F21,"Frozen Rack 21, Level: C, Position # 045 -  Front"
F21C046,Frozen,F21,"Frozen Rack 21, Level: C, Position # 046 -  Back"
F21C047,Frozen,F21,"Frozen Rack 21, Level: C, Position # 047 -  Front"
F21C048,Frozen,F21,"Frozen Rack 21, Level: C, Position # 048 -  Back"
F21C049,Frozen,F21,"Frozen Rack 21, Level: C, Position # 049 -  Front"
F21C050,Frozen,F21,"Frozen Rack 21, Level: C, Position # 050 -  Back"
F21C051,Frozen,F21,"Frozen Rack 21, Level: C, Position # 051 -  Front"
F21C052,Frozen,F21,"Frozen Rack 21, Level: C, Position # 052 -  Back"
F21C053,Frozen,F21,"Frozen Rack 21, Level: C, Position # 053 -  Front"
F21C054,Frozen,F21,"Frozen Rack 21, Level: C, Position # 054 -  Back"
F21C055,Frozen,F21,"Frozen Rack 21 , Level: C, Position # 055 - Front"
F21C056,Frozen,F21,"Frozen Rack 21 , Level: C, Position # 056 - Back"
F21C057,Frozen,F21,"Frozen Rack 21 , Level: C, Position # 057 - Front"
F21C058,Frozen,F21,"Frozen Rack 21 , Level: C, Position # 058 - Back"
F21C059,Frozen,F21,"Frozen Rack 21 , Level: C, Position # 059 - Front"
F21C060,Frozen,F21,"Frozen Rack 21, Level: C, Position # 060 - Back"
F21C061,Frozen,F21,"Frozen Rack 21, Level: C, Position # 061 -  Front"
F21C062,Frozen,F21,"Frozen Rack 21, Level: C, Position # 062 -  Back"
F21C063,Frozen,F21,"Frozen Rack 21, Level: C, Position # 063 -  Front"
F21C064,Frozen,F21,"Frozen Rack 21, Level: C, Position # 064 -  Back"
F21C065,Frozen,F21,"Frozen Rack 21, Level: C, Position # 065 -  Front"
F21C066,Frozen,F21,"Frozen Rack 21, Level: C, Position # 066 -  Back"
F21C067,Frozen,F21,"Frozen Rack 21, Level: C, Position # 067 -  Front"
F21C068,Frozen,F21,"Frozen Rack 21, Level: C, Position # 068 -  Back"
F21C069,Frozen,F21,"Frozen Rack 21, Level: C, Position # 069 -  Front"
F21C070,Frozen,F21,"Frozen Rack 21, Level: C, Position # 070 -  Back"
F21C071,Frozen,F21,"Frozen Rack 21, Level: C, Position # 071 -  Front"
F21C072,Frozen,F21,"Frozen Rack 21, Level: C, Position # 072 -  Back"
F21C073,Frozen,F21,"Frozen Rack 21, Level: C, Position # 073 -  Front"
F21C074,Frozen,F21,"Frozen Rack 21, Level: C, Position # 074 -  Back"
F21C075,Frozen,F21,"Frozen Rack 21, Level: C, Position # 075 -  Front"
F21C076,Frozen,F21,"Frozen Rack 21, Level: C, Position # 076 -  Back"
F21C077,Frozen,F21,"Frozen Rack 21, Level: C, Position # 077 -  Front"
F21C078,Frozen,F21,"Frozen Rack 21, Level: C, Position # 078 -  Back"
F21C079,Frozen,F21,"Frozen Rack 21, Level: C, Position # 079 -  Front"
F21C080,Frozen,F21,"Frozen Rack 21, Level: C, Position # 080 -  Back"
F21C081,Frozen,F21,"Frozen Rack 21, Level: C, Position # 081 -  Front"
F21C082,Frozen,F21,"Frozen Rack 21, Level: C, Position # 082 -  Back"
F21C083,Frozen,F21,"Frozen Rack 21, Level: C, Position # 083 -  Front"
F21C084,Frozen,F21,"Frozen Rack 21, Level: C, Position # 084 -  Back"
F21C085,Frozen,F21,"Frozen Rack 21, Level: C, Position # 085 -  Front"
F21C086,Frozen,F21,"Frozen Rack 21, Level: C, Position # 086 -  Back"
F21C087,Frozen,F21,"Frozen Rack 21, Level: C, Position # 087 -  Front"
F21C088,Frozen,F21,"Frozen Rack 21, Level: C, Position # 088 -  Back"
F21C089,Frozen,F21,"Frozen Rack 21, Level: C, Position # 089 -  Front"
F21C090,Frozen,F21,"Frozen Rack 21, Level: C, Position # 090 -  Back"
F21C091,Frozen,F21,"Frozen Rack 21, Level: C, Position # 091 -  Front"
F21C092,Frozen,F21,"Frozen Rack 21, Level: C, Position # 092 -  Back"
F21C093,Frozen,F21,"Frozen Rack 21, Level: C, Position # 093 -  Front"
F21C094,Frozen,F21,"Frozen Rack 21, Level: C, Position # 094 -  Back"
F21C095,Frozen,F21,"Frozen Rack 21, Level: C, Position # 095 -  Front"
F21C096,Frozen,F21,"Frozen Rack 21, Level: C, Position # 096 -  Back"
F21C097,Frozen,F21,"Frozen Rack 21, Level: C, Position # 097-  Front"
F21C098,Frozen,F21,"Frozen Rack 21, Level: C, Position # 098 -  Back"
F21C099,Frozen,F21,"Frozen Rack 21, Level: C, Position # 099 -  Front"
F21C100,Frozen,F21,"Frozen Rack 21, Level: C, Position # 100 -  Back"
F21C101,Frozen,F21,"Frozen Rack 21, Level: C, Position # 101 - Front"
F21C102,Frozen,F21,"Frozen Rack 21, Level: C, Position # 102 -  Back"
F21C103,Frozen,F21,"Frozen Rack 21, Level: C, Position # 103 -  Front"
F21C104,Frozen,F21,"Frozen Rack 21, Level: C, Position # 104 -  Back"
F21C105,Frozen,F21,"Frozen Rack 21, Level: C, Position # 105 -  Front"
F21C106,Frozen,F21,"Frozen Rack 21, Level: C, Position # 106 -  Back"
F21C107,Frozen,F21,"Frozen Rack 21, Level: C, Position # 107 -  Front"
F21C108,Frozen,F21,"Frozen Rack 21, Level: C, Position # 108 -  Back"
F21C109,Frozen,F21,"Frozen Rack 21, Level: C, Position # 109 -  Front"
F21C110,Frozen,F21,"Frozen Rack 21, Level: C, Position # 110 -  Back"
F21C111,Frozen,F21,"Frozen Rack 21, Level: C, Position # 111 -  Front"
F21C112,Frozen,F21,"Frozen Rack 21, Level: C, Position # 112 -  Back"
F21D012,Frozen,F21,"Frozen Rack 21, Level: D, Position # 012 -  Back"
F21D013,Frozen,F21,"Frozen Rack 21, Level: D, Position # 013 -  Front"
F21D015,Frozen,F21,"Frozen Rack 21, Level: D, Position # 015 -  Front"
F21D017,Frozen,F21,"Frozen Rack 21, Level: D, Position # 017 -  Front"
F21D019,Frozen,F21,"Frozen Rack 21, Level: D, Position # 019 -  Front"
F21D021,Frozen,F21,"Frozen Rack 21, Level: D, Position # 021 -  Front"
F21D022,Frozen,F21,"Frozen Rack 21, Level: D, Position # 022 -  Back"
F21D023,Frozen,F21,"Frozen Rack 21, Level: D, Position # 023 -  Front"
F21D024,Frozen,F21,"Frozen Rack 21, Level: D, Position # 024 -  Back"
F21D025,Frozen,F21,"Frozen Rack 21, Level: D, Position # 025 -  Front"
F21D026,Frozen,F21,"Frozen Rack 21, Level: D, Position # 026 -  Back"
F21D027,Frozen,F21,"Frozen Rack 21, Level: D, Position # 027 -  Front"
F21D028,Frozen,F21,"Frozen Rack 21, Level: D, Position # 028 -  Back"
F21D029,Frozen,F21,"Frozen Rack 21, Level: D, Position # 029 -  Front"
F21D030,Frozen,F21,"Frozen Rack 21, Level: D, Position # 030 -  Back"
F21D031,Frozen,F21,"Frozen Rack 21, Level: D, Position # 031 -  Front"
F21D032,Frozen,F21,"Frozen Rack 21, Level: D, Position # 032 -  Back"
F21D033,Frozen,F21,"Frozen Rack 21, Level: D, Position # 033 -  Front"
F21D034,Frozen,F21,"Frozen Rack 21, Level: D, Position # 034 -  Back"
F21D035,Frozen,F21,"Frozen Rack 21, Level: D, Position # 035 -  Front"
F21D036,Frozen,F21,"Frozen Rack 21, Level: D, Position # 036 -  Back"
F21D037,Frozen,F21,"Frozen Rack 21, Level: D, Position # 037 -  Front"
F21D038,Frozen,F21,"Frozen Rack 21, Level: D, Position # 038 -  Back"
F21D039,Frozen,F21,"Frozen Rack 21, Level: D, Position # 039 -  Front"
F21D040,Frozen,F21,"Frozen Rack 21, Level: D, Position # 040 -  Back"
F21D041,Frozen,F21,"Frozen Rack 21, Level: D, Position # 041 -  Front"
F21D042,Frozen,F21,"Frozen Rack 21, Level: D, Position # 042 -  Back"
F21D043,Frozen,F21,"Frozen Rack 21, Level: D, Position # 043 -  Front"
F21D044,Frozen,F21,"Frozen Rack 21, Level: D, Position # 044 -  Back"
F21D045,Frozen,F21,"Frozen Rack 21, Level: D, Position # 045 -  Front"
F21D046,Frozen,F21,"Frozen Rack 21, Level: D, Position # 046 -  Back"
F21D047,Frozen,F21,"Frozen Rack 21, Level: D, Position # 047 -  Front"
F21D048,Frozen,F21,"Frozen Rack 21, Level: D, Position # 048 -  Back"
F21D049,Frozen,F21,"Frozen Rack 21, Level: D, Position # 049 -  Front"
F21D050,Frozen,F21,"Frozen Rack 21, Level: D, Position # 050 -  Back"
F21D051,Frozen,F21,"Frozen Rack 21, Level: D, Position # 051 -  Front"
F21D052,Frozen,F21,"Frozen Rack 21, Level: D, Position # 052 -  Back"
F21D053,Frozen,F21,"Frozen Rack 21, Level: D, Position # 053 -  Front"
F21D054,Frozen,F21,"Frozen Rack 21, Level: D, Position # 054 -  Back"
F21D055,Frozen,F21,"Frozen Rack 21, Level: D, Position # 055 -  Front"
F21D056,Frozen,F21,"Frozen Rack 21, Level: D, Position # 056 -  Back"
F21D057,Frozen,F21,"Frozen Rack 21, Level: D, Position # 057 -  Front"
F21D058,Frozen,F21,"Frozen Rack 21, Level: D, Position # 058 -  Back"
F21D059,Frozen,F21,"Frozen Rack 21, Level: D, Position # 059 -  Front"
F21D060,Frozen,F21,"Frozen Rack 21, Level: D, Position # 060 -  Back"
F21D061,Frozen,F21,"Frozen Rack 21, Level: D, Position # 061 -  Front"
F21D062,Frozen,F21,"Frozen Rack 21, Level: D, Position # 062 -  Back"
F21D063,Frozen,F21,"Frozen Rack 21, Level: D, Position # 063 -  Front"
F21D064,Frozen,F21,"Frozen Rack 21, Level: D, Position # 064 -  Back"
F21D065,Frozen,F21,"Frozen Rack 21, Level: D, Position # 065 -  Front"
F21D066,Frozen,F21,"Frozen Rack 21, Level: D, Position # 066 -  Back"
F21D067,Frozen,F21,"Frozen Rack 21, Level: D, Position # 067 -  Front"
F21D068,Frozen,F21,"Frozen Rack 21, Level: D, Position # 068 -  Back"
F21D069,Frozen,F21,"Frozen Rack 21, Level: D, Position # 069 -  Front"
F21D070,Frozen,F21,"Frozen Rack 21, Level: D, Position # 070 -  Back"
F21D071,Frozen,F21,"Frozen Rack 21, Level: D, Position # 071 -  Front"
F21D072,Frozen,F21,"Frozen Rack 21, Level: D, Position # 072 -  Back"
F21D073,Frozen,F21,"Frozen Rack 21, Level: D, Position # 073 -  Front"
F21D074,Frozen,F21,"Frozen Rack 21, Level: D, Position # 074 -  Back"
F21D075,Frozen,F21,"Frozen Rack 21, Level: D, Position # 075 -  Front"
F21D076,Frozen,F21,"Frozen Rack 21, Level: D, Position # 076 -  Back"
F21D077,Frozen,F21,"Frozen Rack 21, Level: D, Position # 077 -  Front"
F21D078,Frozen,F21,"Frozen Rack 21, Level: D, Position # 078 -  Back"
F21D079,Frozen,F21,"Frozen Rack 21, Level: D, Position # 079 -  Front"
F21D080,Frozen,F21,"Frozen Rack 21, Level: D, Position # 080 -  Back"
F21D081,Frozen,F21,"Frozen Rack 21, Level: D, Position # 081 -  Front"
F21D082,Frozen,F21,"Frozen Rack 21, Level: D, Position # 082 -  Back"
F21D083,Frozen,F21,"Frozen Rack 21, Level: D, Position # 083 -  Front"
F21D084,Frozen,F21,"Frozen Rack 21, Level: D, Position # 084 -  Back"
F21D085,Frozen,F21,"Frozen Rack 21, Level: D, Position # 085 -  Front"
F21D086,Frozen,F21,"Frozen Rack 21, Level: D, Position # 086 -  Back"
F21D087,Frozen,F21,"Frozen Rack 21, Level: D, Position # 087 -  Front"
F21D088,Frozen,F21,"Frozen Rack 21, Level: D, Position # 088 -  Back"
F21D089,Frozen,F21,"Frozen Rack 21, Level: D, Position # 089 -  Front"
F21D090,Frozen,F21,"Frozen Rack 21, Level: D, Position # 090 -  Back"
F21D091,Frozen,F21,"Frozen Rack 21, Level: D, Position # 091 -  Front"
F21D092,Frozen,F21,"Frozen Rack 21, Level: D, Position # 092 -  Back"
F21D093,Frozen,F21,"Frozen Rack 21, Level: D, Position # 093 -  Front"
F21D094,Frozen,F21,"Frozen Rack 21, Level: D, Position # 094 -  Back"
F21D095,Frozen,F21,"Frozen Rack 21, Level: D, Position # 095 -  Front"
F21D096,Frozen,F21,"Frozen Rack 21, Level: D, Position # 096 -  Back"
F21D097,Frozen,F21,"Frozen Rack 21, Level: D, Position # 097 -  Front"
F21D098,Frozen,F21,"Frozen Rack 21, Level: D, Position # 098 -  Back"
F21D099,Frozen,F21,"Frozen Rack 21, Level: D, Position # 099 -  Front"
F21D100,Frozen,F21,"Frozen Rack 21, Level: D, Position # 100 -  Back"
F21D101,Frozen,F21,"Frozen Rack 21, Level: D, Position # 101 -  Front"
F21D102,Frozen,F21,"Frozen Rack 21, Level: D, Position # 102 -  Back"
F21D103,Frozen,F21,"Frozen Rack 21, Level: D, Position # 103 -  Front"
F21D104,Frozen,F21,"Frozen Rack 21, Level: D, Position # 104 -  Back"
F21D105,Frozen,F21,"Frozen Rack 21, Level: D, Position # 105 -  Front"
F21D106,Frozen,F21,"Frozen Rack 21, Level: D, Position # 106 -  Back"
F21D107,Frozen,F21,"Frozen Rack 21, Level: D, Position # 107 -  Front"
F21D108,Frozen,F21,"Frozen Rack 21, Level: D, Position # 108 -  Back"
F21D109,Frozen,F21,"Frozen Rack 21, Level: D, Position # 109 -  Front"
F21D110,Frozen,F21,"Frozen Rack 21, Level: D, Position # 110 -  Back"
F21D111,Frozen,F21,"Frozen Rack 21, Level: D, Position # 111 -  Front"
F21D112,Frozen,F21,"Frozen Rack 21, Level: D, Position # 112 -  Back"
F21E021,Frozen,F21,"Frozen Rack 21, Level: E, Position # 021 -  Front"
F21E022,Frozen,F21,"Frozen Rack 21, Level: E, Position # 022 -  Back"
F21E023,Frozen,F21,"Frozen Rack 21, Level: E, Position # 023 -  Front"
F21E024,Frozen,F21,"Frozen Rack 21, Level: E, Position # 024 -  Back"
F21E025,Frozen,F21,"Frozen Rack 21, Level: E, Position # 025 -  Front"
F21E026,Frozen,F21,"Frozen Rack 21, Level: E, Position # 026 -  Back"
F21E027,Frozen,F21,"Frozen Rack 21, Level: E, Position # 027 -  Front"
F21E028,Frozen,F21,"Frozen Rack 21, Level: E, Position # 028 -  Back"
F21E029,Frozen,F21,"Frozen Rack 21, Level: E, Position # 029 -  Front"
F21E030,Frozen,F21,"Frozen Rack 21, Level: E, Position # 030 -  Back"
F21E031,Frozen,F21,"Frozen Rack 21, Level: E, Position # 031 -  Front"
F21E032,Frozen,F21,"Frozen Rack 21, Level: E, Position # 032 -  Back"
F21E033,Frozen,F21,"Frozen Rack 21, Level: E, Position # 033 -  Front"
F21E034,Frozen,F21,"Frozen Rack 21, Level: E, Position # 034 -  Back"
F21E035,Frozen,F21,"Frozen Rack 21, Level: E, Position # 035 -  Front"
F21E036,Frozen,F21,"Frozen Rack 21, Level: E, Position # 036 -  Back"
F21E037,Frozen,F21,"Frozen Rack 21, Level: E, Position # 037 -  Front"
F21E038,Frozen,F21,"Frozen Rack 21, Level: E, Position # 038 -  Back"
F21E039,Frozen,F21,"Frozen Rack 21, Level: E, Position # 039 -  Front"
F21E040,Frozen,F21,"Frozen Rack 21, Level: E, Position # 040 -  Back"
F21E041,Frozen,F21,"Frozen Rack 21, Level: E, Position # 041 -  Front"
F21E042,Frozen,F21,"Frozen Rack 21, Level: E, Position # 042 -  Back"
F21E043,Frozen,F21,"Frozen Rack 21, Level: E, Position # 043 -  Front"
F21E044,Frozen,F21,"Frozen Rack 21, Level: E, Position # 044 -  Back"
F21E045,Frozen,F21,"Frozen Rack 21, Level: E, Position # 045 -  Front"
F21E046,Frozen,F21,"Frozen Rack 21, Level: E, Position # 046 -  Back"
F21E047,Frozen,F21,"Frozen Rack 21, Level: E, Position # 047 -  Front"
F21E048,Frozen,F21,"Frozen Rack 21, Level: E, Position # 048 -  Back"
F21E049,Frozen,F21,"Frozen Rack 21, Level: E, Position # 049 -  Front"
F21E050,Frozen,F21,"Frozen Rack 21, Level: E, Position # 050 -  Back"
F21E051,Frozen,F21,"Frozen Rack 21, Level: E, Position # 051 -  Front"
F21E052,Frozen,F21,"Frozen Rack 21, Level: E, Position # 052 -  Back"
F21E053,Frozen,F21,"Frozen Rack 21, Level: E, Position # 053 -  Front"
F21E054,Frozen,F21,"Frozen Rack 21, Level: E, Position # 054 -  Back"
F21E055,Frozen,F21,"Frozen Rack 21, Level: E, Position # 055 -  Front"
F21E056,Frozen,F21,"Frozen Rack 21, Level: E, Position # 056 -  Back"
F21E057,Frozen,F21,"Frozen Rack 21, Level: E, Position # 057 -  Front"
F21E058,Frozen,F21,"Frozen Rack 21, Level: E, Position # 058 -  Back"
F21E059,Frozen,F21,"Frozen Rack 21, Level: E, Position # 059 -  Front"
F21E060,Frozen,F21,"Frozen Rack 21, Level: E, Position # 060 -  Back"
F21E061,Frozen,F21,"Frozen Rack 21, Level: E, Position # 061 -  Front"
F21E062,Frozen,F21,"Frozen Rack 21, Level: E, Position # 062 -  Back"
F21E063,Frozen,F21,"Frozen Rack 21, Level: E, Position # 063 -  Front"
F21E064,Frozen,F21,"Frozen Rack 21, Level: E, Position # 064 -  Back"
F21E065,Frozen,F21,"Frozen Rack 21, Level: E, Position # 065 -  Front"
F21E066,Frozen,F21,"Frozen Rack 21, Level: E, Position # 066 -  Back"
F21E067,Frozen,F21,"Frozen Rack 21, Level: E, Position # 067 -  Front"
F21E068,Frozen,F21,"Frozen Rack 21, Level: E, Position # 068 -  Back"
F21E069,Frozen,F21,"Frozen Rack 21, Level: E, Position # 069 -  Front"
F21E070,Frozen,F21,"Frozen Rack 21, Level: E, Position # 070 -  Back"
F21E071,Frozen,F21,"Frozen Rack 21, Level: E, Position # 071 -  Front"
F21E072,Frozen,F21,"Frozen Rack 21, Level: E, Position # 072 -  Back"
F21E073,Frozen,F21,"Frozen Rack 21, Level: E, Position # 073 -  Front"
F21E074,Frozen,F21,"Frozen Rack 21, Level: E, Position # 074 -  Back"
F21E075,Frozen,F21,"Frozen Rack 21, Level: E, Position # 075 -  Front"
F21E076,Frozen,F21,"Frozen Rack 21, Level: E, Position # 076 -  Back"
F21E077,Frozen,F21,"Frozen Rack 21, Level: E, Position # 077 -  Front"
F21E078,Frozen,F21,"Frozen Rack 21, Level: E, Position # 078 -  Back"
F21E079,Frozen,F21,"Frozen Rack 21, Level: E, Position # 079 -  Front"
F21E080,Frozen,F21,"Frozen Rack 21, Level: E, Position # 080 -  Back"
F21E081,Frozen,F21,"Frozen Rack 21, Level: E, Position # 081 -  Front"
F21E082,Frozen,F21,"Frozen Rack 21, Level: E, Position # 082 -  Back"
F21E083,Frozen,F21,"Frozen Rack 21, Level: E, Position # 083 -  Front"
F21E084,Frozen,F21,"Frozen Rack 21, Level: E, Position # 084 -  Back"
F21E085,Frozen,F21,"Frozen Rack 21, Level: E, Position # 085 -  Front"
F21E086,Frozen,F21,"Frozen Rack 21, Level: E, Position # 086 -  Back"
F21E087,Frozen,F21,"Frozen Rack 21, Level: E, Position # 087 -  Front"
F21E088,Frozen,F21,"Frozen Rack 21, Level: E, Position # 088 -  Back"
F21E089,Frozen,F21,"Frozen Rack 21, Level: E, Position # 089 -  Front"
F21E090,Frozen,F21,"Frozen Rack 21, Level: E, Position # 090 -  Back"
F21E091,Frozen,F21,"Frozen Rack 21, Level: E, Position # 091 -  Front"
F21E092,Frozen,F21,"Frozen Rack 21, Level: E, Position # 092 -  Back"
F21E093,Frozen,F21,"Frozen Rack 21, Level: E, Position # 093 -  Front"
F21E094,Frozen,F21,"Frozen Rack 21, Level: E, Position # 094 -  Back"
F21E095,Frozen,F21,"Frozen Rack 21, Level: E, Position # 095 -  Front"
F21E096,Frozen,F21,"Frozen Rack 21, Level: E, Position # 096 -  Back"
F21E097,Frozen,F21,"Frozen Rack 21, Level: E, Position # 097 -  Front"
F21E098,Frozen,F21,"Frozen Rack 21, Level: E, Position # 098 -  Back"
F21E099,Frozen,F21,"Frozen Rack 21, Level: E, Position # 099 -  Front"
F21E100,Frozen,F21,"Frozen Rack 21, Level: E, Position # 100 -  Back"
F21E101,Frozen,F21,"Frozen Rack 21, Level: E, Position # 101 -  Front"
F21E102,Frozen,F21,"Frozen Rack 21, Level: E, Position # 102 -  Back"
F21E103,Frozen,F21,"Frozen Rack 21, Level: E, Position # 103 -  Front"
F21E104,Frozen,F21,"Frozen Rack 21, Level: E, Position # 104 -  Back"
F21E105,Frozen,F21,"Frozen Rack 21, Level: E, Position # 105 -  Front"
F21E106,Frozen,F21,"Frozen Rack 21, Level: E, Position # 106 -  Back"
F21E107,Frozen,F21,"Frozen Rack 21, Level: E, Position # 107 -  Front"
F21E108,Frozen,F21,"Frozen Rack 21, Level: E, Position # 108 -  Back"
F21E109,Frozen,F21,"Frozen Rack 21, Level: E, Position # 109 -  Front"
F21E110,Frozen,F21,"Frozen Rack 21, Level: E, Position # 110 -  Back"
F21E111,Frozen,F21,"Frozen Rack 21, Level: E, Position # 111 -  Front"
F21E112,Frozen,F21,"Frozen Rack 21, Level: E, Position # 112 -  Back"
F22A031,Frozen,F22,"Frozen Rack 22, Level: A, Position # 031 -  Front"
F22A034,Frozen,F22,"Frozen Rack 22, Level: A, Position # 034 -  Back"
F22A047,Frozen,F22,"Frozen Rack 22, Level: A, Position # 047 -  Front"
F22A048,Frozen,F22,"Frozen Rack 22, Level: A, Position # 048 -  Back"
F22A061,Frozen,F22,"Frozen Rack 22, Level: A, Position # 061 -  Front"
F22A062,Frozen,F22,"Frozen Rack 22, Level: A, Position # 062 -  Back"
F22A063,Frozen,F22,"Frozen Rack 22, Level: A, Position # 063 -  Front"
F22A064,Frozen,F22,"Frozen Rack 22, Level: A, Position # 064 -  Back"
F22A065,Frozen,F22,"Frozen Rack 22, Level: A, Position # 065 -  Front"
F22A066,Frozen,F22,"Frozen Rack 22, Level: A, Position # 066 -  Back"
F22A067,Frozen,F22,"Frozen Rack 22, Level: A, Position # 067 -  Front"
F22A068,Frozen,F22,"Frozen Rack 22, Level: A, Position # 068 -  Back"
F22A069,Frozen,F22,"Frozen Rack 22, Level: A, Position # 069 -  Front"
F22A070,Frozen,F22,"Frozen Rack 22, Level: A, Position # 070 -  Back"
F22A071,Frozen,F22,"Frozen Rack 22, Level: A, Position # 071 -  Front"
F22A072,Frozen,F22,"Frozen Rack 22, Level: A, Position # 072 -  Back"
F22A073,Frozen,F22,"Frozen Rack 22, Level: A, Position # 073 -  Front"
F22A074,Frozen,F22,"Frozen Rack 22, Level: A, Position # 074 -  Back"
F22A075,Frozen,F22,"Frozen Rack 22, Level: A, Position # 075 -  Front"
F22A076,Frozen,F22,"Frozen Rack 22, Level: A, Position # 076 -  Back"
F22A077,Frozen,F22,"Frozen Rack 22, Level: A, Position # 077 -  Front"
F22A078,Frozen,F22,"Frozen Rack 22, Level: A, Position # 078 -  Back"
F22A079,Frozen,F22,"Frozen Rack 22, Level: A, Position # 079 -  Front"
F22A080,Frozen,F22,"Frozen Rack 22, Level: A, Position # 080 -  Back"
F22A081,Frozen,F22,"Frozen Rack 22, Level: A, Position # 081 -  Front"
F22A082,Frozen,F22,"Frozen Rack 22, Level: A, Position # 082 -  Back"
F22A083,Frozen,F22,"Frozen Rack 22, Level: A, Position # 083 -  Front"
F22A084,Frozen,F22,"Frozen Rack 22, Level: A, Position # 084 -  Back"
F22A085,Frozen,F22,"Frozen Rack 22, Level: A, Position # 085 -  Front"
F22A086,Frozen,F22,"Frozen Rack 22, Level: A, Position # 086 -  Back"
F22A087,Frozen,F22,"Frozen Rack 22, Level: A, Position # 087 -  Front"
F22A088,Frozen,F22,"Frozen Rack 22, Level: A, Position # 088 -  Back"
F22A089,Frozen,F22,"Frozen Rack 22, Level: A, Position # 089 -  Front"
F22A090,Frozen,F22,"Frozen Rack 22, Level: A, Position # 090 -  Back"
F22A091,Frozen,F22,"Frozen Rack 22, Level: A, Position # 091 -  Front"
F22A092,Frozen,F22,"Frozen Rack 22, Level: A, Position # 092 -  Back"
F22A093,Frozen,F22,"Frozen Rack 22, Level: A, Position # 093 -  Front"
F22A094,Frozen,F22,"Frozen Rack 22, Level: A, Position # 094 -  Back"
F22A095,Frozen,F22,"Frozen Rack 22, Level: A, Position # 095 -  Front"
F22A096,Frozen,F22,"Frozen Rack 22, Level: A, Position # 096 -  Back"
F22B002,Frozen,F22,"Frozen Rack 22, Level: B, Position # 002 -  Back"
F22B003,Frozen,F22,"Frozen Rack 22, Level: B, Position # 003 -  Front"
F22B004,Frozen,F22,"Frozen Rack 22, Level: B, Position # 004 -  Back"
F22B008,Frozen,F22,"Frozen Rack 22, Level: B, Position # 008 -  Back"
F22B009,Frozen,F22,"Frozen Rack 22, Level: B, Position # 009 -  Front"
F22B010,Frozen,F22,"Frozen Rack 22, Level: B, Position # 010 -  Back"
F22B012,Frozen,F22,"Frozen Rack 22, Level: B, Position # 012 -  Back"
F22B019,Frozen,F22,"Frozen Rack 22, Level: B, Position # 019 -  Front"
F22B020,Frozen,F22,"Frozen Rack 22, Level: B, Position # 020 -  Back"
F22B021,Frozen,F22,"Frozen Rack 22, Level: B, Position # 021 -  Front"
F22B022,Frozen,F22,"Frozen Rack 22, Level: B, Position # 022 -  Back"
F22B023,Frozen,F22,"Frozen Rack 22, Level: B, Position # 023 -  Front"
F22B024,Frozen,F22,"Frozen Rack 22, Level: B, Position # 024 -  Back"
F22B025,Frozen,F22,"Frozen Rack 22, Level: B, Position # 025 -  Front"
F22B026,Frozen,F22,"Frozen Rack 22, Level: B, Position # 026 -  Back"
F22B027,Frozen,F22,"Frozen Rack 22, Level: B, Position # 027 -  Front"
F22B028,Frozen,F22,"Frozen Rack 22, Level: B, Position # 028 -  Back"
F22B029,Frozen,F22,"Frozen Rack 22, Level: B, Position # 029 -  Front"
F22B030,Frozen,F22,"Frozen Rack 22, Level: B, Position # 030 -  Back"
F22B031,Frozen,F22,"Frozen Rack 22, Level: B, Position # 031 -  Front"
F22B032,Frozen,F22,"Frozen Rack 22, Level: B, Position # 032 -  Back"
F22B033,Frozen,F22,"Frozen Rack 22, Level: B, Position # 033 -  Front"
F22B034,Frozen,F22,"Frozen Rack 22, Level: B, Position # 034 -  Back"
F22B035,Frozen,F22,"Frozen Rack 22, Level: B, Position # 035 -  Front"
F22B036,Frozen,F22,"Frozen Rack 22, Level: B, Position # 036 -  Back"
F22B037,Frozen,F22,"Frozen Rack 22, Level: B, Position # 037 -  Front"
F22B038,Frozen,F22,"Frozen Rack 22, Level: B, Position # 038 -  Back"
F22B039,Frozen,F22,"Frozen Rack 22, Level: B, Position # 039 -  Front"
F22B040,Frozen,F22,"Frozen Rack 22, Level: B, Position # 040 -  Back"
F22B041,Frozen,F22,"Frozen Rack 22, Level: B, Position # 041 -  Front"
F22B042,Frozen,F22,"Frozen Rack 22, Level: B, Position # 042 -  Back"
F22B043,Frozen,F22,"Frozen Rack 22, Level: B, Position # 043 -  Front"
F22B044,Frozen,F22,"Frozen Rack 22, Level: B, Position # 044 -  Back"
F22B045,Frozen,F22,"Frozen Rack 22, Level: B, Position # 045 -  Front"
F22B046,Frozen,F22,"Frozen Rack 22, Level: B, Position # 046 -  Back"
F22B047,Frozen,F22,"Frozen Rack 22, Level: B, Position # 047 -  Front"
F22B048,Frozen,F22,"Frozen Rack 22, Level: B, Position # 048 -  Back"
F22B049,Frozen,F22,"Frozen Rack 22, Level: B, Position # 049 -  Front"
F22B050,Frozen,F22,"Frozen Rack 22, Level: B, Position # 050 -  Back"
F22B051,Frozen,F22,"Frozen Rack 22, Level: B, Position # 051 -  Front"
F22B052,Frozen,F22,"Frozen Rack 22, Level: B, Position # 052 -  Back"
F22B053,Frozen,F22,"Frozen Rack 22, Level: B, Position # 053 -  Front"
F22B054,Frozen,F22,"Frozen Rack 22, Level: B, Position # 054 -  Back"
F22B061,Frozen,F22,"Frozen Rack 22, Level: B, Position # 061 -  Front"
F22B062,Frozen,F22,"Frozen Rack 22, Level: B, Position # 062 -  Back"
F22B063,Frozen,F22,"Frozen Rack 22, Level: B, Position # 063 -  Front"
F22B064,Frozen,F22,"Frozen Rack 22, Level: B, Position # 064 -  Back"
F22B065,Frozen,F22,"Frozen Rack 22, Level: B, Position # 065 -  Front"
F22B066,Frozen,F22,"Frozen Rack 22, Level: B, Position # 066 -  Back"
F22B067,Frozen,F22,"Frozen Rack 22, Level: B, Position # 067 -  Front"
F22B068,Frozen,F22,"Frozen Rack 22, Level: B, Position # 068 -  Back"
F22B069,Frozen,F22,"Frozen Rack 22, Level: B, Position # 069 -  Front"
F22B070,Frozen,F22,"Frozen Rack 22, Level: B, Position # 070 -  Back"
F22B071,Frozen,F22,"Frozen Rack 22, Level: B, Position # 071 -  Front"
F22B072,Frozen,F22,"Frozen Rack 22, Level: B, Position # 072 -  Back"
F22B073,Frozen,F22,"Frozen Rack 22, Level: B, Position # 073 -  Front"
F22B074,Frozen,F22,"Frozen Rack 22, Level: B, Position # 074 -  Back"
F22B075,Frozen,F22,"Frozen Rack 22, Level: B, Position # 075 -  Front"
F22B076,Frozen,F22,"Frozen Rack 22, Level: B, Position # 076 -  Back"
F22B077,Frozen,F22,"Frozen Rack 22, Level: B, Position # 077 -  Front"
F22B078,Frozen,F22,"Frozen Rack 22, Level: B, Position # 078 -  Back"
F22B079,Frozen,F22,"Frozen Rack 22, Level: B, Position # 079 -  Front"
F22B080,Frozen,F22,"Frozen Rack 22, Level: B, Position # 080 -  Back"
F22B081,Frozen,F22,"Frozen Rack 22, Level: B, Position # 081 -  Front"
F22B082,Frozen,F22,"Frozen Rack 22, Level: B, Position # 082 -  Back"
F22B083,Frozen,F22,"Frozen Rack 22, Level: B, Position # 083 -  Front"
F22B084,Frozen,F22,"Frozen Rack 22, Level: B, Position # 084 -  Back"
F22B085,Frozen,F22,"Frozen Rack 22, Level: B, Position # 085 -  Front"
F22B086,Frozen,F22,"Frozen Rack 22, Level: B, Position # 086 -  Back"
F22B087,Frozen,F22,"Frozen Rack 22, Level: B, Position # 087 -  Front"
F22B088,Frozen,F22,"Frozen Rack 22, Level: B, Position # 088 -  Back"
F22B089,Frozen,F22,"Frozen Rack 22, Level: B, Position # 089 -  Front"
F22B090,Frozen,F22,"Frozen Rack 22, Level: B, Position # 090 -  Back"
F22B091,Frozen,F22,"Frozen Rack 22, Level: B, Position # 091 -  Front"
F22B092,Frozen,F22,"Frozen Rack 22, Level: B, Position # 092 -  Back"
F22B093,Frozen,F22,"Frozen Rack 22, Level: B, Position # 093 -  Front"
F22B094,Frozen,F22,"Frozen Rack 22, Level: B, Position # 094 -  Back"
F22B095,Frozen,F22,"Frozen Rack 22, Level: B, Position # 095 -  Front"
F22B096,Frozen,F22,"Frozen Rack 22, Level: B, Position # 096 -  Back"
F22C002,Frozen,F22,"Frozen Rack 22, Level: C, Position # 002 -  Back"
F22C004,Frozen,F22,"Frozen Rack 22, Level: C, Position # 004 -  Back"
F22C008,Frozen,F22,"Frozen Rack 22, Level: C, Position # 008 -  Back"
F22C010,Frozen,F22,"Frozen Rack 22, Level: C, Position # 010 -  Back"
F22C011,Frozen,F22,"Frozen Rack 22, Level: C, Position # 011 -  Front"
F22C012,Frozen,F22,"Frozen Rack 22, Level: C, Position # 012 -  Back"
F22C013,Frozen,F22,"Frozen Rack 22 , Level: C, Position # 013 - Front"
F22C014,Frozen,F22,"Frozen Rack 22 , Level: C, Position # 014 - Back"
F22C015,Frozen,F22,"Frozen Rack 22 , Level: C, Position # 015 - Front"
F22C016,Frozen,F22,"Frozen Rack 22 , Level: C, Position # 016 - Back"
F22C017,Frozen,F22,"Frozen Rack 22 , Level: C, Position # 017 - Front"
F22C018,Frozen,F22,"Frozen Rack 22 , Level: C, Position # 018 - Back"
F22C019,Frozen,F22,"Frozen Rack 22, Level: C, Position # 019 -  Front"
F22C020,Frozen,F22,"Frozen Rack 22, Level: C, Position # 020 -  Back"
F22C021,Frozen,F22,"Frozen Rack 22, Level: C, Position # 021 -  Front"
F22C022,Frozen,F22,"Frozen Rack 22, Level: C, Position # 022 -  Back"
F22C023,Frozen,F22,"Frozen Rack 22, Level: C, Position # 023 -  Front"
F22C024,Frozen,F22,"Frozen Rack 22, Level: C, Position # 024 -  Back"
F22C025,Frozen,F22,"Frozen Rack 22, Level: C, Position # 025 -  Front"
F22C026,Frozen,F22,"Frozen Rack 22, Level: C, Position # 026 -  Back"
F22C027,Frozen,F22,"Frozen Rack 22, Level: C, Position # 027 -  Front"
F22C028,Frozen,F22,"Frozen Rack 22, Level: C, Position # 028 -  Back"
F22C029,Frozen,F22,"Frozen Rack 22, Level: C, Position # 029 -  Front"
F22C030,Frozen,F22,"Frozen Rack 22, Level: C, Position # 030 -  Back"
F22C031,Frozen,F22,"Frozen Rack 22, Level: C, Position # 031 -  Front"
F22C032,Frozen,F22,"Frozen Rack 22, Level: C, Position # 032 -  Back"
F22C033,Frozen,F22,"Frozen Rack 22, Level: C, Position # 033 -  Front"
F22C034,Frozen,F22,"Frozen Rack 22, Level: C, Position # 034 -  Back"
F22C035,Frozen,F22,"Frozen Rack 22, Level: C, Position # 035 -  Front"
F22C036,Frozen,F22,"Frozen Rack 22, Level: C, Position # 036 -  Back"
F22C037,Frozen,F22,"Frozen Rack 22, Level: C, Position # 037 -  Front"
F22C038,Frozen,F22,"Frozen Rack 22, Level: C, Position # 038 -  Back"
F22C039,Frozen,F22,"Frozen Rack 22, Level: C, Position # 039 -  Front"
F22C040,Frozen,F22,"Frozen Rack 22, Level: C, Position # 040 -  Back"
F22C041,Frozen,F22,"Frozen Rack 22, Level: C, Position # 041 -  Front"
F22C042,Frozen,F22,"Frozen Rack 22, Level: C, Position # 042 -  Back"
F22C043,Frozen,F22,"Frozen Rack 22, Level: C, Position # 043 -  Front"
F22C044,Frozen,F22,"Frozen Rack 22, Level: C, Position # 044 -  Back"
F22C045,Frozen,F22,"Frozen Rack 22, Level: C, Position # 045 -  Front"
F22C046,Frozen,F22,"Frozen Rack 22, Level: C, Position # 046 -  Back"
F22C047,Frozen,F22,"Frozen Rack 22, Level: C, Position # 047 -  Front"
F22C048,Frozen,F22,"Frozen Rack 22, Level: C, Position # 048 -  Back"
F22C049,Frozen,F22,"Frozen Rack 22, Level: C, Position # 049 -  Front"
F22C050,Frozen,F22,"Frozen Rack 22, Level: C, Position # 050 -  Back"
F22C051,Frozen,F22,"Frozen Rack 22, Level: C, Position # 051 -  Front"
F22C052,Frozen,F22,"Frozen Rack 22, Level: C, Position # 052 -  Back"
F22C053,Frozen,F22,"Frozen Rack 22, Level: C, Position # 053 -  Front"
F22C054,Frozen,F22,"Frozen Rack 22, Level: C, Position # 054 -  Back"
F22C055,Frozen,F22,"Frozen Rack 22 , Level: C, Position # 055 - Front"
F22C056,Frozen,F22,"Frozen Rack 22 , Level: C, Position # 056 - Back"
F22C057,Frozen,F22,"Frozen Rack 22 , Level: C, Position # 057 - Front"
F22C058,Frozen,F22,"Frozen Rack 22 , Level: C, Position # 058 - Back"
F22C059,Frozen,F22,"Frozen Rack 22 , Level: C, Position # 059 - Front"
F22C060,Frozen,F22,"Frozen Rack 22 , Level: C, Position # 060 - Back"
F22C061,Frozen,F22,"Frozen Rack 22, Level: C, Position # 061 -  Front"
F22C062,Frozen,F22,"Frozen Rack 22, Level: C, Position # 062 -  Back"
F22C063,Frozen,F22,"Frozen Rack 22, Level: C, Position # 063 -  Front"
F22C064,Frozen,F22,"Frozen Rack 22, Level: C, Position # 064 -  Back"
F22C065,Frozen,F22,"Frozen Rack 22, Level: C, Position # 065 -  Front"
F22C066,Frozen,F22,"Frozen Rack 22, Level: C, Position # 066 -  Back"
F22C067,Frozen,F22,"Frozen Rack 22, Level: C, Position # 067 -  Front"
F22C068,Frozen,F22,"Frozen Rack 22, Level: C, Position # 068 -  Back"
F22C069,Frozen,F22,"Frozen Rack 22, Level: C, Position # 069 -  Front"
F22C070,Frozen,F22,"Frozen Rack 22, Level: C, Position # 070 -  Back"
F22C071,Frozen,F22,"Frozen Rack 22, Level: C, Position # 071 -  Front"
F22C072,Frozen,F22,"Frozen Rack 22, Level: C, Position # 072 -  Back"
F22C073,Frozen,F22,"Frozen Rack 22, Level: C, Position # 073 -  Front"
F22C074,Frozen,F22,"Frozen Rack 22, Level: C, Position # 074 -  Back"
F22C075,Frozen,F22,"Frozen Rack 22, Level: C, Position # 075 -  Front"
F22C076,Frozen,F22,"Frozen Rack 22, Level: C, Position # 076 -  Back"
F22C077,Frozen,F22,"Frozen Rack 22, Level: C, Position # 077 -  Front"
F22C078,Frozen,F22,"Frozen Rack 22, Level: C, Position # 078 -  Back"
F22C079,Frozen,F22,"Frozen Rack 22, Level: C, Position # 079 -  Front"
F22C080,Frozen,F22,"Frozen Rack 22, Level: C, Position # 080 -  Back"
F22C081,Frozen,F22,"Frozen Rack 22, Level: C, Position # 081 -  Front"
F22C082,Frozen,F22,"Frozen Rack 22, Level: C, Position # 082 -  Back"
F22C083,Frozen,F22,"Frozen Rack 22, Level: C, Position # 083 -  Front"
F22C084,Frozen,F22,"Frozen Rack 22, Level: C, Position # 084 -  Back"
F22C085,Frozen,F22,"Frozen Rack 22, Level: C, Position # 085 -  Front"
F22C086,Frozen,F22,"Frozen Rack 22, Level: C, Position # 086 -  Back"
F22C087,Frozen,F22,"Frozen Rack 22, Level: C, Position # 087 -  Front"
F22C088,Frozen,F22,"Frozen Rack 22, Level: C, Position # 088 -  Back"
F22C089,Frozen,F22,"Frozen Rack 22, Level: C, Position # 089 -  Front"
F22C090,Frozen,F22,"Frozen Rack 22, Level: C, Position # 090 -  Back"
F22C091,Frozen,F22,"Frozen Rack 22, Level: C, Position # 091 -  Front"
F22C092,Frozen,F22,"Frozen Rack 22, Level: C, Position # 092 -  Back"
F22C093,Frozen,F22,"Frozen Rack 22, Level: C, Position # 093 -  Front"
F22C094,Frozen,F22,"Frozen Rack 22, Level: C, Position # 094 -  Back"
F22C095,Frozen,F22,"Frozen Rack 22, Level: C, Position # 095 -  Front"
F22C096,Frozen,F22,"Frozen Rack 22, Level: C, Position # 096 -  Back"
F22D012,Frozen,F22,"Frozen Rack 22, Level: D, Position # 012 -  Back"
F22D013,Frozen,F22,"Frozen Rack 22, Level: D, Position # 013 -  Front"
F22D014,Frozen,F22,"Frozen Rack 22, Level: D, Position # 014 -  Back"
F22D015,Frozen,F22,"Frozen Rack 22, Level: D, Position # 015 -  Front"
F22D016,Frozen,F22,"Frozen Rack 22, Level: D, Position # 016 -  Back"
F22D017,Frozen,F22,"Frozen Rack 22, Level: D, Position # 017 -  Front"
F22D018,Frozen,F22,"Frozen Rack 22, Level: D, Position # 018 -  Back"
F22D020,Frozen,F22,"Frozen Rack 22, Level: D, Position # 020 -  Back"
F22D021,Frozen,F22,"Frozen Rack 22, Level: D, Position # 021 -  Front"
F22D022,Frozen,F22,"Frozen Rack 22, Level: D, Position # 022 -  Back"
F22D023,Frozen,F22,"Frozen Rack 22, Level: D, Position # 023 -  Front"
F22D024,Frozen,F22,"Frozen Rack 22, Level: D, Position # 024 -  Back"
F22D025,Frozen,F22,"Frozen Rack 22, Level: D, Position # 025 -  Front"
F22D026,Frozen,F22,"Frozen Rack 22, Level: D, Position # 026 -  Back"
F22D027,Frozen,F22,"Frozen Rack 22, Level: D, Position # 027 -  Front"
F22D028,Frozen,F22,"Frozen Rack 22, Level: D, Position # 028 -  Back"
F22D029,Frozen,F22,"Frozen Rack 22, Level: D, Position # 029 -  Front"
F22D030,Frozen,F22,"Frozen Rack 22, Level: D, Position # 030 -  Back"
F22D031,Frozen,F22,"Frozen Rack 22, Level: D, Position # 031 -  Front"
F22D032,Frozen,F22,"Frozen Rack 22, Level: D, Position # 032 -  Back"
F22D033,Frozen,F22,"Frozen Rack 22, Level: D, Position # 033 -  Front"
F22D034,Frozen,F22,"Frozen Rack 22, Level: D, Position # 034 -  Back"
F22D035,Frozen,F22,"Frozen Rack 22, Level: D, Position # 035 -  Front"
F22D036,Frozen,F22,"Frozen Rack 22, Level: D, Position # 036 -  Back"
F22D037,Frozen,F22,"Frozen Rack 22, Level: D, Position # 037 -  Front"
F22D038,Frozen,F22,"Frozen Rack 22, Level: D, Position # 038 -  Back"
F22D039,Frozen,F22,"Frozen Rack 22, Level: D, Position # 039 -  Front"
F22D040,Frozen,F22,"Frozen Rack 22, Level: D, Position # 040 -  Back"
F22D041,Frozen,F22,"Frozen Rack 22, Level: D, Position # 041 -  Front"
F22D042,Frozen,F22,"Frozen Rack 22, Level: D, Position # 042 -  Back"
F22D043,Frozen,F22,"Frozen Rack 22, Level: D, Position # 043 -  Front"
F22D044,Frozen,F22,"Frozen Rack 22, Level: D, Position # 044 -  Back"
F22D045,Frozen,F22,"Frozen Rack 22, Level: D, Position # 045 -  Front"
F22D046,Frozen,F22,"Frozen Rack 22, Level: D, Position # 046 -  Back"
F22D047,Frozen,F22,"Frozen Rack 22, Level: D, Position # 047 -  Front"
F22D048,Frozen,F22,"Frozen Rack 22, Level: D, Position # 048 -  Back"
F22D049,Frozen,F22,"Frozen Rack 22, Level: D, Position # 049 -  Front"
F22D050,Frozen,F22,"Frozen Rack 22, Level: D, Position # 050 -  Back"
F22D051,Frozen,F22,"Frozen Rack 22, Level: D, Position # 051 -  Front"
F22D052,Frozen,F22,"Frozen Rack 22, Level: D, Position # 052 -  Back"
F22D053,Frozen,F22,"Frozen Rack 22, Level: D, Position # 053 -  Front"
F22D054,Frozen,F22,"Frozen Rack 22, Level: D, Position # 054 -  Back"
F22D055,Frozen,F22,"Frozen Rack 22, Level: D, Position # 055 -  Front"
F22D056,Frozen,F22,"Frozen Rack 22, Level: D, Position # 056 -  Back"
F22D057,Frozen,F22,"Frozen Rack 22, Level: D, Position # 057 -  Front"
F22D058,Frozen,F22,"Frozen Rack 22, Level: D, Position # 058 -  Back"
F22D059,Frozen,F22,"Frozen Rack 22, Level: D, Position # 059 -  Front"
F22D060,Frozen,F22,"Frozen Rack 22, Level: D, Position # 060 -  Back"
F22D061,Frozen,F22,"Frozen Rack 22, Level: D, Position # 061 -  Front"
F22D062,Frozen,F22,"Frozen Rack 22, Level: D, Position # 062 -  Back"
F22D063,Frozen,F22,"Frozen Rack 22, Level: D, Position # 063 -  Front"
F22D064,Frozen,F22,"Frozen Rack 22, Level: D, Position # 064 -  Back"
F22D065,Frozen,F22,"Frozen Rack 22, Level: D, Position # 065 -  Front"
F22D066,Frozen,F22,"Frozen Rack 22, Level: D, Position # 066 -  Back"
F22D067,Frozen,F22,"Frozen Rack 22, Level: D, Position # 067 -  Front"
F22D068,Frozen,F22,"Frozen Rack 22, Level: D, Position # 068 -  Back"
F22D069,Frozen,F22,"Frozen Rack 22, Level: D, Position # 069 -  Front"
F22D070,Frozen,F22,"Frozen Rack 22, Level: D, Position # 070 -  Back"
F22D071,Frozen,F22,"Frozen Rack 22, Level: D, Position # 071 -  Front"
F22D072,Frozen,F22,"Frozen Rack 22, Level: D, Position # 072 -  Back"
F22D073,Frozen,F22,"Frozen Rack 22, Level: D, Position # 073 -  Front"
F22D074,Frozen,F22,"Frozen Rack 22, Level: D, Position # 074 -  Back"
F22D075,Frozen,F22,"Frozen Rack 22, Level: D, Position # 075 -  Front"
F22D076,Frozen,F22,"Frozen Rack 22, Level: D, Position # 076 -  Back"
F22D077,Frozen,F22,"Frozen Rack 22, Level: D, Position # 077 -  Front"
F22D078,Frozen,F22,"Frozen Rack 22, Level: D, Position # 078 -  Back"
F22D079,Frozen,F22,"Frozen Rack 22, Level: D, Position # 079 -  Front"
F22D080,Frozen,F22,"Frozen Rack 22, Level: D, Position # 080 -  Back"
F22D081,Frozen,F22,"Frozen Rack 22, Level: D, Position # 081 -  Front"
F22D082,Frozen,F22,"Frozen Rack 22, Level: D, Position # 082 -  Back"
F22D083,Frozen,F22,"Frozen Rack 22, Level: D, Position # 083 -  Front"
F22D084,Frozen,F22,"Frozen Rack 22, Level: D, Position # 084 -  Back"
F22D085,Frozen,F22,"Frozen Rack 22, Level: D, Position # 085 -  Front"
F22D086,Frozen,F22,"Frozen Rack 22, Level: D, Position # 086 -  Back"
F22D087,Frozen,F22,"Frozen Rack 22, Level: D, Position # 087 -  Front"
F22D088,Frozen,F22,"Frozen Rack 22, Level: D, Position # 088 -  Back"
F22D089,Frozen,F22,"Frozen Rack 22, Level: D, Position # 089 -  Front"
F22D090,Frozen,F22,"Frozen Rack 22, Level: D, Position # 090 -  Back"
F22D091,Frozen,F22,"Frozen Rack 22, Level: D, Position # 091 -  Front"
F22D092,Frozen,F22,"Frozen Rack 22, Level: D, Position # 092 -  Back"
F22D093,Frozen,F22,"Frozen Rack 22, Level: D, Position # 093 -  Front"
F22D094,Frozen,F22,"Frozen Rack 22, Level: D, Position # 094 -  Back"
F22D095,Frozen,F22,"Frozen Rack 22, Level: D, Position # 095 -  Front"
F22D096,Frozen,F22,"Frozen Rack 22, Level: D, Position # 096 -  Back"
F22E019,Frozen,F22,"Frozen Rack 22, Level: E, Position # 019 -  Front"
F22E021,Frozen,F22,"Frozen Rack 22, Level: E, Position # 021 -  Front"
F22E022,Frozen,F22,"Frozen Rack 22, Level: E, Position # 022 -  Back"
F22E023,Frozen,F22,"Frozen Rack 22, Level: E, Position # 023 -  Front"
F22E024,Frozen,F22,"Frozen Rack 22, Level: E, Position # 024 -  Back"
F22E025,Frozen,F22,"Frozen Rack 22, Level: E, Position # 025 -  Front"
F22E026,Frozen,F22,"Frozen Rack 22, Level: E, Position # 026 -  Back"
F22E027,Frozen,F22,"Frozen Rack 22, Level: E, Position # 027 -  Front"
F22E028,Frozen,F22,"Frozen Rack 22, Level: E, Position # 028 -  Back"
F22E029,Frozen,F22,"Frozen Rack 22, Level: E, Position # 029 -  Front"
F22E030,Frozen,F22,"Frozen Rack 22, Level: E, Position # 030 -  Back"
F22E031,Frozen,F22,"Frozen Rack 22, Level: E, Position # 031 -  Front"
F22E032,Frozen,F22,"Frozen Rack 22, Level: E, Position # 032 -  Back"
F22E033,Frozen,F22,"Frozen Rack 22, Level: E, Position # 033 -  Front"
F22E034,Frozen,F22,"Frozen Rack 22, Level: E, Position # 034 -  Back"
F22E035,Frozen,F22,"Frozen Rack 22, Level: E, Position # 035 -  Front"
F22E036,Frozen,F22,"Frozen Rack 22, Level: E, Position # 036 -  Back"
F22E037,Frozen,F22,"Frozen Rack 22, Level: E, Position # 037 -  Front"
F22E038,Frozen,F22,"Frozen Rack 22, Level: E, Position # 038 -  Back"
F22E039,Frozen,F22,"Frozen Rack 22, Level: E, Position # 039 -  Front"
F22E040,Frozen,F22,"Frozen Rack 22, Level: E, Position # 040 -  Back"
F22E041,Frozen,F22,"Frozen Rack 22, Level: E, Position # 041 -  Front"
F22E042,Frozen,F22,"Frozen Rack 22, Level: E, Position # 042 -  Back"
F22E043,Frozen,F22,"Frozen Rack 22, Level: E, Position # 043 -  Front"
F22E044,Frozen,F22,"Frozen Rack 22, Level: E, Position # 044 -  Back"
F22E045,Frozen,F22,"Frozen Rack 22, Level: E, Position # 045 -  Front"
F22E046,Frozen,F22,"Frozen Rack 22, Level: E, Position # 046 -  Back"
F22E047,Frozen,F22,"Frozen Rack 22, Level: E, Position # 047 -  Front"
F22E048,Frozen,F22,"Frozen Rack 22, Level: E, Position # 048 -  Back"
F22E049,Frozen,F22,"Frozen Rack 22, Level: E, Position # 049 -  Front"
F22E050,Frozen,F22,"Frozen Rack 22, Level: E, Position # 050 -  Back"
F22E051,Frozen,F22,"Frozen Rack 22, Level: E, Position # 051 -  Front"
F22E052,Frozen,F22,"Frozen Rack 22, Level: E, Position # 052 -  Back"
F22E053,Frozen,F22,"Frozen Rack 22, Level: E, Position # 053 -  Front"
F22E054,Frozen,F22,"Frozen Rack 22, Level: E, Position # 054 -  Back"
F22E055,Frozen,F22,"Frozen Rack 22, Level: E, Position # 055 -  Front"
F22E056,Frozen,F22,"Frozen Rack 22, Level: E, Position # 056 -  Back"
F22E057,Frozen,F22,"Frozen Rack 22, Level: E, Position # 057 -  Front"
F22E058,Frozen,F22,"Frozen Rack 22, Level: E, Position # 058 -  Back"
F22E059,Frozen,F22,"Frozen Rack 22, Level: E, Position # 059 -  Front"
F22E060,Frozen,F22,"Frozen Rack 22, Level: E, Position # 060 -  Back"
F22E061,Frozen,F22,"Frozen Rack 22, Level: E, Position # 061 -  Front"
F22E062,Frozen,F22,"Frozen Rack 22, Level: E, Position # 062 -  Back"
F22E063,Frozen,F22,"Frozen Rack 22, Level: E, Position # 063 -  Front"
F22E064,Frozen,F22,"Frozen Rack 22, Level: E, Position # 064 -  Back"
F22E065,Frozen,F22,"Frozen Rack 22, Level: E, Position # 065 -  Front"
F22E066,Frozen,F22,"Frozen Rack 22, Level: E, Position # 066 -  Back"
F22E067,Frozen,F22,"Frozen Rack 22, Level: E, Position # 067 -  Front"
F22E068,Frozen,F22,"Frozen Rack 22, Level: E, Position # 068 -  Back"
F22E069,Frozen,F22,"Frozen Rack 22, Level: E, Position # 069 -  Front"
F22E070,Frozen,F22,"Frozen Rack 22, Level: E, Position # 070 -  Back"
F22E071,Frozen,F22,"Frozen Rack 22, Level: E, Position # 071 -  Front"
F22E072,Frozen,F22,"Frozen Rack 22, Level: E, Position # 072 -  Back"
F22E073,Frozen,F22,"Frozen Rack 22, Level: E, Position # 073 -  Front"
F22E074,Frozen,F22,"Frozen Rack 22, Level: E, Position # 074 -  Back"
F22E075,Frozen,F22,"Frozen Rack 22, Level: E, Position # 075 -  Front"
F22E076,Frozen,F22,"Frozen Rack 22, Level: E, Position # 076 -  Back"
F22E077,Frozen,F22,"Frozen Rack 22, Level: E, Position # 077 -  Front"
F22E078,Frozen,F22,"Frozen Rack 22, Level: E, Position # 078 -  Back"
F22E079,Frozen,F22,"Frozen Rack 22, Level: E, Position # 079 -  Front"
F22E080,Frozen,F22,"Frozen Rack 22, Level: E, Position # 080 -  Back"
F22E081,Frozen,F22,"Frozen Rack 22, Level: E, Position # 081 -  Front"
F22E082,Frozen,F22,"Frozen Rack 22, Level: E, Position # 082 -  Back"
F22E083,Frozen,F22,"Frozen Rack 22, Level: E, Position # 083 -  Front"
F22E084,Frozen,F22,"Frozen Rack 22, Level: E, Position # 084 -  Back"
F22E085,Frozen,F22,"Frozen Rack 22, Level: E, Position # 085 -  Front"
F22E086,Frozen,F22,"Frozen Rack 22, Level: E, Position # 086 -  Back"
F22E087,Frozen,F22,"Frozen Rack 22, Level: E, Position # 087 -  Front"
F22E088,Frozen,F22,"Frozen Rack 22, Level: E, Position # 088 -  Back"
F22E089,Frozen,F22,"Frozen Rack 22, Level: E, Position # 089 -  Front"
F22E090,Frozen,F22,"Frozen Rack 22, Level: E, Position # 090 -  Back"
F22E091,Frozen,F22,"Frozen Rack 22, Level: E, Position # 091 -  Front"
F22E092,Frozen,F22,"Frozen Rack 22, Level: E, Position # 092 -  Back"
F22E093,Frozen,F22,"Frozen Rack 22, Level: E, Position # 093 -  Front"
F22E094,Frozen,F22,"Frozen Rack 22, Level: E, Position # 094 -  Back"
F22E095,Frozen,F22,"Frozen Rack 22, Level: E, Position # 095 -  Front"
F22E096,Frozen,F22,"Frozen Rack 22, Level: E, Position # 096 -  Back"
F23A061,Frozen,F23,"Frozen Rack 23, Level: A, Position # 061 -  Front"
F23A062,Frozen,F23,"Frozen Rack 23, Level: A, Position # 062 -  Back"
F23A063,Frozen,F23,"Frozen Rack 23, Level: A, Position # 063 -  Front"
F23A064,Frozen,F23,"Frozen Rack 23, Level: A, Position # 064 -  Back"
F23A065,Frozen,F23,"Frozen Rack 23, Level: A, Position # 065 -  Front"
F23A066,Frozen,F23,"Frozen Rack 23, Level: A, Position # 066 -  Back"
F23A067,Frozen,F23,"Frozen Rack 23, Level: A, Position # 067 -  Front"
F23A068,Frozen,F23,"Frozen Rack 23, Level: A, Position # 068 -  Back"
F23A069,Frozen,F23,"Frozen Rack 23, Level: A, Position # 069 -  Front"
F23A070,Frozen,F23,"Frozen Rack 23, Level: A, Position # 070 -  Back"
F23A071,Frozen,F23,"Frozen Rack 23, Level: A, Position # 071 -  Front"
F23A072,Frozen,F23,"Frozen Rack 23, Level: A, Position # 072 -  Back"
F23A073,Frozen,F23,"Frozen Rack 23, Level: A, Position # 073 -  Front"
F23A074,Frozen,F23,"Frozen Rack 23, Level: A, Position # 074 -  Back"
F23A075,Frozen,F23,"Frozen Rack 23, Level: A, Position # 075 -  Front"
F23A076,Frozen,F23,"Frozen Rack 23, Level: A, Position # 076 -  Back"
F23A077,Frozen,F23,"Frozen Rack 23, Level: A, Position # 077 -  Front"
F23A078,Frozen,F23,"Frozen Rack 23, Level: A, Position # 078 -  Back"
F23A079,Frozen,F23,"Frozen Rack 23, Level: A, Position # 079 -  Front"
F23A080,Frozen,F23,"Frozen Rack 23, Level: A, Position # 080 -  Back"
F23A081,Frozen,F23,"Frozen Rack 23, Level: A, Position # 081 -  Front"
F23A082,Frozen,F23,"Frozen Rack 23, Level: A, Position # 082 -  Back"
F23A083,Frozen,F23,"Frozen Rack 23, Level: A, Position # 083 -  Front"
F23A084,Frozen,F23,"Frozen Rack 23, Level: A, Position # 084 -  Back"
F23A085,Frozen,F23,"Frozen Rack 23, Level: A, Position # 085 -  Front"
F23A086,Frozen,F23,"Frozen Rack 23, Level: A, Position # 086 -  Back"
F23A087,Frozen,F23,"Frozen Rack 23, Level: A, Position # 087 -  Front"
F23A088,Frozen,F23,"Frozen Rack 23, Level: A, Position # 088 -  Back"
F23A089,Frozen,F23,"Frozen Rack 23, Level: A, Position # 089 -  Front"
F23A090,Frozen,F23,"Frozen Rack 23, Level: A, Position # 090 -  Back"
F23A091,Frozen,F23,"Frozen Rack 23, Level: A, Position # 091 -  Front"
F23A092,Frozen,F23,"Frozen Rack 23, Level: A, Position # 092 -  Back"
F23A093,Frozen,F23,"Frozen Rack 23, Level: A, Position # 093 -  Front"
F23A094,Frozen,F23,"Frozen Rack 23, Level: A, Position # 094 -  Back"
F23A095,Frozen,F23,"Frozen Rack 23, Level: A, Position # 095 -  Front"
F23A096,Frozen,F23,"Frozen Rack 23, Level: A, Position # 096 -  Back"
F23B001,Frozen,F23,"Frozen Rack 23, Level: B, Position # 001 -  Front"
F23B005,Frozen,F23,"Frozen Rack 23, Level: B, Position # 005 -  Front"
F23B006,Frozen,F23,"Frozen Rack 23, Level: B, Position # 006 -  Back"
F23B007,Frozen,F23,"Frozen Rack 23, Level: B, Position # 007 -  Front"
F23B008,Frozen,F23,"Frozen Rack 23, Level: B, Position # 008 -  Back"
F23B009,Frozen,F23,"Frozen Rack 23, Level: B, Position # 009 -  Front"
F23B011,Frozen,F23,"Frozen Rack 23, Level: B, Position # 011 -  Front"
F23B019,Frozen,F23,"Frozen Rack 23, Level: B, Position # 019 -  Front"
F23B020,Frozen,F23,"Frozen Rack 23, Level: B, Position # 020 -  Back"
F23B021,Frozen,F23,"Frozen Rack 23, Level: B, Position # 021 -  Front"
F23B022,Frozen,F23,"Frozen Rack 23, Level: B, Position # 022 -  Back"
F23B023,Frozen,F23,"Frozen Rack 23, Level: B, Position # 023 -  Front"
F23B024,Frozen,F23,"Frozen Rack 23, Level: B, Position # 024 -  Back"
F23B025,Frozen,F23,"Frozen Rack 23, Level: B, Position # 025 -  Front"
F23B026,Frozen,F23,"Frozen Rack 23, Level: B, Position # 026 -  Back"
F23B027,Frozen,F23,"Frozen Rack 23, Level: B, Position # 027 -  Front"
F23B028,Frozen,F23,"Frozen Rack 23, Level: B, Position # 028 -  Back"
F23B029,Frozen,F23,"Frozen Rack 23, Level: B, Position # 029 -  Front"
F23B030,Frozen,F23,"Frozen Rack 23, Level: B, Position # 030 -  Back"
F23B031,Frozen,F23,"Frozen Rack 23, Level: B, Position # 031 -  Front"
F23B032,Frozen,F23,"Frozen Rack 23, Level: B, Position # 032 -  Back"
F23B033,Frozen,F23,"Frozen Rack 23, Level: B, Position # 033 -  Front"
F23B034,Frozen,F23,"Frozen Rack 23, Level: B, Position # 034 -  Back"
F23B035,Frozen,F23,"Frozen Rack 23, Level: B, Position # 035 -  Front"
F23B036,Frozen,F23,"Frozen Rack 23, Level: B, Position # 036 -  Back"
F23B037,Frozen,F23,"Frozen Rack 23, Level: B, Position # 037 -  Front"
F23B038,Frozen,F23,"Frozen Rack 23, Level: B, Position # 038 -  Back"
F23B039,Frozen,F23,"Frozen Rack 23, Level: B, Position # 039 -  Front"
F23B040,Frozen,F23,"Frozen Rack 23, Level: B, Position # 040 -  Back"
F23B041,Frozen,F23,"Frozen Rack 23, Level: B, Position # 041 -  Front"
F23B042,Frozen,F23,"Frozen Rack 23, Level: B, Position # 042 -  Back"
F23B043,Frozen,F23,"Frozen Rack 23, Level: B, Position # 043 -  Front"
F23B044,Frozen,F23,"Frozen Rack 23, Level: B, Position # 044 -  Back"
F23B045,Frozen,F23,"Frozen Rack 23, Level: B, Position # 045 -  Front"
F23B046,Frozen,F23,"Frozen Rack 23, Level: B, Position # 046 -  Back"
F23B047,Frozen,F23,"Frozen Rack 23, Level: B, Position # 047 -  Front"
F23B048,Frozen,F23,"Frozen Rack 23, Level: B, Position # 048 -  Back"
F23B049,Frozen,F23,"Frozen Rack 23, Level: B, Position # 049 -  Front"
F23B050,Frozen,F23,"Frozen Rack 23, Level: B, Position # 050 -  Back"
F23B051,Frozen,F23,"Frozen Rack 23, Level: B, Position # 051 -  Front"
F23B052,Frozen,F23,"Frozen Rack 23, Level: B, Position # 052 -  Back"
F23B053,Frozen,F23,"Frozen Rack 23, Level: B, Position # 053 -  Front"
F23B054,Frozen,F23,"Frozen Rack 23, Level: B, Position # 054 -  Back"
F23B061,Frozen,F23,"Frozen Rack 23, Level: B, Position # 061 -  Front"
F23B062,Frozen,F23,"Frozen Rack 23, Level: B, Position # 062 -  Back"
F23B063,Frozen,F23,"Frozen Rack 23, Level: B, Position # 063 -  Front"
F23B064,Frozen,F23,"Frozen Rack 23, Level: B, Position # 064 -  Back"
F23B065,Frozen,F23,"Frozen Rack 23, Level: B, Position # 065 -  Front"
F23B066,Frozen,F23,"Frozen Rack 23, Level: B, Position # 066 -  Back"
F23B067,Frozen,F23,"Frozen Rack 23, Level: B, Position # 067 -  Front"
F23B068,Frozen,F23,"Frozen Rack 23, Level: B, Position # 068 -  Back"
F23B069,Frozen,F23,"Frozen Rack 23, Level: B, Position # 069 -  Front"
F23B070,Frozen,F23,"Frozen Rack 23, Level: B, Position # 070 -  Back"
F23B071,Frozen,F23,"Frozen Rack 23, Level: B, Position # 071 -  Front"
F23B072,Frozen,F23,"Frozen Rack 23, Level: B, Position # 072 -  Back"
F23B073,Frozen,F23,"Frozen Rack 23, Level: B, Position # 073 -  Front"
F23B074,Frozen,F23,"Frozen Rack 23, Level: B, Position # 074 -  Back"
F23B075,Frozen,F23,"Frozen Rack 23, Level: B, Position # 075 -  Front"
F23B076,Frozen,F23,"Frozen Rack 23, Level: B, Position # 076 -  Back"
F23B077,Frozen,F23,"Frozen Rack 23, Level: B, Position # 077 -  Front"
F23B078,Frozen,F23,"Frozen Rack 23, Level: B, Position # 078 -  Back"
F23B079,Frozen,F23,"Frozen Rack 23, Level: B, Position # 079 -  Front"
F23B080,Frozen,F23,"Frozen Rack 23, Level: B, Position # 080 -  Back"
F23B081,Frozen,F23,"Frozen Rack 23, Level: B, Position # 081 -  Front"
F23B082,Frozen,F23,"Frozen Rack 23, Level: B, Position # 082 -  Back"
F23B083,Frozen,F23,"Frozen Rack 23, Level: B, Position # 083 -  Front"
F23B084,Frozen,F23,"Frozen Rack 23, Level: B, Position # 084 -  Back"
F23B085,Frozen,F23,"Frozen Rack 23, Level: B, Position # 085 -  Front"
F23B086,Frozen,F23,"Frozen Rack 23, Level: B, Position # 086 -  Back"
F23B087,Frozen,F23,"Frozen Rack 23, Level: B, Position # 087 -  Front"
F23B088,Frozen,F23,"Frozen Rack 23, Level: B, Position # 088 -  Back"
F23B089,Frozen,F23,"Frozen Rack 23, Level: B, Position # 089 -  Front"
F23B090,Frozen,F23,"Frozen Rack 23, Level: B, Position # 090 -  Back"
F23B091,Frozen,F23,"Frozen Rack 23, Level: B, Position # 091 -  Front"
F23B092,Frozen,F23,"Frozen Rack 23, Level: B, Position # 092 -  Back"
F23B093,Frozen,F23,"Frozen Rack 23, Level: B, Position # 093 -  Front"
F23B094,Frozen,F23,"Frozen Rack 23, Level: B, Position # 094 -  Back"
F23B095,Frozen,F23,"Frozen Rack 23, Level: B, Position # 095 -  Front"
F23B096,Frozen,F23,"Frozen Rack 23, Level: B, Position # 096 -  Back"
F23C001,Frozen,F23,"Frozen Rack 23, Level: C, Position # 001 -  Front"
F23C003,Frozen,F23,"Frozen Rack 23, Level: C, Position # 003 -  Front"
F23C005,Frozen,F23,"Frozen Rack 23, Level: C, Position # 005 -  Front"
F23C008,Frozen,F23,"Frozen Rack 23, Level: C, Position # 008 -  Back"
F23C009,Frozen,F23,"Frozen Rack 23, Level: C, Position # 009 -  Front"
F23C013,Frozen,F23,"Frozen Rack 23 , Level: C, Position # 013 - Front"
F23C015,Frozen,F23,"Frozen Rack 23 , Level: C, Position # 015 - Front"
F23C018,Frozen,F23,"Frozen Rack 23 , Level: C, Position # 018 - Back"
F23C021,Frozen,F23,"Frozen Rack 23, Level: C, Position # 021 -  Front"
F23C022,Frozen,F23,"Frozen Rack 23, Level: C, Position # 022 -  Back"
F23C023,Frozen,F23,"Frozen Rack 23, Level: C, Position # 023 -  Front"
F23C024,Frozen,F23,"Frozen Rack 23, Level: C, Position # 024 -  Back"
F23C025,Frozen,F23,"Frozen Rack 23, Level: C, Position # 025 -  Front"
F23C026,Frozen,F23,"Frozen Rack 23, Level: C, Position # 026 -  Back"
F23C027,Frozen,F23,"Frozen Rack 23, Level: C, Position # 027 -  Front"
F23C028,Frozen,F23,"Frozen Rack 23, Level: C, Position # 028 -  Back"
F23C029,Frozen,F23,"Frozen Rack 23, Level: C, Position # 029 -  Front"
F23C030,Frozen,F23,"Frozen Rack 23, Level: C, Position # 030 -  Back"
F23C031,Frozen,F23,"Frozen Rack 23, Level: C, Position # 031 -  Front"
F23C032,Frozen,F23,"Frozen Rack 23, Level: C, Position # 032 -  Back"
F23C033,Frozen,F23,"Frozen Rack 23, Level: C, Position # 033 -  Front"
F23C034,Frozen,F23,"Frozen Rack 23, Level: C, Position # 034 -  Back"
F23C035,Frozen,F23,"Frozen Rack 23, Level: C, Position # 035 -  Front"
F23C036,Frozen,F23,"Frozen Rack 23, Level: C, Position # 036 -  Back"
F23C037,Frozen,F23,"Frozen Rack 23, Level: C, Position # 037 -  Front"
F23C038,Frozen,F23,"Frozen Rack 23, Level: C, Position # 038 -  Back"
F23C039,Frozen,F23,"Frozen Rack 23, Level: C, Position # 039 -  Front"
F23C040,Frozen,F23,"Frozen Rack 23, Level: C, Position # 040 -  Back"
F23C041,Frozen,F23,"Frozen Rack 23, Level: C, Position # 041 -  Front"
F23C042,Frozen,F23,"Frozen Rack 23, Level: C, Position # 042 -  Back"
F23C043,Frozen,F23,"Frozen Rack 23, Level: C, Position # 043 -  Front"
F23C044,Frozen,F23,"Frozen Rack 23, Level: C, Position # 044 -  Back"
F23C045,Frozen,F23,"Frozen Rack 23, Level: C, Position # 045 -  Front"
F23C046,Frozen,F23,"Frozen Rack 23, Level: C, Position # 046 -  Back"
F23C047,Frozen,F23,"Frozen Rack 23, Level: C, Position # 047 -  Front"
F23C048,Frozen,F23,"Frozen Rack 23, Level: C, Position # 048 -  Back"
F23C049,Frozen,F23,"Frozen Rack 23, Level: C, Position # 049 -  Front"
F23C050,Frozen,F23,"Frozen Rack 23, Level: C, Position # 050 -  Back"
F23C051,Frozen,F23,"Frozen Rack 23, Level: C, Position # 051 -  Front"
F23C052,Frozen,F23,"Frozen Rack 23, Level: C, Position # 052 -  Back"
F23C053,Frozen,F23,"Frozen Rack 23, Level: C, Position # 053 -  Front"
F23C054,Frozen,F23,"Frozen Rack 23, Level: C, Position # 054 -  Back"
F23C055,Frozen,F23,"Frozen Rack 23 , Level: C, Position # 055 - Front"
F23C056,Frozen,F23,"Frozen Rack 23 , Level: C, Position # 056 - Back"
F23C057,Frozen,F23,"Frozen Rack 23 , Level: C, Position # 057 - Front"
F23C058,Frozen,F23,"Frozen Rack 23 , Level: C, Position # 058 - Back"
F23C059,Frozen,F23,"Frozen Rack 23 , Level: C, Position # 059 - Front"
F23C060,Frozen,F23,"Frozen Rack 23 , Level: C, Position # 060 - Back"
F23C061,Frozen,F23,"Frozen Rack 23, Level: C, Position # 061 -  Front"
F23C062,Frozen,F23,"Frozen Rack 23, Level: C, Position # 062 -  Back"
F23C063,Frozen,F23,"Frozen Rack 23, Level: C, Position # 063 -  Front"
F23C064,Frozen,F23,"Frozen Rack 23, Level: C, Position # 064 -  Back"
F23C065,Frozen,F23,"Frozen Rack 23, Level: C, Position # 065 -  Front"
F23C066,Frozen,F23,"Frozen Rack 23, Level: C, Position # 066 -  Back"
F23C067,Frozen,F23,"Frozen Rack 23, Level: C, Position # 067 -  Front"
F23C068,Frozen,F23,"Frozen Rack 23, Level: C, Position # 068 -  Back"
F23C069,Frozen,F23,"Frozen Rack 23, Level: C, Position # 069 -  Front"
F23C070,Frozen,F23,"Frozen Rack 23, Level: C, Position # 070 -  Back"
F23C071,Frozen,F23,"Frozen Rack 23, Level: C, Position # 071 -  Front"
F23C072,Frozen,F23,"Frozen Rack 23, Level: C, Position # 072 -  Back"
F23C073,Frozen,F23,"Frozen Rack 23, Level: C, Position # 073 -  Front"
F23C074,Frozen,F23,"Frozen Rack 23, Level: C, Position # 074 -  Back"
F23C075,Frozen,F23,"Frozen Rack 23, Level: C, Position # 075 -  Front"
F23C076,Frozen,F23,"Frozen Rack 23, Level: C, Position # 076 -  Back"
F23C077,Frozen,F23,"Frozen Rack 23, Level: C, Position # 077 -  Front"
F23C078,Frozen,F23,"Frozen Rack 23, Level: C, Position # 078 -  Back"
F23C079,Frozen,F23,"Frozen Rack 23, Level: C, Position # 079 -  Front"
F23C080,Frozen,F23,"Frozen Rack 23, Level: C, Position # 080 -  Back"
F23C081,Frozen,F23,"Frozen Rack 23, Level: C, Position # 081 -  Front"
F23C082,Frozen,F23,"Frozen Rack 23, Level: C, Position # 082 -  Back"
F23C083,Frozen,F23,"Frozen Rack 23, Level: C, Position # 083 -  Front"
F23C084,Frozen,F23,"Frozen Rack 23, Level: C, Position # 084 -  Back"
F23C085,Frozen,F23,"Frozen Rack 23, Level: C, Position # 085 -  Front"
F23C086,Frozen,F23,"Frozen Rack 23, Level: C, Position # 086 -  Back"
F23C087,Frozen,F23,"Frozen Rack 23, Level: C, Position # 087 -  Front"
F23C088,Frozen,F23,"Frozen Rack 23, Level: C, Position # 088 -  Back"
F23C089,Frozen,F23,"Frozen Rack 23, Level: C, Position # 089 -  Front"
F23C090,Frozen,F23,"Frozen Rack 23, Level: C, Position # 090 -  Back"
F23C091,Frozen,F23,"Frozen Rack 23, Level: C, Position # 091 -  Front"
F23C092,Frozen,F23,"Frozen Rack 23, Level: C, Position # 092 -  Back"
F23C093,Frozen,F23,"Frozen Rack 23, Level: C, Position # 093 -  Front"
F23C094,Frozen,F23,"Frozen Rack 23, Level: C, Position # 094 -  Back"
F23C095,Frozen,F23,"Frozen Rack 23, Level: C, Position # 095 -  Front"
F23C096,Frozen,F23,"Frozen Rack 23, Level: C, Position # 096 -  Back"
F23D019,Frozen,F23,"Frozen Rack 23, Level: D, Position # 019 -  Front"
F23D021,Frozen,F23,"Frozen Rack 23, Level: D, Position # 021 -  Front"
F23D022,Frozen,F23,"Frozen Rack 23, Level: D, Position # 022 -  Back"
F23D023,Frozen,F23,"Frozen Rack 23, Level: D, Position # 023 -  Front"
F23D024,Frozen,F23,"Frozen Rack 23, Level: D, Position # 024 -  Back"
F23D025,Frozen,F23,"Frozen Rack 23, Level: D, Position # 025 -  Front"
F23D026,Frozen,F23,"Frozen Rack 23, Level: D, Position # 026 -  Back"
F23D027,Frozen,F23,"Frozen Rack 23, Level: D, Position # 027 -  Front"
F23D028,Frozen,F23,"Frozen Rack 23, Level: D, Position # 028 -  Back"
F23D029,Frozen,F23,"Frozen Rack 23, Level: D, Position # 029 -  Front"
F23D030,Frozen,F23,"Frozen Rack 23, Level: D, Position # 030 -  Back"
F23D031,Frozen,F23,"Frozen Rack 23, Level: D, Position # 031 -  Front"
F23D032,Frozen,F23,"Frozen Rack 23, Level: D, Position # 032 -  Back"
F23D033,Frozen,F23,"Frozen Rack 23, Level: D, Position # 033 -  Front"
F23D034,Frozen,F23,"Frozen Rack 23, Level: D, Position # 034 -  Back"
F23D035,Frozen,F23,"Frozen Rack 23, Level: D, Position # 035 -  Front"
F23D036,Frozen,F23,"Frozen Rack 23, Level: D, Position # 036 -  Back"
F23D037,Frozen,F23,"Frozen Rack 23, Level: D, Position # 037 -  Front"
F23D038,Frozen,F23,"Frozen Rack 23, Level: D, Position # 038 -  Back"
F23D039,Frozen,F23,"Frozen Rack 23, Level: D, Position # 039 -  Front"
F23D040,Frozen,F23,"Frozen Rack 23, Level: D, Position # 040 -  Back"
F23D041,Frozen,F23,"Frozen Rack 23, Level: D, Position # 041 -  Front"
F23D042,Frozen,F23,"Frozen Rack 23, Level: D, Position # 042 -  Back"
F23D043,Frozen,F23,"Frozen Rack 23, Level: D, Position # 043 -  Front"
F23D044,Frozen,F23,"Frozen Rack 23, Level: D, Position # 044 -  Back"
F23D045,Frozen,F23,"Frozen Rack 23, Level: D, Position # 045 -  Front"
F23D046,Frozen,F23,"Frozen Rack 23, Level: D, Position # 046 -  Back"
F23D047,Frozen,F23,"Frozen Rack 23, Level: D, Position # 047 -  Front"
F23D048,Frozen,F23,"Frozen Rack 23, Level: D, Position # 048 -  Back"
F23D049,Frozen,F23,"Frozen Rack 23, Level: D, Position # 049 -  Front"
F23D050,Frozen,F23,"Frozen Rack 23, Level: D, Position # 050 -  Back"
F23D051,Frozen,F23,"Frozen Rack 23, Level: D, Position # 051 -  Front"
F23D052,Frozen,F23,"Frozen Rack 23, Level: D, Position # 052 -  Back"
F23D053,Frozen,F23,"Frozen Rack 23, Level: D, Position # 053 -  Front"
F23D054,Frozen,F23,"Frozen Rack 23, Level: D, Position # 054 -  Back"
F23D055,Frozen,F23,"Frozen Rack 23, Level: D, Position # 055 -  Front"
F23D056,Frozen,F23,"Frozen Rack 23, Level: D, Position # 056 -  Back"
F23D057,Frozen,F23,"Frozen Rack 23, Level: D, Position # 057 -  Front"
F23D058,Frozen,F23,"Frozen Rack 23, Level: D, Position # 058 -  Back"
F23D059,Frozen,F23,"Frozen Rack 23, Level: D, Position # 059 -  Front"
F23D060,Frozen,F23,"Frozen Rack 23, Level: D, Position # 060 -  Back"
F23D061,Frozen,F23,"Frozen Rack 23, Level: D, Position # 061 -  Front"
F23D062,Frozen,F23,"Frozen Rack 23, Level: D, Position # 062 -  Back"
F23D063,Frozen,F23,"Frozen Rack 23, Level: D, Position # 063 -  Front"
F23D064,Frozen,F23,"Frozen Rack 23, Level: D, Position # 064 -  Back"
F23D065,Frozen,F23,"Frozen Rack 23, Level: D, Position # 065 -  Front"
F23D066,Frozen,F23,"Frozen Rack 23, Level: D, Position # 066 -  Back"
F23D067,Frozen,F23,"Frozen Rack 23, Level: D, Position # 067 -  Front"
F23D068,Frozen,F23,"Frozen Rack 23, Level: D, Position # 068 -  Back"
F23D069,Frozen,F23,"Frozen Rack 23, Level: D, Position # 069 -  Front"
F23D070,Frozen,F23,"Frozen Rack 23, Level: D, Position # 070 -  Back"
F23D071,Frozen,F23,"Frozen Rack 23, Level: D, Position # 071 -  Front"
F23D072,Frozen,F23,"Frozen Rack 23, Level: D, Position # 072 -  Back"
F23D073,Frozen,F23,"Frozen Rack 23, Level: D, Position # 073 -  Front"
F23D074,Frozen,F23,"Frozen Rack 23, Level: D, Position # 074 -  Back"
F23D075,Frozen,F23,"Frozen Rack 23, Level: D, Position # 075 -  Front"
F23D076,Frozen,F23,"Frozen Rack 23, Level: D, Position # 076 -  Back"
F23D077,Frozen,F23,"Frozen Rack 23, Level: D, Position # 077 -  Front"
F23D078,Frozen,F23,"Frozen Rack 23, Level: D, Position # 078 -  Back"
F23D079,Frozen,F23,"Frozen Rack 23, Level: D, Position # 079 -  Front"
F23D080,Frozen,F23,"Frozen Rack 23, Level: D, Position # 080 -  Back"
F23D081,Frozen,F23,"Frozen Rack 23, Level: D, Position # 081 -  Front"
F23D082,Frozen,F23,"Frozen Rack 23, Level: D, Position # 082 -  Back"
F23D083,Frozen,F23,"Frozen Rack 23, Level: D, Position # 083 -  Front"
F23D084,Frozen,F23,"Frozen Rack 23, Level: D, Position # 084 -  Back"
F23D085,Frozen,F23,"Frozen Rack 23, Level: D, Position # 085 -  Front"
F23D086,Frozen,F23,"Frozen Rack 23, Level: D, Position # 086 -  Back"
F23D087,Frozen,F23,"Frozen Rack 23, Level: D, Position # 087 -  Front"
F23D088,Frozen,F23,"Frozen Rack 23, Level: D, Position # 088 -  Back"
F23D089,Frozen,F23,"Frozen Rack 23, Level: D, Position # 089 -  Front"
F23D090,Frozen,F23,"Frozen Rack 23, Level: D, Position # 090 -  Back"
F23D091,Frozen,F23,"Frozen Rack 23, Level: D, Position # 091 -  Front"
F23D092,Frozen,F23,"Frozen Rack 23, Level: D, Position # 092 -  Back"
F23D093,Frozen,F23,"Frozen Rack 23, Level: D, Position # 093 -  Front"
F23D094,Frozen,F23,"Frozen Rack 23, Level: D, Position # 094 -  Back"
F23D095,Frozen,F23,"Frozen Rack 23, Level: D, Position # 095 -  Front"
F23D096,Frozen,F23,"Frozen Rack 23, Level: D, Position # 096 -  Back"
F23E021,Frozen,F23,"Frozen Rack 23, Level: E, Position # 021 -  Front"
F23E022,Frozen,F23,"Frozen Rack 23, Level: E, Position # 022 -  Back"
F23E023,Frozen,F23,"Frozen Rack 23, Level: E, Position # 023 -  Front"
F23E024,Frozen,F23,"Frozen Rack 23, Level: E, Position # 024 -  Back"
F23E025,Frozen,F23,"Frozen Rack 23, Level: E, Position # 025 -  Front"
F23E026,Frozen,F23,"Frozen Rack 23, Level: E, Position # 026 -  Back"
F23E027,Frozen,F23,"Frozen Rack 23, Level: E, Position # 027 -  Front"
F23E028,Frozen,F23,"Frozen Rack 23, Level: E, Position # 028 -  Back"
F23E029,Frozen,F23,"Frozen Rack 23, Level: E, Position # 029 -  Front"
F23E030,Frozen,F23,"Frozen Rack 23, Level: E, Position # 030 -  Back"
F23E031,Frozen,F23,"Frozen Rack 23, Level: E, Position # 031 -  Front"
F23E032,Frozen,F23,"Frozen Rack 23, Level: E, Position # 032 -  Back"
F23E033,Frozen,F23,"Frozen Rack 23, Level: E, Position # 033 -  Front"
F23E034,Frozen,F23,"Frozen Rack 23, Level: E, Position # 034 -  Back"
F23E035,Frozen,F23,"Frozen Rack 23, Level: E, Position # 035 -  Front"
F23E036,Frozen,F23,"Frozen Rack 23, Level: E, Position # 036 -  Back"
F23E037,Frozen,F23,"Frozen Rack 23, Level: E, Position # 037 -  Front"
F23E038,Frozen,F23,"Frozen Rack 23, Level: E, Position # 038 -  Back"
F23E039,Frozen,F23,"Frozen Rack 23, Level: E, Position # 039 -  Front"
F23E040,Frozen,F23,"Frozen Rack 23, Level: E, Position # 040 -  Back"
F23E041,Frozen,F23,"Frozen Rack 23, Level: E, Position # 041 -  Front"
F23E042,Frozen,F23,"Frozen Rack 23, Level: E, Position # 042 -  Back"
F23E043,Frozen,F23,"Frozen Rack 23, Level: E, Position # 043 -  Front"
F23E044,Frozen,F23,"Frozen Rack 23, Level: E, Position # 044 -  Back"
F23E045,Frozen,F23,"Frozen Rack 23, Level: E, Position # 045 -  Front"
F23E046,Frozen,F23,"Frozen Rack 23, Level: E, Position # 046 -  Back"
F23E047,Frozen,F23,"Frozen Rack 23, Level: E, Position # 047 -  Front"
F23E048,Frozen,F23,"Frozen Rack 23, Level: E, Position # 048 -  Back"
F23E049,Frozen,F23,"Frozen Rack 23, Level: E, Position # 049 -  Front"
F23E050,Frozen,F23,"Frozen Rack 23, Level: E, Position # 050 -  Back"
F23E051,Frozen,F23,"Frozen Rack 23, Level: E, Position # 051 -  Front"
F23E052,Frozen,F23,"Frozen Rack 23, Level: E, Position # 052 -  Back"
F23E053,Frozen,F23,"Frozen Rack 23, Level: E, Position # 053 -  Front"
F23E054,Frozen,F23,"Frozen Rack 23, Level: E, Position # 054 -  Back"
F23E055,Frozen,F23,"Frozen Rack 23, Level: E, Position # 055 -  Front"
F23E056,Frozen,F23,"Frozen Rack 23, Level: E, Position # 056 -  Back"
F23E057,Frozen,F23,"Frozen Rack 23, Level: E, Position # 057 -  Front"
F23E058,Frozen,F23,"Frozen Rack 23, Level: E, Position # 058 -  Back"
F23E059,Frozen,F23,"Frozen Rack 23, Level: E, Position # 059 -  Front"
F23E060,Frozen,F23,"Frozen Rack 23, Level: E, Position # 060 -  Back"
F23E061,Frozen,F23,"Frozen Rack 23, Level: E, Position # 061 -  Front"
F23E062,Frozen,F23,"Frozen Rack 23, Level: E, Position # 062 -  Back"
F23E063,Frozen,F23,"Frozen Rack 23, Level: E, Position # 063 -  Front"
F23E064,Frozen,F23,"Frozen Rack 23, Level: E, Position # 064 -  Back"
F23E065,Frozen,F23,"Frozen Rack 23, Level: E, Position # 065 -  Front"
F23E066,Frozen,F23,"Frozen Rack 23, Level: E, Position # 066 -  Back"
F23E067,Frozen,F23,"Frozen Rack 23, Level: E, Position # 067 -  Front"
F23E068,Frozen,F23,"Frozen Rack 23, Level: E, Position # 068 -  Back"
F23E069,Frozen,F23,"Frozen Rack 23, Level: E, Position # 069 -  Front"
F23E070,Frozen,F23,"Frozen Rack 23, Level: E, Position # 070 -  Back"
F23E071,Frozen,F23,"Frozen Rack 23, Level: E, Position # 071 -  Front"
F23E072,Frozen,F23,"Frozen Rack 23, Level: E, Position # 072 -  Back"
F23E073,Frozen,F23,"Frozen Rack 23, Level: E, Position # 073 -  Front"
F23E074,Frozen,F23,"Frozen Rack 23, Level: E, Position # 074 -  Back"
F23E075,Frozen,F23,"Frozen Rack 23, Level: E, Position # 075 -  Front"
F23E076,Frozen,F23,"Frozen Rack 23, Level: E, Position # 076 -  Back"
F23E077,Frozen,F23,"Frozen Rack 23, Level: E, Position # 077 -  Front"
F23E078,Frozen,F23,"Frozen Rack 23, Level: E, Position # 078 -  Back"
F23E079,Frozen,F23,"Frozen Rack 23, Level: E, Position # 079 -  Front"
F23E080,Frozen,F23,"Frozen Rack 23, Level: E, Position # 080 -  Back"
F23E081,Frozen,F23,"Frozen Rack 23, Level: E, Position # 081 -  Front"
F23E082,Frozen,F23,"Frozen Rack 23, Level: E, Position # 082 -  Back"
F23E083,Frozen,F23,"Frozen Rack 23, Level: E, Position # 083 -  Front"
F23E084,Frozen,F23,"Frozen Rack 23, Level: E, Position # 084 -  Back"
F23E085,Frozen,F23,"Frozen Rack 23, Level: E, Position # 085 -  Front"
F23E086,Frozen,F23,"Frozen Rack 23, Level: E, Position # 086 -  Back"
F23E087,Frozen,F23,"Frozen Rack 23, Level: E, Position # 087 -  Front"
F23E088,Frozen,F23,"Frozen Rack 23, Level: E, Position # 088 -  Back"
F23E089,Frozen,F23,"Frozen Rack 23, Level: E, Position # 089 -  Front"
F23E090,Frozen,F23,"Frozen Rack 23, Level: E, Position # 090 -  Back"
F23E091,Frozen,F23,"Frozen Rack 23, Level: E, Position # 091 -  Front"
F23E092,Frozen,F23,"Frozen Rack 23, Level: E, Position # 092 -  Back"
F23E093,Frozen,F23,"Frozen Rack 23, Level: E, Position # 093 -  Front"
F23E094,Frozen,F23,"Frozen Rack 23, Level: E, Position # 094 -  Back"
F23E095,Frozen,F23,"Frozen Rack 23, Level: E, Position # 095 -  Front"
F23E096,Frozen,F23,"Frozen Rack 23, Level: E, Position # 096 -  Back"
F24A065,Frozen,F24,"Frozen Rack 24, Level: A, Position # 065 -  Front"
F24A066,Frozen,F24,"Frozen Rack 24, Level: A, Position # 066 -  Back"
F24A067,Frozen,F24,"Frozen Rack 24, Level: A, Position # 067 -  Front"
F24A068,Frozen,F24,"Frozen Rack 24, Level: A, Position # 068 -  Back"
F24A069,Frozen,F24,"Frozen Rack 24, Level: A, Position # 069 -  Front"
F24A070,Frozen,F24,"Frozen Rack 24, Level: A, Position # 070 -  Back"
F24A071,Frozen,F24,"Frozen Rack 24, Level: A, Position # 071 -  Front"
F24A072,Frozen,F24,"Frozen Rack 24, Level: A, Position # 072 -  Back"
F24A073,Frozen,F24,"Frozen Rack 24, Level: A, Position # 073 -  Front"
F24A074,Frozen,F24,"Frozen Rack 24, Level: A, Position # 074 -  Back"
F24A075,Frozen,F24,"Frozen Rack 24, Level: A, Position # 075 -  Front"
F24A076,Frozen,F24,"Frozen Rack 24, Level: A, Position # 076 -  Back"
F24A077,Frozen,F24,"Frozen Rack 24, Level: A, Position # 077 -  Front"
F24A078,Frozen,F24,"Frozen Rack 24, Level: A, Position # 078 -  Back"
F24A079,Frozen,F24,"Frozen Rack 24, Level: A, Position # 079 -  Front"
F24A080,Frozen,F24,"Frozen Rack 24, Level: A, Position # 080 -  Back"
F24A081,Frozen,F24,"Frozen Rack 24, Level: A, Position # 081 -  Front"
F24A082,Frozen,F24,"Frozen Rack 24, Level: A, Position # 082 -  Back"
F24A083,Frozen,F24,"Frozen Rack 24, Level: A, Position # 083 -  Front"
F24A084,Frozen,F24,"Frozen Rack 24, Level: A, Position # 084 -  Back"
F24A085,Frozen,F24,"Frozen Rack 24, Level: A, Position # 085 -  Front"
F24A086,Frozen,F24,"Frozen Rack 24, Level: A, Position # 086 -  Back"
F24A087,Frozen,F24,"Frozen Rack 24, Level: A, Position # 087 -  Front"
F24A088,Frozen,F24,"Frozen Rack 24, Level: A, Position # 088 -  Back"
F24A089,Frozen,F24,"Frozen Rack 24, Level: A, Position # 089 -  Front"
F24A090,Frozen,F24,"Frozen Rack 24, Level: A, Position # 090 -  Back"
F24A091,Frozen,F24,"Frozen Rack 24, Level: A, Position # 091 -  Front"
F24A092,Frozen,F24,"Frozen Rack 24, Level: A, Position # 092 -  Back"
F24A093,Frozen,F24,"Frozen Rack 24, Level: A, Position # 093 -  Front"
F24A094,Frozen,F24,"Frozen Rack 24, Level: A, Position # 094 -  Back"
F24A095,Frozen,F24,"Frozen Rack 24, Level: A, Position # 095 -  Front"
F24A096,Frozen,F24,"Frozen Rack 24, Level: A, Position # 096 -  Back"
F24A097,Frozen,F24,"Frozen Rack 24, Level: A, Position # 097 -  Front"
F24A098,Frozen,F24,"Frozen Rack 24, Level: A, Position # 098 -  Back"
F24A099,Frozen,F24,"Frozen Rack 24, Level: A, Position # 099 -  Front"
F24A100,Frozen,F24,"Frozen Rack 24, Level: A, Position # 100 -  Back"
F24A101,Frozen,F24,"Frozen Rack 24, Level: A, Position # 101 -  Front"
F24A102,Frozen,F24,"Frozen Rack 24, Level: A, Position # 102 -  Back"
F24A103,Frozen,F24,"Frozen Rack 24, Level: A, Position # 103 -  Front"
F24A104,Frozen,F24,"Frozen Rack 24, Level: A, Position # 104 -  Back"
F24B001,Frozen,F24,"Frozen Rack 24, Level: B, Position # 001 -  Front"
F24B002,Frozen,F24,"Frozen Rack 24, Level: B, Position # 002 -  Back"
F24B003,Frozen,F24,"Frozen Rack 24, Level: B, Position # 003 -  Front"
F24B004,Frozen,F24,"Frozen Rack 24, Level: B, Position # 004 -  Back"
F24B005,Frozen,F24,"Frozen Rack 24, Level: B, Position # 005 -  Front"
F24B045,Frozen,F24,"Frozen Rack 24, Level: B, Position # 045 -  Front"
F24B046,Frozen,F24,"Frozen Rack 24, Level: B, Position # 046 -  Back"
F24B047,Frozen,F24,"Frozen Rack 24, Level: B, Position # 047 -  Front"
F24B048,Frozen,F24,"Frozen Rack 24, Level: B, Position # 048 -  Back"
F24B049,Frozen,F24,"Frozen Rack 24, Level: B, Position # 049 -  Front"
F24B050,Frozen,F24,"Frozen Rack 24, Level: B, Position # 050 -  Back"
F24B051,Frozen,F24,"Frozen Rack 24, Level: B, Position # 051 -  Front"
F24B052,Frozen,F24,"Frozen Rack 24, Level: B, Position # 052 -  Back"
F24B053,Frozen,F24,"Frozen Rack 24, Level: B, Position # 053 -  Front"
F24B054,Frozen,F24,"Frozen Rack 24, Level: B, Position # 054 -  Back"
F24B055,Frozen,F24,"Frozen Rack 24, Level: B, Position # 055 -  Front"
F24B056,Frozen,F24,"Frozen Rack 24, Level: B, Position # 056 -  Back"
F24B057,Frozen,F24,"Frozen Rack 24, Level: B, Position # 057 -  Front"
F24B058,Frozen,F24,"Frozen Rack 24, Level: B, Position # 058 -  Back"
F24B059,Frozen,F24,"Frozen Rack 24, Level: B, Position # 059 -  Front"
F24B060,Frozen,F24,"Frozen Rack 24, Level: B, Position # 060 -  Back"
F24B061,Frozen,F24,"Frozen Rack 24, Level: B, Position # 061 -  Front"
F24B062,Frozen,F24,"Frozen Rack 24, Level: B, Position # 062 -  Back"
F24B063,Frozen,F24,"Frozen Rack 24, Level: B, Position # 063 -  Front"
F24B064,Frozen,F24,"Frozen Rack 24, Level: B, Position # 064 -  Back"
F24B065,Frozen,F24,"Frozen Rack 24, Level: B, Position # 065 -  Front"
F24B066,Frozen,F24,"Frozen Rack 24, Level: B, Position # 066 -  Back"
F24B067,Frozen,F24,"Frozen Rack 24, Level: B, Position # 067 -  Front"
F24B068,Frozen,F24,"Frozen Rack 24, Level: B, Position # 068 -  Back"
F24B069,Frozen,F24,"Frozen Rack 24, Level: B, Position # 069 -  Front"
F24B070,Frozen,F24,"Frozen Rack 24, Level: B, Position # 070 -  Back"
F24B071,Frozen,F24,"Frozen Rack 24, Level: B, Position # 071 -  Front"
F24B072,Frozen,F24,"Frozen Rack 24, Level: B, Position # 072 -  Back"
F24B073,Frozen,F24,"Frozen Rack 24, Level: B, Position # 073 -  Front"
F24B074,Frozen,F24,"Frozen Rack 24, Level: B, Position # 074 -  Back"
F24B075,Frozen,F24,"Frozen Rack 24, Level: B, Position # 075 -  Front"
F24B076,Frozen,F24,"Frozen Rack 24, Level: B, Position # 076 -  Back"
F24B077,Frozen,F24,"Frozen Rack 24, Level: B, Position # 077 -  Front"
F24B078,Frozen,F24,"Frozen Rack 24, Level: B, Position # 078 -  Back"
F24B079,Frozen,F24,"Frozen Rack 24, Level: B, Position # 079 -  Front"
F24B080,Frozen,F24,"Frozen Rack 24, Level: B, Position # 080 -  Back"
F24B081,Frozen,F24,"Frozen Rack 24, Level: B, Position # 081 -  Front"
F24B082,Frozen,F24,"Frozen Rack 24, Level: B, Position # 082 -  Back"
F24B083,Frozen,F24,"Frozen Rack 24, Level: B, Position # 083 -  Front"
F24B084,Frozen,F24,"Frozen Rack 24, Level: B, Position # 084 -  Back"
F24B085,Frozen,F24,"Frozen Rack 24, Level: B, Position # 085 -  Front"
F24B086,Frozen,F24,"Frozen Rack 24, Level: B, Position # 086 -  Back"
F24B087,Frozen,F24,"Frozen Rack 24, Level: B, Position # 087 -  Front"
F24B088,Frozen,F24,"Frozen Rack 24, Level: B, Position # 088 -  Back"
F24B089,Frozen,F24,"Frozen Rack 24, Level: B, Position # 089 -  Front"
F24B090,Frozen,F24,"Frozen Rack 24, Level: B, Position # 090 -  Back"
F24B091,Frozen,F24,"Frozen Rack 24, Level: B, Position # 091 -  Front"
F24B092,Frozen,F24,"Frozen Rack 24, Level: B, Position # 092 -  Back"
F24B093,Frozen,F24,"Frozen Rack 24, Level: B, Position # 093 -  Front"
F24B094,Frozen,F24,"Frozen Rack 24, Level: B, Position # 094 -  Back"
F24B095,Frozen,F24,"Frozen Rack 24, Level: B, Position # 095 -  Front"
F24B096,Frozen,F24,"Frozen Rack 24, Level: B, Position # 096 -  Back"
F24B097,Frozen,F24,"Frozen Rack 24, Level: B, Position # 097 -  Front"
F24B098,Frozen,F24,"Frozen Rack 24, Level: B, Position # 098 -  Back"
F24B099,Frozen,F24,"Frozen Rack 24, Level: B, Position # 099 -  Front"
F24B100,Frozen,F24,"Frozen Rack 24, Level: B, Position # 100 -  Back"
F24B101,Frozen,F24,"Frozen Rack 24, Level: B, Position # 101 -  Front"
F24B102,Frozen,F24,"Frozen Rack 24, Level: B, Position # 102 -  Back"
F24B103,Frozen,F24,"Frozen Rack 24, Level: B, Position # 103 -  Front"
F24B104,Frozen,F24,"Frozen Rack 24, Level: B, Position # 104 -  Back"
F24C001,Frozen,F24,"Frozen Rack 24, Level: C, Position # 001 -  Front"
F24C002,Frozen,F24,"Frozen Rack 24, Level: C, Position # 002 -  Back"
F24C003,Frozen,F24,"Frozen Rack 24, Level: C, Position # 003 -  Front"
F24C004,Frozen,F24,"Frozen Rack 24, Level: C, Position # 004 -  Back"
F24C005,Frozen,F24,"Frozen Rack 24, Level: C, Position # 005 -  Front"
F24C045,Frozen,F24,"Frozen Rack 24, Level: C, Position # 045 -  Front"
F24C046,Frozen,F24,"Frozen Rack 24, Level: C, Position # 046 -  Back"
F24C047,Frozen,F24,"Frozen Rack 24, Level: C, Position # 047 -  Front"
F24C049,Frozen,F24,"Frozen Rack 24, Level: C, Position # 049 -  Front"
F24C050,Frozen,F24,"Frozen Rack 24, Level: C, Position # 050 -  Back"
F24C051,Frozen,F24,"Frozen Rack 24, Level: C, Position # 051 -  Front"
F24C052,Frozen,F24,"Frozen Rack 24, Level: C, Position # 052 -  Back"
F24C053,Frozen,F24,"Frozen Rack 24, Level: C, Position # 053 -  Front"
F24C054,Frozen,F24,"Frozen Rack 24, Level: C, Position # 054 -  Back"
F24C055,Frozen,F24,"Frozen Rack 24, Level: C, Position # 055 -  Front"
F24C056,Frozen,F24,"Frozen Rack 24, Level: C, Position # 056 -  Back"
F24C057,Frozen,F24,"Frozen Rack 24, Level: C, Position # 057 -  Front"
F24C058,Frozen,F24,"Frozen Rack 24, Level: C, Position # 058 -  Back"
F24C059,Frozen,F24,"Frozen Rack 24, Level: C, Position # 059 -  Front"
F24C060,Frozen,F24,"Frozen Rack 24, Level: C, Position # 060 -  Back"
F24C062,Frozen,F24,"Frozen Rack 24, Level: C, Position # 062 -  Back"
F24C063,Frozen,F24,"Frozen Rack 24, Level: C, Position # 063 -  Front"
F24C064,Frozen,F24,"Frozen Rack 24, Level: C, Position # 064 -  Back"
F24C065,Frozen,F24,"Frozen Rack 24, Level: C, Position # 065 -  Front"
F24C066,Frozen,F24,"Frozen Rack 24, Level: C, Position # 066 -  Back"
F24C067,Frozen,F24,"Frozen Rack 24, Level: C, Position # 067 -  Front"
F24C068,Frozen,F24,"Frozen Rack 24, Level: C, Position # 068 -  Back"
F24C069,Frozen,F24,"Frozen Rack 24, Level: C, Position # 069 -  Front"
F24C070,Frozen,F24,"Frozen Rack 24, Level: C, Position # 070 -  Back"
F24C071,Frozen,F24,"Frozen Rack 24, Level: C, Position # 071 -  Front"
F24C072,Frozen,F24,"Frozen Rack 24, Level: C, Position # 072 -  Back"
F24C073,Frozen,F24,"Frozen Rack 24, Level: C, Position # 073 -  Front"
F24C074,Frozen,F24,"Frozen Rack 24, Level: C, Position # 074 -  Back"
F24C075,Frozen,F24,"Frozen Rack 24, Level: C, Position # 075 -  Front"
F24C076,Frozen,F24,"Frozen Rack 24, Level: C, Position # 076 -  Back"
F24C077,Frozen,F24,"Frozen Rack 24, Level: C, Position # 077 -  Front"
F24C078,Frozen,F24,"Frozen Rack 24, Level: C, Position # 078 -  Back"
F24C079,Frozen,F24,"Frozen Rack 24, Level: C, Position # 079 -  Front"
F24C080,Frozen,F24,"Frozen Rack 24, Level: C, Position # 080 -  Back"
F24C081,Frozen,F24,"Frozen Rack 24, Level: C, Position # 081 -  Front"
F24C082,Frozen,F24,"Frozen Rack 24, Level: C, Position # 082 -  Back"
F24C083,Frozen,F24,"Frozen Rack 24, Level: C, Position # 083 -  Front"
F24C084,Frozen,F24,"Frozen Rack 24, Level: C, Position # 084 -  Back"
F24C085,Frozen,F24,"Frozen Rack 24, Level: C, Position # 085 -  Front"
F24C086,Frozen,F24,"Frozen Rack 24, Level: C, Position # 086 -  Back"
F24C087,Frozen,F24,"Frozen Rack 24, Level: C, Position # 087 -  Front"
F24C088,Frozen,F24,"Frozen Rack 24, Level: C, Position # 088 -  Back"
F24C089,Frozen,F24,"Frozen Rack 24, Level: C, Position # 089 -  Front"
F24C090,Frozen,F24,"Frozen Rack 24, Level: C, Position # 090 -  Back"
F24C091,Frozen,F24,"Frozen Rack 24, Level: C, Position # 091 -  Front"
F24C092,Frozen,F24,"Frozen Rack 24, Level: C, Position # 092 -  Back"
F24C093,Frozen,F24,"Frozen Rack 24, Level: C, Position # 093 -  Front"
F24C094,Frozen,F24,"Frozen Rack 24, Level: C, Position # 094 -  Back"
F24C095,Frozen,F24,"Frozen Rack 24, Level: C, Position # 095 -  Front"
F24C096,Frozen,F24,"Frozen Rack 24, Level: C, Position # 096 -  Back"
F24C097,Frozen,F24,"Frozen Rack 24, Level: C, Position # 097 -  Front"
F24C098,Frozen,F24,"Frozen Rack 24, Level: C, Position # 098 -  Back"
F24C099,Frozen,F24,"Frozen Rack 24, Level: C, Position # 099 -  Front"
F24C100,Frozen,F24,"Frozen Rack 24, Level: C, Position # 100 -  Back"
F24C101,Frozen,F24,"Frozen Rack 24, Level: C, Position # 101 -  Front"
F24C102,Frozen,F24,"Frozen Rack 24, Level: C, Position # 102 -  Back"
F24C103,Frozen,F24,"Frozen Rack 24, Level: C, Position # 103 -  Front"
F24C104,Frozen,F24,"Frozen Rack 24, Level: C, Position # 104 -  Back"
F24D003,Frozen,F24,"Frozen Rack 24, Level: D, Position # 003 -  Front"
F24D005,Frozen,F24,"Frozen Rack 24, Level: D, Position # 005 -  Front"
F24D007,Frozen,F24,"Frozen Rack 24, Level: D, Position # 007 -  Front"
F24D045,Frozen,F24,"Frozen Rack 24, Level: D, Position # 045 -  Front"
F24D049,Frozen,F24,"Frozen Rack 24, Level: D, Position # 049 -  Front"
F24D050,Frozen,F24,"Frozen Rack 24, Level: D, Position # 050 -  Back"
F24D051,Frozen,F24,"Frozen Rack 24, Level: D, Position # 051 -  Front"
F24D052,Frozen,F24,"Frozen Rack 24, Level: D, Position # 052 -  Back"
F24D053,Frozen,F24,"Frozen Rack 24, Level: D, Position # 053 -  Front"
F24D054,Frozen,F24,"Frozen Rack 24, Level: D, Position # 054 -  Back"
F24D055,Frozen,F24,"Frozen Rack 24, Level: D, Position # 055 -  Front"
F24D056,Frozen,F24,"Frozen Rack 24, Level: D, Position # 056 -  Back"
F24D057,Frozen,F24,"Frozen Rack 24, Level: D, Position # 057 -  Front"
F24D058,Frozen,F24,"Frozen Rack 24, Level: D, Position # 058 -  Back"
F24D059,Frozen,F24,"Frozen Rack 24, Level: D, Position # 059 -  Front"
F24D060,Frozen,F24,"Frozen Rack 24, Level: D, Position # 060 -  Back"
F24D061,Frozen,F24,"Frozen Rack 24, Level: D, Position # 061 -  Front"
F24D063,Frozen,F24,"Frozen Rack 24, Level: D, Position # 063 -  Front"
F24D064,Frozen,F24,"Frozen Rack 24, Level: D, Position # 064 -  Back"
F24D065,Frozen,F24,"Frozen Rack 24, Level: D, Position # 065 -  Front"
F24D066,Frozen,F24,"Frozen Rack 24, Level: D, Position # 066 -  Back"
F24D067,Frozen,F24,"Frozen Rack 24, Level: D, Position # 067 -  Front"
F24D068,Frozen,F24,"Frozen Rack 24, Level: D, Position # 068 -  Back"
F24D069,Frozen,F24,"Frozen Rack 24, Level: D, Position # 069 -  Front"
F24D070,Frozen,F24,"Frozen Rack 24, Level: D, Position # 070 -  Back"
F24D071,Frozen,F24,"Frozen Rack 24, Level: D, Position # 071 -  Front"
F24D072,Frozen,F24,"Frozen Rack 24, Level: D, Position # 072 -  Back"
F24D073,Frozen,F24,"Frozen Rack 24, Level: D, Position # 073 -  Front"
F24D074,Frozen,F24,"Frozen Rack 24, Level: D, Position # 074 -  Back"
F24D075,Frozen,F24,"Frozen Rack 24, Level: D, Position # 075 -  Front"
F24D076,Frozen,F24,"Frozen Rack 24, Level: D, Position # 076 -  Back"
F24D077,Frozen,F24,"Frozen Rack 24, Level: D, Position # 077 -  Front"
F24D078,Frozen,F24,"Frozen Rack 24, Level: D, Position # 078 -  Back"
F24D079,Frozen,F24,"Frozen Rack 24, Level: D, Position # 079 -  Front"
F24D080,Frozen,F24,"Frozen Rack 24, Level: D, Position # 080 -  Back"
F24D081,Frozen,F24,"Frozen Rack 24, Level: D, Position # 081 -  Front"
F24D082,Frozen,F24,"Frozen Rack 24, Level: D, Position # 082 -  Back"
F24D083,Frozen,F24,"Frozen Rack 24, Level: D, Position # 083 -  Front"
F24D084,Frozen,F24,"Frozen Rack 24, Level: D, Position # 084 -  Back"
F24D085,Frozen,F24,"Frozen Rack 24, Level: D, Position # 085 -  Front"
F24D086,Frozen,F24,"Frozen Rack 24, Level: D, Position # 086 -  Back"
F24D087,Frozen,F24,"Frozen Rack 24, Level: D, Position # 087 -  Front"
F24D088,Frozen,F24,"Frozen Rack 24, Level: D, Position # 088 -  Back"
F24D089,Frozen,F24,"Frozen Rack 24, Level: D, Position # 089 -  Front"
F24D090,Frozen,F24,"Frozen Rack 24, Level: D, Position # 090 -  Back"
F24D091,Frozen,F24,"Frozen Rack 24, Level: D, Position # 091 -  Front"
F24D092,Frozen,F24,"Frozen Rack 24, Level: D, Position # 092 -  Back"
F24D093,Frozen,F24,"Frozen Rack 24, Level: D, Position # 093 -  Front"
F24D094,Frozen,F24,"Frozen Rack 24, Level: D, Position # 094 -  Back"
F24D095,Frozen,F24,"Frozen Rack 24, Level: D, Position # 095 -  Front"
F24D096,Frozen,F24,"Frozen Rack 24, Level: D, Position # 096 -  Back"
F24D097,Frozen,F24,"Frozen Rack 24, Level: D, Position # 097 -  Front"
F24D098,Frozen,F24,"Frozen Rack 24, Level: D, Position # 098 -  Back"
F24D099,Frozen,F24,"Frozen Rack 24, Level: D, Position # 099 -  Front"
F24D100,Frozen,F24,"Frozen Rack 24, Level: D, Position # 100 -  Back"
F24D101,Frozen,F24,"Frozen Rack 24, Level: D, Position # 101 -  Front"
F24D102,Frozen,F24,"Frozen Rack 24, Level: D, Position # 102 -  Back"
F24D103,Frozen,F24,"Frozen Rack 24, Level: D, Position # 103 -  Front"
F24D104,Frozen,F24,"Frozen Rack 24, Level: D, Position # 104 -  Back"
F24E001,Frozen,F24,"Frozen Rack 24, Level: E, Position # 001 -  Front"
F24E006,Frozen,F24,"Frozen Rack 24, Level: E, Position # 006 -  Back"
F24E045,Frozen,F24,"Frozen Rack 24, Level: E, Position # 045 -  Front"
F24E046,Frozen,F24,"Frozen Rack 24, Level: E, Position # 046 -  Back"
F24E047,Frozen,F24,"Frozen Rack 24, Level: E, Position # 047 -  Front"
F24E049,Frozen,F24,"Frozen Rack 24, Level: E, Position # 049 -  Front"
F24E050,Frozen,F24,"Frozen Rack 24, Level: E, Position # 050 -  Back"
F24E051,Frozen,F24,"Frozen Rack 24, Level: E, Position # 051 -  Front"
F24E052,Frozen,F24,"Frozen Rack 24, Level: E, Position # 052 -  Back"
F24E053,Frozen,F24,"Frozen Rack 24, Level: E, Position # 053 -  Front"
F24E055,Frozen,F24,"Frozen Rack 24, Level: E, Position # 055 -  Front"
F24E058,Frozen,F24,"Frozen Rack 24, Level: E, Position # 058 -  Back"
F24E059,Frozen,F24,"Frozen Rack 24, Level: E, Position # 059 -  Front"
F24E060,Frozen,F24,"Frozen Rack 24, Level: E, Position # 060 -  Back"
F24E061,Frozen,F24,"Frozen Rack 24, Level: E, Position # 061 -  Front"
F24E064,Frozen,F24,"Frozen Rack 24, Level: E, Position # 064 -  Back"
F24E065,Frozen,F24,"Frozen Rack 24, Level: E, Position # 065 -  Front"
F24E066,Frozen,F24,"Frozen Rack 24, Level: E, Position # 066 -  Back"
F24E067,Frozen,F24,"Frozen Rack 24, Level: E, Position # 067 -  Front"
F24E068,Frozen,F24,"Frozen Rack 24, Level: E, Position # 068 -  Back"
F24E069,Frozen,F24,"Frozen Rack 24, Level: E, Position # 069 -  Front"
F24E070,Frozen,F24,"Frozen Rack 24, Level: E, Position # 070 -  Back"
F24E071,Frozen,F24,"Frozen Rack 24, Level: E, Position # 071 -  Front"
F24E072,Frozen,F24,"Frozen Rack 24, Level: E, Position # 072 -  Back"
F24E073,Frozen,F24,"Frozen Rack 24, Level: E, Position # 073 -  Front"
F24E074,Frozen,F24,"Frozen Rack 24, Level: E, Position # 074 -  Back"
F24E075,Frozen,F24,"Frozen Rack 24, Level: E, Position # 075 -  Front"
F24E076,Frozen,F24,"Frozen Rack 24, Level: E, Position # 076 -  Back"
F24E077,Frozen,F24,"Frozen Rack 24, Level: E, Position # 077 -  Front"
F24E078,Frozen,F24,"Frozen Rack 24, Level: E, Position # 078 -  Back"
F24E079,Frozen,F24,"Frozen Rack 24, Level: E, Position # 079 -  Front"
F24E080,Frozen,F24,"Frozen Rack 24, Level: E, Position # 080 -  Back"
F24E081,Frozen,F24,"Frozen Rack 24, Level: E, Position # 081 -  Front"
F24E082,Frozen,F24,"Frozen Rack 24, Level: E, Position # 082 -  Back"
F24E083,Frozen,F24,"Frozen Rack 24, Level: E, Position # 083 -  Front"
F24E084,Frozen,F24,"Frozen Rack 24, Level: E, Position # 084 -  Back"
F24E085,Frozen,F24,"Frozen Rack 24, Level: E, Position # 085 -  Front"
F24E086,Frozen,F24,"Frozen Rack 24, Level: E, Position # 086 -  Back"
F24E087,Frozen,F24,"Frozen Rack 24, Level: E, Position # 087 -  Front"
F24E088,Frozen,F24,"Frozen Rack 24, Level: E, Position # 088 -  Back"
F24E089,Frozen,F24,"Frozen Rack 24, Level: E, Position # 089 -  Front"
F24E090,Frozen,F24,"Frozen Rack 24, Level: E, Position # 090 -  Back"
F24E091,Frozen,F24,"Frozen Rack 24, Level: E, Position # 091 -  Front"
F24E092,Frozen,F24,"Frozen Rack 24, Level: E, Position # 092 -  Back"
F24E093,Frozen,F24,"Frozen Rack 24, Level: E, Position # 093 -  Front"
F24E094,Frozen,F24,"Frozen Rack 24, Level: E, Position # 094 -  Back"
F24E095,Frozen,F24,"Frozen Rack 24, Level: E, Position # 095 -  Front"
F24E096,Frozen,F24,"Frozen Rack 24, Level: E, Position # 096 -  Back"
F24E097,Frozen,F24,"Frozen Rack 24, Level: E, Position # 097 -  Front"
F24E098,Frozen,F24,"Frozen Rack 24, Level: E, Position # 098 -  Back"
F24E099,Frozen,F24,"Frozen Rack 24, Level: E, Position # 099 -  Front"
F24E100,Frozen,F24,"Frozen Rack 24, Level: E, Position # 100 -  Back"
F24E101,Frozen,F24,"Frozen Rack 24, Level: E, Position # 101 -  Front"
F24E102,Frozen,F24,"Frozen Rack 24, Level: E, Position # 102 -  Back"
F24E103,Frozen,F24,"Frozen Rack 24, Level: E, Position # 103 -  Front"
F24E104,Frozen,F24,"Frozen Rack 24, Level: E, Position # 104 -  Back"
F24F003,Frozen,F24,"Frozen Rack 24, Level: F, Position # 003 -  Front"
F24F045,Frozen,F24,"Frozen Rack 24, Level: F, Position # 045 -  Front"
F24F050,Frozen,F24,"Frozen Rack 24, Level: F, Position # 050 -  Back"
F24F055,Frozen,F24,"Frozen Rack 24, Level: F, Position # 055 -  Front"
F24F057,Frozen,F24,"Frozen Rack 24, Level: F, Position # 057 -  Front"
F24F058,Frozen,F24,"Frozen Rack 24, Level: F, Position # 058 -  Back"
F24F059,Frozen,F24,"Frozen Rack 24, Level: F, Position # 059 -  Front"
F24F061,Frozen,F24,"Frozen Rack 24, Level: F, Position # 061 -  Front"
F24F065,Frozen,F24,"Frozen Rack 24, Level: F, Position # 065 -  Front"
F24F066,Frozen,F24,"Frozen Rack 24, Level: F, Position # 066 -  Back"
F24F067,Frozen,F24,"Frozen Rack 24, Level: F, Position # 067 -  Front"
F24F068,Frozen,F24,"Frozen Rack 24, Level: F, Position # 068 -  Back"
F24F069,Frozen,F24,"Frozen Rack 24, Level: F, Position # 069 -  Front"
F24F070,Frozen,F24,"Frozen Rack 24, Level: F, Position # 070 -  Back"
F24F071,Frozen,F24,"Frozen Rack 24, Level: F, Position # 071 -  Front"
F24F072,Frozen,F24,"Frozen Rack 24, Level: F, Position # 072 -  Back"
F24F073,Frozen,F24,"Frozen Rack 24, Level: F, Position # 073 -  Front"
F24F074,Frozen,F24,"Frozen Rack 24, Level: F, Position # 074 -  Back"
F24F075,Frozen,F24,"Frozen Rack 24, Level: F, Position # 075 -  Front"
F24F076,Frozen,F24,"Frozen Rack 24, Level: F, Position # 076 -  Back"
F24F077,Frozen,F24,"Frozen Rack 24, Level: F, Position # 077 -  Front"
F24F078,Frozen,F24,"Frozen Rack 24, Level: F, Position # 078 -  Back"
F24F079,Frozen,F24,"Frozen Rack 24, Level: F, Position # 079 -  Front"
F24F080,Frozen,F24,"Frozen Rack 24, Level: F, Position # 080 -  Back"
F24F081,Frozen,F24,"Frozen Rack 24, Level: F, Position # 081 -  Front"
F24F082,Frozen,F24,"Frozen Rack 24, Level: F, Position # 082 -  Back"
F24F083,Frozen,F24,"Frozen Rack 24, Level: F, Position # 083 -  Front"
F24F084,Frozen,F24,"Frozen Rack 24, Level: F, Position # 084 -  Back"
F24F085,Frozen,F24,"Frozen Rack 24, Level: F, Position # 085 -  Front"
F24F086,Frozen,F24,"Frozen Rack 24, Level: F, Position # 086 -  Back"
F24F087,Frozen,F24,"Frozen Rack 24, Level: F, Position # 087 -  Front"
F24F088,Frozen,F24,"Frozen Rack 24, Level: F, Position # 088 -  Back"
F24F089,Frozen,F24,"Frozen Rack 24, Level: F, Position # 089 -  Front"
F24F090,Frozen,F24,"Frozen Rack 24, Level: F, Position # 090 -  Back"
F24F091,Frozen,F24,"Frozen Rack 24, Level: F, Position # 091 -  Front"
F24F092,Frozen,F24,"Frozen Rack 24, Level: F, Position # 092 -  Back"
F24F093,Frozen,F24,"Frozen Rack 24, Level: F, Position # 093 -  Front"
F24F094,Frozen,F24,"Frozen Rack 24, Level: F, Position # 094 -  Back"
F24F095,Frozen,F24,"Frozen Rack 24, Level: F, Position # 095 -  Front"
F24F096,Frozen,F24,"Frozen Rack 24, Level: F, Position # 096 -  Back"
F24F097,Frozen,F24,"Frozen Rack 24, Level: F, Position # 097 -  Front"
F24F098,Frozen,F24,"Frozen Rack 24, Level: F, Position # 098 -  Back"
F24F099,Frozen,F24,"Frozen Rack 24, Level: F, Position # 099 -  Front"
F24F100,Frozen,F24,"Frozen Rack 24, Level: F, Position # 100 -  Back"
F24F101,Frozen,F24,"Frozen Rack 24, Level: F, Position # 101 -  Front"
F24F102,Frozen,F24,"Frozen Rack 24, Level: F, Position # 102 -  Back"
F24F103,Frozen,F24,"Frozen Rack 24, Level: F, Position # 103 -  Front"
F24F104,Frozen,F24,"Frozen Rack 24, Level: F, Position # 104 -  Back"
FGSHPAL,Staging,STAGING,Finish Goods Short Pallet for Production
FOLDING,Other,AREAS,Folding Boxes
ISABEL,Staging,STAGING,Isabel Staging Bin
KSTRANS,Dock,DOORS,Door for KS Transfer
NIL,System,SYSTEM,Not In Location - for Annual Physical Count ONLY
OUTPUT,Staging,STAGING,Output Finish Goods
PRODSTG,Staging,STAGING,Cold Dock Staging for Production
PRYSTG1,Staging,STAGING,Outbound Staging Priority # 1
PRYSTG10,Staging,STAGING,Outbound Staging Priority # 10
PRYSTG11,Staging,STAGING,Outbound Staging Priority # 11
PRYSTG12,Staging,STAGING,Outbound Staging Priority # 12
PRYSTG13,Staging,STAGING,Outbound Staging Priority # 13
PRYSTG14,Staging,STAGING,Outbound Staging Priority # 14
PRYSTG15,Staging,STAGING,Outbound Staging Priority # 15
PRYSTG2,Staging,STAGING,Outbound Staging Priority # 2
PRYSTG3,Staging,STAGING,Outbound Staging Priority # 3
PRYSTG4,Staging,STAGING,Outbound Staging Priority # 4
PRYSTG5,Staging,STAGING,Outbound Staging Priority # 5
PRYSTG6,Staging,STAGING,Outbound Staging Priority # 6
PRYSTG7,Staging,STAGING,Outbound Staging Priority # 7
PRYSTG8,Staging,STAGING,Outbound Staging Priority # 8
PRYSTG9,Staging,STAGING,Outbound Staging Priority # 9
R&DSAMP,Other,AREAS,Sample area for Research & Development
REC,Other,AREAS,Receiving Area
RETCONS,Other,AREAS,Return over consumption in PLANT
RETURN,Other,AREAS,Return to Warehouse
SARAH,Staging,STAGING,Sarah Staging Bin
SHIP,Other,AREAS,Shipping Area
STAGE17,Staging,STAGING,Ambient Stage for Access Door 17
STAGE19,Staging,STAGING,Ambient Stage for Door 19
STAGE20,Staging,STAGING,Ambient Stage for Door 20
STAGE21,Staging,STAGING,Ambient Stage for Door 21
STAGE22,Staging,STAGING,Ambient Stage for Door 22
STAGE23,Staging,STAGING,Cold Dock Stage for Door 23
STAGE24,Staging,STAGING,Cold Dock Stage for Door 24
STAGE26,Staging,STAGING,Cold Dock Stage for Door 26
STAGE27,Staging,STAGING,Cold Dock Stage for Door 27
STAGE28,Staging,STAGING,Cold Dock Stage for Door 28
STAGE29,Staging,STAGING,Cold Dock Stage for Door 29
STAGE31,Staging,STAGING,Cold Dock Stage for Door 31
STAGE32,Staging,STAGING,Cold Dock Stage for Door 32
STAGE33,Staging,STAGING,Cold Dock Stage for Door 33
STAGE34,Staging,STAGING,Cold Dock Stage for Door 34
STAGE35,Staging,STAGING,Cold Dock Stage for Door 35
STAGE37,Staging,STAGING,Cold Dock Stage for Door 37
STAGE38,Staging,STAGING,Cold Dock Stage for Door 38
STAGE39,Staging,STAGING,Cold Dock Stage for Door 39
VIRTUAL,System,SYSTEM,Intercompany JustFood to DAX
WMXFTTB,Production,WIP,SC Mixed Fruit & Tropical Blend WIP
WORBBSB,Production,WIP,SN Organic Strawberry & Blueberry WIP
WPAMNGO,Production,WIP,SC Pineapple & Mango WIP
WSBBNCB,Production,WIP,SC Strawberry Banana & Cherry Berry WIP
